NAV_DATE,SECURITY_NAME,INDUSTRY,ASSET_NAME,RATING,ISIN_CODE,TATA ARBITRAGE FUND,TATA BALANCED ADVANTAGE FUND,TATA BUSINESS CYCLE FUND,TATA BANKING & FINANCIAL SERVICES FUND,TATA BSE MULTICAP CONSUMPTION 50-30-20 INDEX FUND,TATA BSE SELECT BUSINESS GROUPS INDEX FUND,TATA BSE QUALITY INDEX FUND,TATA CRISIL-IBX GILT INDEX - APRIL 2026 INDEX FUND,TATA CORPORATE BOND FUND,TATA ETHICAL FUND,TATA DIGITAL INDIA FUND,TATA DIVIDEND YIELD FUND,TATA AGGRESSIVE HYBRID FUND,TATA LARGE & MID CAP FUND,TATA VALUE FUND,TATA FOCUSED FUND,TATA TREASURY ADVANTAGE FUND,TATA FLOATING RATE FUND,TATA LIQUID FUND,TATA GOLD EXCHANGE TRADED FUND,TATA GOLD ETF FUND OF FUND,TATA GILT SECURITIES FUND,TATA HOUSING OPPORTUNITIES FUND,TATA INDIA CONSUMER FUND,TATA NIFTY 50 INDEX FUND,TATA BSE SENSEX INDEX FUND,TATA INDIA INNOVATION FUND,TATA MID CAP FUND,TATA INCOME PLUS ARBITRAGE ACTIVE FOF,TATA INDIA PHARMA & HEALTHCARE FUND,TATA INFRASTRUCTURE FUND,TATA MONEY MARKET FUND,TATA MULTI ASSET ALLOCATION FUND,TATA FLEXI CAP FUND,TATA EQUITY SAVINGS FUND,TATA MULTICAP FUND,TATA NIFTY200 ALPHA 30 INDEX FUND,TATA NIFTY AUTO INDEX FUND,TATA NIFTY CAPITAL MARKETS INDEX FUND,TATA NIFTY 50 EXCHANGE TRADED FUND,TATA NIFTY FINANCIAL SERVICES INDEX FUND,TATA NIFTY G-SEC DEC 2026 INDEX FUND,TATA NIFTY G-SEC DEC 2029 INDEX FUND,TATA NIFTY INDIA DIGITAL EXCHANGE TRADED FUND,TATA NIFTY INDIA DIGITAL ETF FUND OF FUND,TATA NIFTY INDIA TOURISM INDEX FUND,TATA NIFTY MIDCAP 150 INDEX FUND,TATA NIFTY500 MULTICAP INFRASTRUCTURE 50-30-20 INDEX FUND,TATA NIFTY500 MULTICAP INDIA MANUFACTURING 50-30-20 INDEX FUND,TATA NIFTY MIDCAP 150 MOMENTUM 50 INDEX FUND,TATA NIFTY MIDSMALL HEALTHCARE INDEX FUND,TATA NIFTY NEXT 50 INDEX FUND,TATA NIFTY PRIVATE BANK EXCHANGE TRADED FUND,TATA NIFTY REALTY INDEX FUND,TATA NIFTY SDL PLUS AAA PSU BOND DEC 2027 60 40 INDEX FUND,TATA OVERNIGHT FUND,TATA RESOURCES & ENERGY FUND,TATA RETIREMENT SAVINGS FUND-CONSERVATIVE PLAN,TATA RETIREMENT SAVINGS FUND-MODERATE PLAN,TATA RETIREMENT SAVINGS FUND-PROGRESSIVE PLAN,TATA SMALL CAP FUND,TATA SILVER EXCHANGE TRADED FUND,TATA SILVER ETF FUND OF FUND,TATA SHORT TERM BOND FUND,TATA LARGE CAP FUND,TATA ELSS FUND,TATA ULTRA SHORT TERM FUND,TATA CHILDRENS FUND
31-01-2026,BHARAT DYNAMICS LTD.,Aerospace and Defense,Equity Shares,,INE171Z01026,0.046340606,,,,,,,,,,,,,,,,,,,,,,,,,,,,,,,,,,,,,,,,,,,,,,0.382153406,,,,,,,,,,,,,,,,,,,,,
31-01-2026,BHARAT ELECTRONICS LTD.,Aerospace and Defense,Equity Shares,,INE263A01024,1.485115489,0.142236291,,,,,,,,,,3.188724965,,,,,,,,,,,,,1.391490622,1.651067257,,1.341245457,,,,,,,,,2.759529849,,,1.390845267,,,,,,,,,3.616150765,,,,,,,,,,,,,,,,,1.401277427,,
31-01-2026,CYIENT DLM LTD,Aerospace and Defense,Equity Shares,,INE055S01018,,,,,,,,,,,,,,,,,,,,,,,,,,,,,,,0.732953278,,,,,,,,,,,,,,,,,,,,,,,,,,,,,,,,,,,,,
31-01-2026,DATA PATTERNS (INDIA) LTD,Aerospace and Defense,Equity Shares,,INE0IX101010,,,,,,,,,,,,,,,,,,,,,,,,,,,,,,,1.288041283,,,,,,,,,,,,,,,,,,,,,,,,,,,,,,,,,,,,,
31-01-2026,HINDUSTAN AERONAUTICS LTD.,Aerospace and Defense,Equity Shares,,INE066F01020,1.248454241,,,,,,6.058600255,,,,,1.563515183,,,2.121421748,,,,,,,,,,,,,,,,,,,,,,,,,,,,,,,,,,1.970470036,,,3.87445722,,,,,,,,,,,,,,,,
31-01-2026,AWL AGRI BUSINESS LTD.,Agricultural Food & other Products,Equity Shares,,INE699H01024,,,,,0.336477508,,,,,,,,,,,,,,,,,,,1.201862826,,,,,,,,,,,,,,,,,,,,,,,0.268563799,,,,,,,,,,,,,,,,,,,,,
31-01-2026,BALRAMPUR CHINI MILLS LTD.,Agricultural Food & other Products,Equity Shares,,INE119A01028,,,,,,,,,,,,,,,,,,,,,,,,,,,,,,,,,,,,,,,,,,,,,,,,,,,,,,,,,,,,,0.791663368,,,,,,,
31-01-2026,CCL PRODUCTS INDIA LTD.,Agricultural Food & other Products,Equity Shares,,INE421D01022,,,,,,,,,,,,,,,,,,,,,,,,,,,,,,,,,,,,,,,,,,,,,,,,,,,,,,,,,0.630690896,,,,,,,,,,,
31-01-2026,MARICO LTD.,Agricultural Food & other Products,Equity Shares,,INE196A01026,0.977832745,,1.730677887,,1.275096968,,4.273050038,,,,,,,,,,,,,,,,,,,,,2.043793711,,,,,0.298753182,,,1.453348848,,,,,,,,,,,1.039879977,,,1.180816084,,,,,,,,,,,,,,,,,,3.030356483
31-01-2026,PATANJALI FOODS LTD.,Agricultural Food & other Products,Equity Shares,,INE619A01035,0.485987054,,,,0.567932855,,,,,1.084639908,,,1.648286869,0.547523819,,,,,,,,,,,,,,1.780290955,,,,,,,,,,,,,,,,,,,0.458744686,,,,,,,,,,,,,,,,,,,,,
31-01-2026,SUNDROP BRANDS LTD.,Agricultural Food & other Products,Equity Shares,,INE209A01019,,,,,,,,,,,,,,,,,,,,,,,,,,,,,,,,,,,,,,,,,,,,,,,,,,,,,,,,,,,,,1.033792306,,,,,,,
31-01-2026,TATA CONSUMER PRODUCTS LTD.,Agricultural Food & other Products,Equity Shares,,INE192A01025,0.107361432,,,,1.413101069,1.611248771,,,,0.782532004,,,,,,,,,,,,,,4.304213879,0.638800034,,,,,,,,,,,,,,,0.638501823,,,,,,,,,,,,,,,,,,0.712798245,2.025382278,2.127951986,,,,,,,,2.272974978
31-01-2026,TRUALT BIOENERGY LIMITED.,Agricultural Food & other Products,Equity Shares,,INE0MWH01014,,,,,,,,,,,,,0.53450413,,,,,,,,,,,,,,,,,,1.074611856,,,,,,,,,,,,,,,,,,,,,,,,,,,,,,,,,,,,,
31-01-2026,ASHOK LEYLAND LTD.,"Agricultural, Commercial & Construction Vehicles",Equity Shares,,INE208A01029,,,,,,,,,,,,,,,,,,,,,,,,,,,,1.468872878,,,,,,,,,2.960422153,4.717181618,,,,,,,,,1.517123738,2.170286091,1.863573701,3.760449494,,,,,,,,,,,,,,,,,,
31-01-2026,BEML LTD.,"Agricultural, Commercial & Construction Vehicles",Equity Shares,,INE258A01024,,,,,,,,,,,,,,,,,,,,,,,,,,,,,,,,,,,,,,,,,,,,,,,,0.398632717,,,,,,,,,,,,,,,,,,,,
31-01-2026,ESCORTS KUBOTA LTD.,"Agricultural, Commercial & Construction Vehicles",Equity Shares,,INE042A01014,,,,,,,,,,,,,,,,,,,,,,,,,,,,,,,,,,,,,,,,,,,,,,,0.302827411,,,,,,,,,,,,,,,,,,,,,
31-01-2026,TATA MOTORS LTD.,"Agricultural, Commercial & Construction Vehicles",Equity Shares,,INE1TAE01010,,,,,,,,,,0.609406267,,,,,,,,,,,,,,,,,,,,,,,,,,,,,,,,,,,,,,,,,,,,,,,,,,,,,,,,0.768181238,,
31-01-2026,AMARA RAJA ENERGY & MOBILITY LTD.,Auto Components,Equity Shares,,INE885A01032,,,,,0.769258569,,,,,,,,,,,,,,,,,,,,,,,,,,,,,,,,,,,,,,,,,,,0.597409324,0.521967887,,,,,,,,,,,,,,,,,,,
31-01-2026,APOLLO TYRES LTD.,Auto Components,Equity Shares,,INE438A01022,,,,,0.535815662,,,,,,,,,,,,,,,,,,,,,,,,,,,,,,,,,,,,,,,,,,0.429139845,,,,,,,,,,,,,,,,,,,,,
31-01-2026,ASAHI INDIA GLASS LTD.,Auto Components,Equity Shares,,INE439A01020,,,,,0.897936124,,,,,,,,,,,,,,,,,,,,,,,,,,,,,,,,,,,,,,,,,,,0.705499241,,,,,,,,,,,,,,,,,,,,
31-01-2026,ASK AUTOMOTIVE LTD.,Auto Components,Equity Shares,,INE491J01022,,,,,,,,,,,,,,,,,,,,,,,,,,,,,,,,,,,,,,,,,,,,,,,,,,,,,,,,,,,,,1.308706813,,,,,,,
31-01-2026,AUTOMOTIVE AXLES LTD.,Auto Components,Equity Shares,,INE449A01011,,,,,,,,,,,,,,,,,,,,,,,,,,,,,,,,,,,,,,,,,,,,,,,,,,,,,,,,,,,,,0.249665774,,,,,,,
31-01-2026,BALKRISHNA INDUSTRIES LTD.,Auto Components,Equity Shares,,INE787D01026,,,,,0.614201801,,,,,,,,,,,,,,,,,,,,,,,1.084155893,,,,,,,,1.248983067,,,,,,,,,,,0.497575668,,,,,,,,,,,,,,,,,,,,,
31-01-2026,BHARAT FORGE LTD.,Auto Components,Equity Shares,,INE465A01025,0.010163894,,,,1.296788302,,,,,,,,,1.835417778,,,,,,,,,,,,,,1.480093487,,,,,,1.072144964,,,,3.221204975,,,,,,,,,1.036000067,1.48204449,1.272550941,,,,,,,,,,,,,,,,1.487241997,,,
31-01-2026,BOSCH LTD.,Auto Components,Equity Shares,,INE323A01026,0.070614582,,,,0.592292137,,,,,,,,,,,,,,,,,,,,,,,1.008694811,,,,,,,,,,2.655644498,,,,,,,,,,,,,,1.400680672,,,,,,,,,,,,,,,,
31-01-2026,CEAT LTD.,Auto Components,Equity Shares,,INE482A01020,,,,,,,,,,,,,,,1.870504065,,,,,,,,,,,,,,,,,,,,,,,,,,,,,,,,,,,,,,,,,,,,,,,,,,,,,
31-01-2026,CIE AUTOMOTIVE INDIA LTD.,Auto Components,Equity Shares,,INE536H01010,,,,,,,,,,,,,,,,,,,,,,,,,,,,,,,,,,,,,,,,,,,,,,,,,,,,,,,,,,,,,1.256271758,,,,,,,1.017946172
31-01-2026,CRAFTSMAN AUTOMATION LTD.,Auto Components,Equity Shares,,INE00LO01017,,,,,,,,,,,,,,,,,,,,,,,,,,,1.024090734,,,,,,,,,0.663962857,,,,,,,,,,,,,,,,,,,,,,,,,,,,,,,,
31-01-2026,ENDURANCE TECHNOLOGIES LTD.,Auto Components,Equity Shares,,INE913H01037,,,,,0.287035141,,,,,1.156289263,,,,,,,,,,,,,,,,,,,,,,,,,,,,,,,,,,,,,0.230618486,,,,,,,,,,,,,,,,,,,,,
31-01-2026,EXIDE INDUSTRIES LTD.,Auto Components,Equity Shares,,INE302A01020,0.216200828,0.35958728,,,0.486968101,,,,,,,,,,,,,,,,,,,,,,,,,,,,0.349533854,,,,,1.226354977,,,,,,,,,0.394411139,0.564228289,0.48446826,,,,,,,,,0.52679823,1.423824371,1.64514747,,,,,,,,
31-01-2026,JBM AUTO LTD.,Auto Components,Equity Shares,,INE927D01051,,,,,0.169325819,,,,,,,,,,,,,,,,,,,,,,,,,,,,,,,,,,,,,,,,,,,,,,,,,,,,,,,,,,,,,,,
31-01-2026,KROSS LTD,Auto Components,Equity Shares,,INE0O6601022,,,,,,,,,,,,,,,,,,,,,,,,,,,,,,,0.823398178,,,,,,,,,,,,,,,,,,,,,,,,,,,,,,,,,,,,,0.98804295
31-01-2026,MM FORGINGS LTD.,Auto Components,Equity Shares,,INE227C01017,,,,,,,,,,,,,,,,,,,,,,,,,,,,,,,,,,,,,,,,,,,,,,,,,,,,,,,,,,,,,0.599456587,,,,,,,
31-01-2026,MOTHERSON SUMI WIRING INDIA LTD.,Auto Components,Equity Shares,,INE0FS801015,,,,,0.811595475,,,,,1.10148883,,,,,,,,,,,,,,,,,,,,,,,,,,,,,,,,,,,,,,0.637678386,,,,,,,,,,,,,,,,,,,,
31-01-2026,MRF LTD.,Auto Components,Equity Shares,,INE883A01011,,,,,0.878747359,,,,,0.860756114,,,,,,,,,,,,,,,,,,,,,,,,,,,,,,,,,,,,,0.721245655,,,1.275736532,,,,,,,,,,,,,,,,,,1.513903912
31-01-2026,PRICOL LTD.,Auto Components,Equity Shares,,INE726V01018,,,,,,,,,,,,,,,,,,,,,,,,1.002049371,,,0.987374767,,,,,,,,,,,,,,,,,,,,,,,,,,,,,,,,1.054236734,,,,,,,2.101445486,,
31-01-2026,RAMKRISHNA FORGINGS LTD.,Auto Components,Equity Shares,,INE399G01023,,,,,,,,,,,,,,,,,,,,,,,,,,,,,,,,,,,,,,,,,,,,,,,,0.305484927,,,,,,,,,,,,,,,,,,,,
31-01-2026,SAMVARDHANA MOTHERSON INTERNATIONAL LTD.,Auto Components,Equity Shares,AAA,INE775A01035,0.621627808,,,,0.954094829,,,,,0.975382309,,1.095812307,0.839850195,,,3.54476211,,,,,,,,,,,1.064311218,,,,,,,1.464247216,,0.971278332,,4.202954084,,,,,,,,,,,,,,2.216778526,,,,,,,,,,,,,1.983776853,2.522069409,,
31-01-2026,SCHAEFFLER (I) LTD.,Auto Components,Equity Shares,,INE513A01022,,,,,0.494915752,,,,,0.587337652,,,,,,,,,,,,,,,,,,,,,1.737341427,,,,,,,,,,,,,,,,0.392771644,,,,,,,,,,,,,,,,,,,,,
31-01-2026,SHRIRAM PISTONS & RINGS LTD.,Auto Components,Equity Shares,,INE526E01018,,,,,,,,,,,,,,,,,,,,,,,,,,,,,,,,,,,,1.152616429,,,,,,,,,,,,,,,,,,,,,,,,,,,,,,1.3246701,,
31-01-2026,SKF INDIA LTD.,Auto Components,Equity Shares,,INE640A01023,,,,,,,,,,,,,,,,,,,,,,,,,,,,,,,0.70106728,,,,,,,,,,,,,,,,,,,,,,,,,,,,,,,,,,,,,
31-01-2026,SONA BLW PRECISION FORGINGS LTD.,Auto Components,Equity Shares,,INE073K01018,0.018901069,,,,0.745758091,,,,,,,,,,,,,,,,,,,,,,0.992590739,,,,,,,1.469664354,,,,1.862454826,,,,,,,,,0.598986776,0.856823385,0.73576972,,,,,,,,,,,,,,,,,,,
31-01-2026,SUNDARAM CLAYTON LTD.,Auto Components,Equity Shares,,INE0Q3R01026,,,,,,,,,,,,,,,,,,,,,,,,,,,,,,,,,,,,,,,,,,,,,,,,,,,,,,,,,,,,,1.74107058,,,,,,,
31-01-2026,SUNDRAM FASTENERS LTD.,Auto Components,Equity Shares,,INE387A01021,,,,,,,,,,0.789981916,,,,1.708261662,,,,,,,,,,,,,,,,,,,,,,,,,,,,,,,,,,0.611645484,0.534400676,,,,,,,,,,,,,,,,,,,
31-01-2026,TENNECO CLEAN AIR INDIA LIMITED.,Auto Components,Equity Shares,,INE19RI01016,,0.707180006,,,,,,,,,,,,,,,,,,,,,,,,,,,,,,,,,,,,,,,,,,,,,,,,,,,,,,,,,,,,,,,,0.307833239,,
31-01-2026,TUBE INVESTMENTS OF INDIA LIMITED.,Auto Components,Equity Shares,,INE974X01010,0.23915058,,,,0.834950783,,,,,,,,,1.188212594,,,,,,,,,,,,,,,,,,,,,,,,2.089850108,,,,,,,,,0.672084248,0.961432337,0.825513831,,,,,,,,,,,,,,,,,,,
31-01-2026,UNO MINDA LTD.,Auto Components,Equity Shares,,INE405E01023,,,,,0.710239007,,,,,0.918029883,,1.495928568,,,,,,,,,,,,,,,,2.209827483,,,,,,,0.560779665,1.37501219,,1.796215811,,,,,,,,,0.577676589,0.826440602,,1.125305798,,,,,,,,,,,,,,,,1.141162409,,
31-01-2026,ZF COMMERCIAL VEHICLE CONTROL SYSTEMS INDIA LTD.,Auto Components,Equity Shares,,INE342J01019,,,,,0.849670466,,,,,,,,,,,,,,,,,,,,,,1.541263819,1.582540703,,,2.30840558,,,,,,,,,,,,,,,,,0.65775022,,,,,,,,,,,,,,,,,,,,
31-01-2026,ATHER ENERGY LTD.,Automobiles,Equity Shares,,INE0LEZ01016,,,,,0.654429478,,,,,,,,,,,,,,,,,,,,,,,,,,,,,,,,,,,,,,,,,,,,,,,,,,,,,,,,,,,,,,,
31-01-2026,BAJAJ AUTO LTD.,Automobiles,Equity Shares,,INE917I01010,,,,,2.042987882,,,,,,,1.127399256,,,,,,,,,,,,3.070710261,0.920657349,,,,,,,,,,,,,8.918363753,,0.920142063,,,,,,,,,2.392309317,,,,,,,,,,,,,,,,,,,
31-01-2026,EICHER MOTORS LTD.,Automobiles,Equity Shares,,INE066A01021,0.002078219,,,,1.863107872,,,,,,,,,,,,,,,,,,,,0.848246389,,,,,,,,,,,,3.678947776,8.217116719,,0.847851321,,,,,,,,,2.204186159,,,,,,,,,,,,,,,,,,,
31-01-2026,FORCE MOTORS LTD.,Automobiles,Equity Shares,,INE451A01017,,,,,0.690328518,,,,,,,,,,,,,,,,,,,,,,,,,,,,,,,,,,,,,,,,,,,,,,,,,,,,,,,,,,,,,,,
31-01-2026,HERO MOTOCORP LTD.,Automobiles,Equity Shares,,INE158A01026,0.065799956,,,,2.419643845,,5.915397298,,,2.54351458,,,0.960558514,,3.275639364,,,,,,,,,,,,2.400704756,,,,,,1.062479791,,,,,6.020221098,,,,,,,,,1.936179851,,2.378020207,4.970805625,,,,,,,,,,,,,,,1.403441559,,,
31-01-2026,HYUNDAI MOTOR INDIA LTD.,Automobiles,Equity Shares,,INE0V6F01027,,,0.99156846,,0.579449353,,,,,0.72975902,,,,,,,,,,,,,,1.093045229,,,,,,,,,,,,,,,,,,,,,,,,,,,,1.384272271,,,,,,,,,,,,,1.349825938,,,
31-01-2026,MAHINDRA & MAHINDRA LTD.,Automobiles,Equity Shares,,INE101A01026,0.388853022,1.48958362,,,5.863299348,9.038385381,,,,,,,2.212493222,,,3.347166643,,,,,,,,,2.650704605,3.154829801,2.061345173,,,,,,1.102809014,,,2.13227186,1.571697028,25.67788095,,2.649445222,,,,,,,,,6.888574883,,,,,,,,,,,,,,,,3.381800717,,,
31-01-2026,MARUTI SUZUKI INDIA LTD.,Automobiles,Equity Shares,,INE585B01010,0.285401827,,,,3.676999644,,,,,,,,1.086002923,,,,,,,,,,,1.622544437,1.657495513,1.979163528,1.607656623,,,,,,,2.551918543,,,3.215519707,16.05653643,,1.656636534,,,,,,,,,4.307563081,,,,,,,,,,,,,,,,2.7503223,,,
31-01-2026,OLA ELECTRIC MOBILITY LTD.,Automobiles,Equity Shares,,INE0LXG01040,,,,,0.426820159,,,,,,,,,,,,,,,,,,,,,,,,,,,,,,,,,,,,,,,,,,,,,,,,,,,,,,,,,,,,,,,
31-01-2026,TATA MOTORS PASSENGER VEHICLES LTD.,Automobiles,Equity Shares,,INE155A01022,0.051750107,,,,1.401570421,1.598157369,,,,,,,,0.904931904,,,,,,,,,,,0.63334192,,,,,,,,1.37049776,,3.089445342,,,6.13529105,,0.633044892,,,,,,,,,1.645897887,,,,,,,,,,,,,,,,,,,1.002425121
31-01-2026,TVS MOTOR COMPANY LTD.,Automobiles,Equity Shares,,INE494B01023,0.516694194,,,,1.635303059,,,,,,,1.89630525,,,,,,,,,,,,,,,,,,,,,,,0.72611931,,3.617515659,7.236900645,,,,,,,,,,,,,,3.816822767,,,,,,,,,,,,,,,,
31-01-2026,AU SMALL FINANCE BANK LTD.,Banks,Equity Shares,,INE949L01017,0.32532763,,,,,,,,,,,1.557359085,,,,,,,,,,,,,,,,2.751056114,,,,,,,,,5.094308904,,,,,,,,,,1.49447332,,,4.57798918,,,,,,,,,,,,,,,,,,
31-01-2026,AXIS BANK LTD.,Banks,Equity Shares,,INE238A01034,1.241643533,1.286515983,3.950033162,9.255846332,,,,,,,,1.410605279,2.038849792,,,5.705434834,,,,,,,1.265414782,,3.398326899,4.016609007,4.99374353,,,,,,2.78223574,3.388340409,5.506926197,3.929848911,,,,3.396743355,11.09862159,,,,,,,,,,,,21.35061577,,,,,,,,,,,,4.071161589,,,3.237599751
31-01-2026,BANDHAN BANK LTD.,Banks,Equity Shares,,INE545U01014,0.542030951,,,,,,,,,,,,,,,,,,,,,,,,,,,,,,,,,,,1.478281607,,,,,,,,,,,,,,,,,1.032648732,,,,,,,,,,,,,,,
31-01-2026,BANK OF BARODA,Banks,Equity Shares,,INE028A01039,0.59537751,,1.580880607,3.41068753,,,,,,,,,,,,,,,,,,,,,,,0.799278312,,,,,,0.965186056,,,,,,,,,,,,,,,,,,,2.455557136,,,,,,0.411331261,1.20971428,1.439160063,,,,,,,,1.028856727
31-01-2026,BANK OF INDIA,Banks,Equity Shares,,INE084A01016,0.516226022,,,,,,,,,,,,,,,,,,,,,,,,,,,,,,,,,,,,2.813163039,,,,,,,,,,0.53755909,,,1.081513789,,,,,,,,,,,,,,,,,,
31-01-2026,BANK OF MAHARASHTRA,Banks,Equity Shares,,INE457A01014,,,,,,,,,,,,,,,,,,,,,,,,,,,,,,,,,,,,,,,,,,,,,,,0.358261535,,,,,,,,,,,,,,,,,,,,,
31-01-2026,CANARA BANK,Banks,Equity Shares,,INE476A01022,,,,,,,,,,,,,,,,,,,,,,,,,,,,,,,,,,,,,3.931004505,,,,,,,,,,,,,,,2.197248234,,,,,,,,,,,,,,,,
31-01-2026,CITY UNION BANK LTD.,Banks,Equity Shares,,INE491A01021,,,,1.972312038,,,,,,,,,,,,,,,,,,,,,,,,,,,,,,,,,,,,,,,,,,,,,,,,,,,,,,,,,,,,,,2.180841683,,3.28361881
31-01-2026,DCB BANK LTD.,Banks,Equity Shares,,INE503A01015,,,1.226675682,1.789854282,,,,,,,,,,,,,,,,,,,,,,,,,,,,,,,,,,,,,,,,,,,,,,,,,,,,,,,,,2.104090531,,,,,,,1.921206091
31-01-2026,EQUITAS SMALL FINANCE BANK LTD.,Banks,Equity Shares,,INE063P01018,,,,,,,,,,,,,,,,,,,,,,,,,,,,,,,,,,,,0.893564595,,,,,,,,,,,,,,,,,,,,,,,,,,,,,,,,
31-01-2026,FEDERAL BANK LTD.,Banks,Equity Shares,,INE171A01029,,1.257814046,,,,,,,,,,,,,,,,,,,,,,,,,,3.223357853,,,,,1.669810936,,,2.108769747,,,,,,,,,,,1.908372347,,,4.57773286,,,5.357850738,,,,,,,,,,,,,1.649461609,,
31-01-2026,HDFC BANK LTD.,Banks,Equity Shares,,INE040A01034,5.123480867,4.633091207,5.000466859,17.35373144,,,,,,,,4.028601927,2.765033814,9.837789912,5.557239563,7.590860517,,,,,,,9.554487107,,12.2991467,14.52436183,2.641973214,,,,,,3.801301852,6.361568249,7.104054637,2.812821476,,,,12.29344,17.88088182,,,,,,,,,,,,19.86210699,,,,,0.982039912,4.438060495,5.00856772,,,,,8.658522428,6.970373763,,6.918752215
31-01-2026,ICICI BANK LTD.,Banks,Equity Shares,,INE090A01021,3.160547176,3.023942875,,15.8153794,,,,,,,,3.870373429,5.152065611,3.834851645,7.467272293,5.989370415,,,,,,,6.579751416,,8.37416563,9.94132574,4.322683448,,,,,,3.659478047,4.991347781,5.790191769,1.791733386,,,,8.370263529,14.11428537,,,,,,,,,,,,21.27712893,,,,,1.360377592,3.72754098,4.421827737,,,,,9.034103449,6.23191485,,3.88026293
31-01-2026,IDBI BANK LTD.,Banks,Equity Shares,,INE008A01015,,,,,,,,,,,,,,,,,,,,,,,,,,,,,,,,,,,,,,,,,,,,,,,0.150466509,,,,,,,,,,,,,,,,,,,,,
31-01-2026,IDFC FIRST BANK LTD.,Banks,Equity Shares,,INE092T01019,0.03279768,,,1.118613031,,,,,,,,0.497555082,1.284933605,4.964393604,,,,,,,,,1.70824514,,,,,1.09230104,,,,,,,,1.078557701,,,,,,,,,,,1.491230344,,,2.750608325,,,4.186716932,,,,,0.317981195,0.941253958,1.253176056,4.642507777,,,,,,,
31-01-2026,INDIAN BANK,Banks,Equity Shares,,INE562A01011,,,,,,,,,,,,2.052967959,,,,,,,,,,,,,,,,3.124191428,,,,,,,,1.888214401,5.093542923,,,,,,,,,,0.868488946,,,2.698360198,,,,,,,,,,,,,,,,,,
31-01-2026,INDIAN OVERSEAS BANK,Banks,Equity Shares,,INE565A01014,,,,,,,,,,,,,,,,,,,,,,,,,,,,,,,,,,,,,,,,,,,,,,,0.140247249,,,,,,,,,,,,,,,,,,,,,
31-01-2026,INDUSIND BANK LTD.,Banks,Equity Shares,,INE095A01012,0.350495248,0.544103365,,2.049995314,,,,,,,,1.267421086,,,,,,,,,,,,,,,,1.003805724,,,,,1.299932737,1.567600634,,,,,,,,,,,,,1.590778057,,,,,,4.466283883,,,,,,,,,,,,1.623243303,1.093136997,,1.283064063
31-01-2026,KARUR VYSYA BANK LTD.,Banks,Equity Shares,,INE036D01028,,,,,,,,,,,,,,,,,,,,,,,,,,,1.915142557,,,,,,,,,,,,,,,,,,,,,,,,,,,,,,,0.707827291,1.943290218,2.265462631,,,,,,,,
31-01-2026,KOTAK MAHINDRA BANK LTD.,Banks,Equity Shares,,INE237A01036,1.290074277,,2.061497214,,,,,,,,,,2.529221138,0.728273803,4.621809862,,,,,,,,,,2.595856927,3.082014397,,,,,,,1.516542872,1.450018748,,,,,,2.594651919,9.255678839,,,,,,,,,,,,18.03709882,,,,,0.646767206,1.666045761,1.979172523,,,,,3.687974003,,,3.505123119
31-01-2026,PUNJAB NATIONAL BANK,Banks,Equity Shares,,INE160A01022,0.529415629,,,,,,,,,,,,,,,,,,,,,,,,,,,,,,,,,,,,,,,,,,,,,,,,,,,1.908314954,,,,,,,,,,,,,,,,
31-01-2026,RBL BANK LTD.,Banks,Equity Shares,,INE976G01028,0.459890448,,,,,,,,,,,1.798292615,3.333550654,,,,,,,,,,,,,,1.315946068,,,,,,0.925229243,,,,,,,,,,,,,,,,,,,,1.361230167,,,,,,,,,,,,,,,
31-01-2026,STATE BANK OF INDIA,Banks,Equity Shares,,INE062A01020,0.946022617,3.03100659,,9.494639653,,,,,,,,2.54160442,3.205118292,5.569189544,2.528325325,,,,,,,,4.140842728,,3.866939707,4.595138098,0.718889975,,,,,,2.900318703,,6.098700339,4.255826017,,,,3.865143008,11.19999626,,,,,,,,,,,,,,,,,,,,,,,,3.203881767,4.812483727,,
31-01-2026,UCO BANK,Banks,Equity Shares,,INE691A01018,,,,,,,,,,,,,,,,,,,,,,,,,,,,,,,,,,,,,,,,,,,,,,,0.089563807,,,,,,,,,,,,,,,,,,,,,
31-01-2026,UJJIVAN SMALL FINANCE BANK LTD.,Banks,Equity Shares,,INE551W01018,,,,,,,,,,,,,,,,,,,,,,,,,,,0.436279419,,,,,,,,,0.794359404,,,,,,,,,,,,,,,,,,,,,,,,,,,,,,,,
31-01-2026,UNION BANK OF INDIA,Banks,Equity Shares,,INE692A01016,0.442266109,,,,,,,,,,,,,,,,,,,,,,,,,,,,,,,,,,,,,,,,,,,,,,0.941553527,,,,,,,,,,,,,,,,,,,,,
31-01-2026,YES BANK LTD.,Banks,Equity Shares,,INE528G01035,0.33578663,,,,,,,,,,,,,,,,,,,,,,,,,,,,,,,,,,,,,,,,,,,,,,1.013298086,,,,,,2.844928004,,,,,,,,,,,,,,,
31-01-2026,RADICO KHAITAN LTD.,Beverages,Equity Shares,,INE944F01028,,,,,1.641292779,,,,,,,2.247521978,,,2.86554888,,,,,,,,,5.093957357,,,,,,,,,,,,0.987956674,,,,,,,,,,,,,,,,,,,,,,0.66416933,2.978269566,3.112381384,,,,,,1.026171395,,
31-01-2026,UNITED BREWERIES LTD.,Beverages,Equity Shares,,INE686F01025,,,,,0.352481766,,,,,,,,,1.912977547,,,,,,,,,,,,,,,,,,,,,,,,,,,,,,,,,0.285873038,,,,,,,,,,,,,,,,,,,,,
31-01-2026,UNITED SPIRITS LTD.,Beverages,Equity Shares,,INE854D01024,0.487171048,,,,0.756612058,,,,,,,,,,,,,,,,,,,2.228252622,,,,,,,,,,,,,,,,,,,,,,,,,,,,1.779086051,,,,,,,,,,,,,,,,1.990033651
31-01-2026,VARUN BEVERAGES LTD.,Beverages,Equity Shares,,INE200M01039,1.062979302,0.60992939,1.452441047,,1.215446999,,,,,,,0.96170714,1.981088007,4.060840447,,,,,,,,,,4.121209386,,,,,,,,,,,,,,,,,,,,,,,,,,,,2.851029608,,,,,,,,,,,,,,,,
31-01-2026,360 ONE WAM LTD.,Capital Markets,Equity Shares,,INE466L01038,,,1.130609483,,,,,,,,,0.971484024,,,,,,,,,,,,,,,,,,,,,,,,,,,8.008811576,,,,,,,,0.777225751,,,,,,,,,,,0.641325167,1.924168926,2.274238107,,,,,,,,
31-01-2026,ADITYA BIRLA SUN LIFE AMC LTD.,Capital Markets,Equity Shares,,INE404A01024,,,,,,,,,,,,,,,,,,,,,,,,,,,,,,,,,,,,,,,1.53349083,,,,,,,,,,,,,,,,,,,,,,,,,,,,,
31-01-2026,ANAND RATHI WEALTH LTD,Capital Markets,Equity Shares,,INE463V01026,,,,,,,,,,,,,,,,,,,,,,,,,,,,,,,,,,,,,,,3.413315122,,,,,,,,,,,,,,,,,,,,,,,,,,,,,
31-01-2026,ANGEL ONE LTD.,Capital Markets,Equity Shares,,INE732I01013,,,,,,,,,,,,,,,,,,,,,,,,,,,,,,,,,,,,,,,4.54904116,,,,,,,,,,,,,,,,,,,,,,,,,,,,,
31-01-2026,BILLIONBRAINS GARAGE VENTURES LIMITED (GROWW),Capital Markets,Equity Shares,,INE0HOQ01053,,,,0.660582687,,,,,,,0.354127725,,,,,,,,,,,,,1.397212896,,,,0.365381829,,,,,,,,,,,,,,,,,,,,,,,,,,,,,,0.467743734,1.324109211,1.56146481,,,,,,0.387753776,,
31-01-2026,BSE LTD.,Capital Markets,Equity Shares,,INE118H01025,0.324915743,,,,,,,,,,,,,,,,,,,,,,,3.181856979,,,,,,,,,,,,,5.338415926,,21.22845245,,3.525979254,,,,,,3.08102618,,,5.346244965,,,,,,,,1.108460708,3.486531729,3.947055648,,,,,,,,
31-01-2026,CENTRAL DEPOSITORY SERVICES (INDIA) LTD.,Capital Markets,Equity Shares,,INE736A01011,0.074409905,,,,,,,,,,,,,,,,,,,,,,,,,,,,,,,,,,0.440650364,,,,6.532714855,,,,,,,,,,,,,,,,,,,,,,,,,,,,,
31-01-2026,COMPUTER AGE MANAGEMENT SERVICES LTD,Capital Markets,Equity Shares,,INE596I01020,0.00937965,,,,,,,,,,,,,,,,,,,,,,,,,,,,,,,,,,,,,,4.636305071,,,,,,,,,,,,,,,,,,,,,,,,,,,,,
31-01-2026,HDFC ASSET MANAGEMENT COMPANY LTD.,Capital Markets,Equity Shares,,INE127D01025,1.269516221,,,,,,4.462855404,,,,,1.893344971,,,,,,,,,,,,1.96752265,,,,,,,,,,,,1.042049132,1.571476936,,14.22133881,,,,,,,,1.380077277,,,2.426066962,,,,,,,,,,,,,,,,,,
31-01-2026,ICICI PRUDENTIAL ASSET MANAGEMENT COMPANY LTD.,Capital Markets,Equity Shares,,INE346A01027,,0.152280367,,2.303800523,,,,,,,,1.216615255,1.289915178,,,,,,,,,,,,,,,,,,,,,,,,,,,,,,,,,,,,,,,,,,,,,,,,,,,,1.763971647,1.238247966,,
31-01-2026,INDIAN ENERGY EXCHANGE LTD.,Capital Markets,Equity Shares,,INE022Q01020,0.023121918,,,,,,,,,,,,,,,,,,,,,,,,,,,,,,,,,,,,,,2.799122473,,,,,,,,,,,,,,,,,,,,,,,,,,,,,
31-01-2026,KFIN TECHNOLOGIES LTD.,Capital Markets,Equity Shares,,INE138Y01010,,,,,,,,,,,,,,,,,,,,,,,,,,,,,,,,,,,,,,,3.754727187,,,,,,,,,,,,,,,,,,,,,,,,,,,,,
31-01-2026,MOTILAL OSWAL FINANCIAL SERVICE LTD.,Capital Markets,Equity Shares,,INE338I01027,,,,2.14606178,,,,,,,,1.177739775,,,3.55289999,,,,,,,,,,,,,,,,,,,,,0.528227186,,,3.244003371,,,,,,,,0.31479933,,,,,,,,,,,,,,,,,,,2.056586872,,
31-01-2026,MULTI COMMODITY EXCHANGE OF IND LTD.,Capital Markets,Equity Shares,,INE745G01043,0.460247562,0.485352426,,,,,,,,,,,,,,,,,,,,,,3.145453896,,,,,,,,,,,,,,,17.91517395,,,,,,,,,,,,,,,,,,,1.02857122,2.900809376,3.434413509,,,,,,,,
31-01-2026,NIPPON LIFE INDIA  ASSET MANAGEMENT LTD.,Capital Markets,Equity Shares,,INE298J01013,,,,0.491955176,,,1.379853932,,,,,,,,,,,,,,,,,,,,,,,,,,,,,,,,4.335290662,,,,,,,,0.420698659,,,0.68189767,,,,,,,,0.844465553,2.226891955,2.594475563,,,,,,,,
31-01-2026,NUVAMA WEALTH MANAGEMENT LTD,Capital Markets,Equity Shares,,INE531F01023,,,,,,,,,,,,,,,,,,,,,,,,,,,,,,,,,,,,,,,2.84010793,,,,,,,,,,,,,,,,,,,,,,,,,,,,,
31-01-2026,UTI ASSET MANAGEMENT COMPANY LTD.,Capital Markets,Equity Shares,,INE094J01016,,,,,,,,,,,,,,,0.702009966,,,,,,,,,,,,,,,,,,,,,,,,1.129954605,,,,,,,,,,,,,,,,,,,,,,,,,,,,,
31-01-2026,ACC LTD.,Cement & Cement Products,Equity Shares,,INE012A01025,,0.000435276,,,,,,,,,,,,2.256870783,0.957652114,,,,,,,,,,,,,,,,1.341103334,,,,,,,,,,,,,,,,0.269139901,,,,,,,,,,,,,,,,,,,,,
31-01-2026,AMBUJA CEMENTS LTD.,Cement & Cement Products,Equity Shares,,INE079A01024,0.547815165,1.102616592,2.951037021,,,0.927317216,,,,,,,,1.570017244,,3.783425064,,,,,,,4.196857414,,,,,,,,1.984002252,,0.69307431,2.629816322,3.086468416,0.959038179,,,,,,,,,,,,,,,,1.375328942,,,,,4.641639723,,,,,,,,1.474449857,1.117276879,,
31-01-2026,DALMIA BHARAT LTD.,Cement & Cement Products,Equity Shares,,INE00R701025,0.293478195,,,,,,,,,,,,,,,,,,,,,,,,,,,,,,,,,,,,,,,,,,,,,,0.443485674,,,0.465247695,,,,,,,,,,,,,,,,,,
31-01-2026,GRASIM INDUSTRIES LTD.,Cement & Cement Products,Equity Shares,,INE047A01021,0.405098046,0.215139379,,,,3.159655686,,,,,,,,,,,,,,,,,,,0.931784198,,,,,,0.076918167,,,,,,,,,0.931349492,,,,,,,,1.716341998,,,,,,,,,1.632202234,,,,,,,,,,,
31-01-2026,J K CEMENT LTD.,Cement & Cement Products,Equity Shares,,INE823G01014,,,,,,,,,,,,,,,,,,,,,,,,,,,,1.649970887,,,,,,0.684750093,,,,,,,,,,,,,0.62312087,,,1.042123024,,,,,,,,,,,,,,,,,,
31-01-2026,JSW CEMENT LTD.,Cement & Cement Products,Equity Shares,,INE718I01012,,,,,,,,,,,,,1.132694329,,,,,,,,,,,,,,,,,,,,,,,,,,,,,,,,,,,,,,,,,,,,,,,,,,,,1.416800642,,,
31-01-2026,NUVOCO VISTAS CORPORATION LTD.,Cement & Cement Products,Equity Shares,,INE118D01016,,,1.435191598,,,,,,,,,,,,,,,,,,,,,,,,,,,,1.971914115,,,0.810851549,,,,,,,,,,,,,,,,,,,,,,,,,,,,,,,,,,
31-01-2026,SHREE CEMENT LTD.,Cement & Cement Products,Equity Shares,,INE070A01015,,1.498088988,2.193771839,,,,,,,,,,,,,,,,,,,,,,,,,,,,,,,,,,,,,,,,,,,,,,,,,1.595365461,,,,,1.152852114,,,,,,,,,,,2.318278121
31-01-2026,THE RAMCO CEMENTS LTD.,Cement & Cement Products,Equity Shares,,INE331A01037,,,2.117358549,,,,,,,,,,,1.517975704,,,,,,,,,1.16209004,,,,,1.465026879,,,4.045738969,,0.640566074,1.358824964,,,,,,,,,,,,,,0.822818247,,,,,,,,,2.346711678,,,,1.308285888,,,,,,,
31-01-2026,ULTRATECH CEMENT LTD.,Cement & Cement Products,Equity Shares,,INE481G01011,0.008951052,0.301096901,,,,4.402444387,,,,2.771459037,,0.931456379,2.706970832,0.875090651,,3.955054105,,,,,,,8.92970583,,1.302019961,1.536563688,,,,,3.113455345,,1.047085692,,0.294356228,1.130488895,,,,1.30132792,,,,,,,,2.398319423,,,,,,,,,7.349831556,,,,,,,,,1.946074467,,
31-01-2026,AARTI INDUSTRIES LTD.,Chemicals & Petrochemicals,Equity Shares,,INE769A01020,,,,,,,,,,,,,,,,,,,,,,,,,,,,,,,,,,,,,,,,,,,,,,,,,0.387795717,,,,,,,,2.153592128,,,,,,,,,,,
31-01-2026,ATUL LTD.,Chemicals & Petrochemicals,Equity Shares,,INE100A01010,,,,,,,,,,,,,,,,,,,,,,,,,,,,,,,,,,,,,,,,,,,,,,,,,0.502121635,,,,,,,,,,,,,,,,,,,
31-01-2026,BASF INDIA LTD.,Chemicals & Petrochemicals,Equity Shares,,INE373A01013,,,,,,,,,,,,,,1.183537565,,,,,,,,,,,,,,,,,,,,,,,,,,,,,,,,,,,,,,,,,,,,,,,2.585614736,,,,,,,
31-01-2026,CHEMPLAST SANMAR LTD,Chemicals & Petrochemicals,Equity Shares,,INE488A01050,,,,,,,,,,,,0.269548579,,,,,,,,,,,,,,,,,,,,,,,,,,,,,,,,,,,,,,,,,,,,,,,,,,,,,,,,0.819795033
31-01-2026,DEEPAK NITRITE LTD.,Chemicals & Petrochemicals,Equity Shares,,INE288B01029,,,,,,,,,,,,,,,,,,,,,,,,,,,,,,,,,,,,,,,,,,,,,,,0.304059709,,,,,,,,,,,,,,,,,,,,,
31-01-2026,ELANTAS BECK INDIA LTD.,Chemicals & Petrochemicals,Equity Shares,,INE280B01018,,,,,,,,,,,,,,0.951398977,,,,,,,,,,,,,,,,,,,,,,,,,,,,,,,,,,,,,,,,,,,,,,,1.594271352,,,,,,,
31-01-2026,ELLENBARRIE INDUSTRIAL GASES.,Chemicals & Petrochemicals,Equity Shares,,INE236E01022,,,,,,,,,,,,,,,,,,,,,,,,,,,,,,,0.601256347,,,,,,,,,,,,,,,,,,,,,,,,,,1.269917005,,,,,,,,,,,
31-01-2026,GUJARAT FLUOROCHEMICALS LTD.,Chemicals & Petrochemicals,Equity Shares,,INE09N301011,,,,,,,,,,,,,,,,,,,,,,,,,,,,,,,,,,,,,,,,,,,,,,,0.346915592,,,,,,,,,,,,,,,,,,,,,
31-01-2026,HIMADRI SPECIALITY CHEMICAL LTD.,Chemicals & Petrochemicals,Equity Shares,,INE019C01026,,,,,,,,,,,,,,,,,,,,,,,,,,,,,,,,,,,,,,,,,,,,,,,,,0.548906173,,,,,,,,,,,,,,,,,,,
31-01-2026,LINDE INDIA LTD.,Chemicals & Petrochemicals,Equity Shares,,INE473A01011,,,,,,,,,,0.585233506,,,,,,,,,,,,,,,,,,0.672900456,,,0.928170485,,,,,,,,,,,,,,,,0.340528479,,,,,,,,,,,,,,,,,,,,,
31-01-2026,NAVIN FLUORINE INTERNATIONAL LTD.,Chemicals & Petrochemicals,Equity Shares,,INE048G01026,,,,,,,,,,,,1.851808566,,,,,,,,,,,,,,,,1.137766124,,,,,,,,,,,,,,,,,,,,,1.137922121,,,,,,,,3.021450979,,,,,,,,,,,
31-01-2026,NEOGEN CHEMICALS LTD.,Chemicals & Petrochemicals,Equity Shares,,INE136S01016,,,,,,,,,,,,,,,,,,,,,,,,,,,0.760085333,,,,,,,,,,,,,,,,,,,,,,,,,,,,,,,,,,,,,,,,,
31-01-2026,PCBL CHEMICAL LTD.,Chemicals & Petrochemicals,Equity Shares,,INE602A01031,,,,,,,,,,,,,,,,,,,,,,,,,,,1.035778891,,,,,,,,,,,,,,,,,,,,,,,,,,,,,,,,,,1.071033743,,,,,,,
31-01-2026,PIDILITE INDUSTRIES  LTD.,Chemicals & Petrochemicals,Equity Shares,,INE318A01026,0.000347975,,,,,,,,,,,,,,,,,,,,,,,1.017508831,,,,,,,,,,1.454459135,,,,,,,,,,,,,,,,,,1.964618937,,,,,,,,,,,,,,,,
31-01-2026,S H KELKAR AND COMPANY LTD.,Chemicals & Petrochemicals,Equity Shares,,INE500L01026,,,,,,,,,,,,,,,,,,,,,,,,,,,,,,,,,,,,,,,,,,,,,,,,,,,,,,,,,,,,,,,,,,,,0.622803678
31-01-2026,SOLAR INDUSTRIES INDIA LTD.,Chemicals & Petrochemicals,Equity Shares,,INE343H01029,0.598833423,,,,,,,,,,,,,,,,,,,,,,,,,,,,,,,,,,,,1.716071284,,,,,,,,,,,,,,,1.451303269,,,,,,1.346226917,3.591563487,4.22606331,,,,,,,,
31-01-2026,SRF LTD.,Chemicals & Petrochemicals,Equity Shares,,INE647A01010,0.052317847,,,,,,,,,2.726373947,,,,,,,,,,,,,,,,,,,,,,,,,,,,,,,,,,,,,1.102195921,,1.353860303,1.640139422,,,,,,,0.955088518,,,,,,,,,,,
31-01-2026,SUDARSHAN CHEMICAL INDUSTRIES LTD.,Chemicals & Petrochemicals,Equity Shares,,INE659A01023,,,,,,,,,,,,,,1.200157226,,,,,,,,,,,,,,,,,,,,,,,,,,,,,,,,,,,,,,,,,,,,,,,4.090055814,,,,,,,
31-01-2026,TATA CHEMICALS LTD.,Chemicals & Petrochemicals,Equity Shares,,INE092A01019,,,,,,,,,,1.294011152,,,,,,,,,,,,,,,,,,0.856780825,,,,,,,,,,,,,,,,,,,,,0.592231671,,,,,,,,,,,,,,,,,,,
31-01-2026,VINATI ORGANICS LTD.,Chemicals & Petrochemicals,Equity Shares,,INE410B01037,,,,,,,,,,,,,,,,,,,,,,,,,,,,,,,,,,,,0.851234665,,,,,,,,,,,,,,,,,,,,,,,,,,,,,,,,
31-01-2026,GODFREY PHILLIPS INDIA LTD.,Cigarettes & Tobacco Products,Equity Shares,,INE260B01028,,,,,0.277370495,,,,,,,,,,,,,,,,,,,,,,,,,,,,,,,,,,,,,,,,,,0.223597401,,,,,,,,,,,,,,,,,,,,,
31-01-2026,BLUSPRING ENTERPRISES LTD.,Commercial Services & Supplies,Equity Shares,,INE0U4101014,,,,,,,,,,,,,,0.174656916,,,,,,,,,,,,,,,,,,,,,,,,,,,,,,,,,,,,,,,,,,,,,,,0.463426356,,,,,,,
31-01-2026,ECLERX SERVICES LTD.,Commercial Services & Supplies,Equity Shares,,INE738I01010,,,,,,,,,,,0.932020588,,,,,,,,,,,,,,,,2.182353571,,,,,,,,,,,,,,,,,,,,,,,,,,,,,,,,,,,,,,,,,
31-01-2026,FIRSTSOURCE SOLUTIONS LTD.,Commercial Services & Supplies,Equity Shares,,INE684F01012,,,,,,,,,,,2.698482388,,,,,1.480922035,,,,,,,,,,,1.960478604,,,,,,,,,1.748601767,,,,,,,,,,,,,,,,,,,,,,,,,,,,,,,,
31-01-2026,QUESS CORP LTD.,Commercial Services & Supplies,Equity Shares,,INE615P01015,,,,,,,,,,,,,,0.609117824,,,,,,,,,,,,,,,,,,,,,,,,,,,,,,,,,,,,,,,,,,,,,,,1.781374942,,,,,,,
31-01-2026,REDINGTON (INDIA) LTD.,Commercial Services & Supplies,Equity Shares,,INE891D01026,,,,,,,,,,,0.312884305,,,,,,,,,,,,,,,,,,,,,,,,,,,,,,,,,,,,,,,,,,,,,,,,,,1.631076079,,,,,,,
31-01-2026,SMARTWORKS COWORKING SPACES LIMITED,Commercial Services & Supplies,Equity Shares,,INE0NAZ01010,,,,,,,,,,,,,,,,,,,,,,,,,,,,,,,,,,,,,,,,,,,,,,,,,,,,,,,,,,,,,0.932352068,,,,,,,
31-01-2026,TEAMLEASE SERVICES LTD.,Commercial Services & Supplies,Equity Shares,,INE985S01024,,,,,,,,,,,,,,,,,,,,,,,,,,,,0.678111438,,,,,,,,,,,,,,,,,,,,,,,,,,,,,,,,,,,,,,,,1.189422294
31-01-2026,WEWORK INDIA MANAGEMENT LTD.,Commercial Services & Supplies,Equity Shares,,INE085001019,,,,,,,,,,,,,,,,,,,,,,,,,,,,,,,,,0.324382335,,,0.841572778,,,,,,,,,,,,,,,,,,,,,,,,,,,,,,,,
31-01-2026,AFCONS INFRASTRUCTURE LTD,Construction,Equity Shares,,INE101I01011,,,,,,,,,,,,,,,,,,,,,,,,,,,,,,,1.285408774,,0.728023119,,,,,,,,,,,,,,,,,,,,,,,,,,,,,,,,,,,
31-01-2026,CEIGALL INDIA LTD,Construction,Equity Shares,,INE0AG901020,,,,,,,,,,,,0.500724613,,,,,,,,,,,,,,,,,,,,,,,,,,,,,,,,,,,,,,,,,,,,,,,,,,,,,,,,
31-01-2026,ENGINEERS INDIA LTD.,Construction,Equity Shares,,INE510A01028,,,,,,,,,,,,,,,0.729117365,,,,,,,,,,,,,,,,,,,,,,,,,,,,,,,,,,,,,,,,,,,,,,,,,,,,,
31-01-2026,G R INFRAPROJECTS LTD.,Construction,Equity Shares,,INE201P01022,,,,,,,,,,,,,,,,,,,,,,,,,,,,0.684884178,,,1.888442346,,,0.629543799,,,,,,,,,,,,,,,,,,,,,,,,,,,,,,,,,,
31-01-2026,H.G. INFRA ENGINEERING LTD.,Construction,Equity Shares,,INE926X01010,,,,,,,,,,,,,,,,,,,,,,,,,,,,,,,,,0.209641592,,,,,,,,,,,,,,,,,,,,,,,,,,,,,,,,,0.409009812,,
31-01-2026,IRB INFRASTRUCTURE DEVELOPERS LTD.,Construction,Equity Shares,,INE821I01022,,,,,,,,,,,,,,,,,,,,,,,,,,,,,,,,,,,,,,,,,,,,,,,0.222200356,,,,,,,,,,,,,,,,,,,,,
31-01-2026,ISGEC HEAVY ENGINEERING LTD,Construction,Equity Shares,,INE858B01029,,,,,,,,,,,,,,,,,,,,,,,,,,,,,,,0.676648834,,,,,,,,,,,,,,,,,,,,,,,,,,,,,,,,,,,,,
31-01-2026,KALPATARU PROJECTS INTERNATIONAL LTD.,Construction,Equity Shares,,INE220B01022,,,,,,,,,,,,,,,,,,,,,,,,,,,,,,,1.234821617,,,,,,,,,,,,,,,,,0.754794072,,,,,,,,,,,,,,,,,,,,
31-01-2026,KEC INTERNATIONAL LTD.,Construction,Equity Shares,,INE389H01022,,0.778750077,1.598313797,,,,,,,,,,,,,,,,,,,,,,,,,,,,0.847564155,,0.71461342,,,,,,,,,,,,,,,0.503057807,,,,,,,,,,,,,,,,,,,,
31-01-2026,KNR CONSTRUCTIONS LTD.,Construction,Equity Shares,,INE634I01029,,,,,,,,,,,,,,,,,,,,,,,,,,,,,,,0.863130394,,,,,,,,,,,,,,,,,,,,,,,,,,,,,,,,,,,,,
31-01-2026,LARSEN & TOUBRO LTD.,Construction,Equity Shares,,INE018A01030,0.127836727,2.405753263,3.132020429,,,13.52721968,,,,,,2.990302225,3.900257364,1.757988206,,4.262294482,,,,,,,6.722987465,,3.995774038,4.721668068,2.663783515,,,,7.134440804,,1.388182118,3.405074751,4.530215473,1.040133801,,,,3.993908008,,,,,,,,7.361732961,,,,,,,,,,0.457125973,1.352196439,1.560701894,,,,,3.316323648,3.03272867,,3.378234225
31-01-2026,NBCC INDIA LTD.,Construction,Equity Shares,,INE095N01031,0.390304887,,,,,,,,,,,,,,,,,,,,,,,,,,,,,,,,,,,,,,,,,,,,,,,0.594820771,,,,,,,,,,,,,,,,,,,,
31-01-2026,NCC LTD.,Construction,Equity Shares,,INE868B01028,,,,,,,,,,,,,,,,,,,,,,,,,,,,,,,,,,,,,,,,,,,,,,,,0.348039897,,,,,,,,,,,,,,,,,,,,
31-01-2026,PNC INFRATECH LTD.,Construction,Equity Shares,,INE195J01029,,,,,,,,,,,,,0.718878074,,,1.643351186,,,,,,,,,,,,,,,1.177237197,,,,,,,,,,,,,,,,,,,,,,,,,,,,,,,,,,,,,0.937276795
31-01-2026,RAIL VIKAS NIGAM LTD,Construction,Equity Shares,,INE415G01027,,,,,,,,,,,,,,,,,,,,,,,,,,,,,,,,,,,,,,,,,,,,,,,0.525476212,0.751712949,,,,,,,,,,,,,,,,,,,,
31-01-2026,COAL INDIA LTD.,Consumable Fuels,Equity Shares,,INE522F01014,,,,,,,6.722011243,,,,,0.977563828,,,4.183157366,,,,,,,,,,0.86591681,,,,,,,,,,,,,,,0.865511498,,,,,,,,,,,,,,,,,2.187380939,0.302762614,0.852526706,0.97183633,,,,,,1.167994001,,
31-01-2026,AKZO NOBEL INDIA LTD.,Consumer Durables,Equity Shares,,INE133A01011,,,,,0.276710032,,,,,,,,,0.626640461,,,,,,,,,1.218759343,,,,0.467180042,,,,,,,0.958042676,,,,,,,,,,,,,,,,,,,,,,,,,,,0.748007135,,,,,,,
31-01-2026,AMBER ENTERPRISES INDIA LTD.,Consumer Durables,Equity Shares,,INE371P01015,,,,,0.931450579,,,,,,,0.73267404,,,,,,,,,,,,,,,,,,,,,,,,,,,,,,,,,,,,,0.631452613,,,,,,,,,,,,,,,,,0.784276648,,
31-01-2026,ASIAN PAINTS LTD.,Consumer Durables,Equity Shares,,INE021A01026,0.025389163,,1.3814092,,2.089090629,,,,,1.110269369,,,,,,,,,,,,,3.134598835,,0.950050818,1.124029697,,,,,,,,0.882366621,,,,,,0.949587137,,,,,,,,,,,,,,,,,,,,,,,,,,,,
31-01-2026,BAJAJ ELECTRICALS LTD.,Consumer Durables,Equity Shares,,INE193E01025,,,,,,,,,,,,,,,,,,,,,,,,,,,,,,,,,,0.547258622,,,,,,,,,,,,,,,,,,,,,,,,,,,,,,,,,,
31-01-2026,BATA INDIA LTD.,Consumer Durables,Equity Shares,,INE176A01028,,,,,0.4051891,,,,,,,,,,,,,,,,,,,,,,,,,,,,,,,,,,,,,,,,,,,,0.278638106,,,,,,,,,,,,,,,,,,,
31-01-2026,BERGER PAINTS INDIA LTD.,Consumer Durables,Equity Shares,,INE463A01038,,,,,0.435591521,,,,,,,,,,,,,,,,,,,,,,,,,,,,,,,,,,,,,,,,,,0.355202921,,,0.397560335,,,,,,,,,,,,,,,,,,
31-01-2026,BLUE STAR LTD.,Consumer Durables,Equity Shares,,INE472A01039,,,,,0.791359946,,,,,,,,,,,,,,,,,,,2.002308213,,,,,,,,,,,,,,,,,,,,,,,0.635507613,,,,,,,,,,,,,,,,,,,,,
31-01-2026,CELLO WORLD LTD,Consumer Durables,Equity Shares,,INE0LMW01024,,,,,0.156722391,,,,,,,,,,,,,,,,,,,,,,,,,,,,,,,,,,,,,,,,,,,,,,,,,,,,,,,,0.784652905,,,,,,,
31-01-2026,CERA SANITARYWARE LTD.,Consumer Durables,Equity Shares,,INE739E01017,,,,,,,,,,,,,,,,,,,,,,,,1.221217577,,,,,,,,,,,,,,,,,,,,,,,,,,,,,,,,,,,,,,,,,,,,
31-01-2026,CROMPTON GREAVES CONSUMER ELECTRICALS LTD.,Consumer Durables,Equity Shares,,INE299U01018,0.373152634,,,,1.067250796,,,,,1.689525836,,,,,,,,,,,,,,,,,,,,,,,,,,,,,,,,,,,,,,,0.722379489,,,,,,,,,,,,,,,,,,,
31-01-2026,DIXON TECHNOLOGIES (INDIA) LTD.,Consumer Durables,Equity Shares,,INE935N01020,0.261108331,,,,1.44315767,,,,,,,,,,,,,,,,,,,,,,,,,,,,,,0.192681547,,,,,,,,,,,,1.157801393,,1.422147198,,,,,,,,,,,,,,,,,,,
31-01-2026,EPACK DURABLE LTD.,Consumer Durables,Equity Shares,,INE0G5901015,,,,,,,,,,,,,0.527471548,,,,,,,,,,,,,,,,,,0.657136496,,,,,,,,,,,,,,,,,,,,,,,,,,,,,,,,,,,,,
31-01-2026,ETHOS LTD.,Consumer Durables,Equity Shares,,INE04TZ01018,,,,,,,,,,,,,,,,,,,,,,,,1.040890517,,,,,,,,,,,,,,,,,,,,,,,,,,,,,,,,,,,,,,,,,,,,
31-01-2026,EUREKA FORBES LTD,Consumer Durables,Equity Shares,,INE0KCE01017,,,,,,,,,,,,,,,,,,,,,,,,,,,,,,,,,,,,,,,,,,,,,,,,,,,,,,,,,,,,,0.567164829,,,,,,,
31-01-2026,GREENPANEL INDUSTRIES LTD.,Consumer Durables,Equity Shares,,INE08ZM01014,,,,,,,,,,,,,0.68166973,,,,,,,,,,1.733504891,,,,,,,,,,,0.703550805,,0.234587878,,,,,,,,,,,,,,,,,,,,,,,,,,,,,,,,
31-01-2026,GREENPLY INDUSTRIES LTD.,Consumer Durables,Equity Shares,,INE461C01038,,,,,,,,,,,,,,,,,,,,,,,1.386916342,,,,,,,,,,,,,,,,,,,,,,,,,,,,,,,,,,,,,,1.464397765,,,,,,,1.289220938
31-01-2026,HAVELLS INDIA LTD.,Consumer Durables,Equity Shares,,INE176B01034,0.116543901,,1.266534942,,0.614929738,,,,,1.132946778,,,,,,,,,,,,,2.469935898,,,,,,,,,,,,,,,,,,,,,,,,,,,,,1.432746435,,,,,,,,,,,,,,,,
31-01-2026,INDIGO PAINTS LTD.,Consumer Durables,Equity Shares,,INE09VQ01012,,,,,,,,,,,,,,,,,,,,,,,,,,,,,,,,,,,,,,,,,,,,,,,,,,,,,,,,,,,,,,,,,,,,1.495404651
31-01-2026,KAJARIA CERAMICS LTD.,Consumer Durables,Equity Shares,,INE217B01036,,,,,0.547300329,,,,,,,,,,,,,,,,,,,,,,,1.010862946,,,1.00855572,,,,,,,,,,,,,,,,,,0.379999267,,,,,,,,,,,,,,,,,,,
31-01-2026,KALYAN JEWELLERS INDIA LTD,Consumer Durables,Equity Shares,,INE303R01014,0.331465466,,,,0.464396967,,,,,,,,,,,,,,,,,,,,,,,,,,,,,,,,,,,,,,,,,,0.375371931,,,,,,,,,,,,,,,,,,,,,
31-01-2026,LG ELECTRONICS INDIA LTD,Consumer Durables,Equity Shares,,INE324D01010,,,,,,,,,,,,,,,,,,,,,,,0.890532971,3.102384024,,,0.244034832,,,,,,,,,,,,,,,,,,,,,,,,,,,,,,,,,,,,,,0.794829479,0.713987757,,
31-01-2026,METRO BRANDS LTD.,Consumer Durables,Equity Shares,,INE317I01021,,,,,,,,,,,,,,,,,,,,,,,,1.895461643,,,,0.795156855,,,,,,0.607743859,,,,,,,,,,,,,,,,,,,,,,,,0.410704192,1.41592378,1.46786171,,,,,,,,1.203311058
31-01-2026,ORIENT ELECTRIC LTD.,Consumer Durables,Equity Shares,,INE142Z01019,,,,,,,,,,,,,,,,,,,,,,,2.343713838,,,,,,,,,,,1.490405935,,0.657730964,,,,,,,,,,,,,,,,,,,,,,,,,,,,,,,,
31-01-2026,PG ELECTROPLAST LTD.,Consumer Durables,Equity Shares,,INE457L01029,0.036436481,,,,0.652339205,,,,,,,,,,,,,,,,,,3.367924907,0.850219364,,,,,,,,,,,,,,,,,,,,,,,,,0.446938754,,,,,,,,,,,,,,,,,,,
31-01-2026,RELAXO FOOTWEARS LTD,Consumer Durables,Equity Shares,,INE131B01039,,,,,0.212303213,,,,,,,,,,,,,,,,,,,,,,,,,,,,,,,,,,,,,,,,,,,,,,,,,,,,,,,,,,,,,,,
31-01-2026,TITAN COMPANY LTD.,Consumer Durables,Equity Shares,,INE280A01028,0.05111188,,,,3.099045872,3.534066476,,,,,,,,,,,,,,,,,,7.06980579,1.420417625,1.667550182,,,,,,,,,0.289966729,,,,,1.419738224,,,,,,,,,,,,,,,,,,0.630502913,1.880594285,2.104802351,,,,,,,,2.961382304
31-01-2026,V-GUARD INDUSTRIES LTD.,Consumer Durables,Equity Shares,,INE951I01027,,,,,0.527429794,,,,,,,,,,,,,,,,,,,,,,,,,,,,,,,,,,,,,,,,,,,,,,,,,,,,,,,,,,,,,,,
31-01-2026,VIP INDUSTRIES LTD.,Consumer Durables,Equity Shares,,INE054A01027,,,,,,,,,,,,,,,,,,,,,,,,,,,,,,,,,,,,,,,,,,,,,,,,,,,,,,,,,,,,,1.635964011,,,,,,,0.807500069
31-01-2026,VOLTAS LTD.,Consumer Durables,Equity Shares,,INE226A01021,,,,,1.019610061,0.65990966,,,,1.446611298,,,,,,,,,,,,,,,,,,1.487505436,,,,,,,,,,,,,,,,,,,0.815113487,,1.001239642,,,,,,,,,,,,,,,,,,,
31-01-2026,WAKEFIT INNOVATIONS LTD,Consumer Durables,Equity Shares,,INE0E7301029,,,,,,,,,,,,,,,,,,,,,,,1.146923237,,,,,,,,,,,,,,,,,,,,,,,,,,,,,,,,,,,,,,,,,,,0.690478565,,
31-01-2026,WHIRLPOOL OF INDIA LTD.,Consumer Durables,Equity Shares,,INE716A01013,,,,,0.361490282,,,,,,,,,,,,,,,,,,,,,,,,,,,,,,,,,,,,,,,,,,,,0.24455319,,,,,,,,,,,,,,,,0.945230878,,,0.623619822
31-01-2026,3M INDIA LTD.,Diversified,Equity Shares,,INE470A01017,,,,,,,,,,0.633889539,,,,,,,,,,,,,,,,,,0.675059555,,,1.456925145,,,,,,,,,,,,,,,,0.260475459,,,0.41401646,,,,,,,,,,,,,,,,,,
31-01-2026,GODREJ INDUSTRIES LTD,Diversified,Equity Shares,,INE233A01035,,,,,,,,,,,,,,2.093295179,,,,,,,,,,,,,,,,,,,,,,0.493424947,,,,,,,,,,,0.11332779,,,,,,,,,,,0.228763956,1.121195211,1.209937534,3.558205329,,,,,,,1.394746908
31-01-2026,HINDUSTAN UNILEVER LTD.,Diversified FMCG,Equity Shares,,INE030A01027,,1.455376323,1.099107479,,4.043612926,,,,,3.58928196,,1.477359832,1.588722819,,,,,,,,,,,2.446436491,1.822162928,2.175766087,,,,,,,0.390510281,,0.420202928,,,,,1.82131973,,,,,,,,,,,,,,,,,,,,,,,,,2.706505498,,,2.718188615
31-01-2026,ITC LTD.,Diversified FMCG,Equity Shares,,INE154A01025,2.009544324,0.826011734,1.25337159,,5.930783222,,4.666025656,,,,,1.136170774,1.997030857,0.913310807,3.024648391,,,,,,,,,5.62608483,2.686205648,3.190885796,,,,,,,0.516032036,2.218724466,0.176568624,,,,,2.68495761,,,,,,,,,,,,,,,,,,1.05539832,2.492492145,2.940757991,,,,,,,,2.075690097
31-01-2026,KWALITY WALLS INDIA LTD,Diversified FMCG,Equity Shares,,,,0.075804683,0.057248076,,,,,,,0.186951222,,0.076949716,0.082750165,,,0.096248972,,,,,,,,,0.09380368,0.113545373,,,,,,,0.020340106,,0.021886676,,,,,0.094910809,,,,,,,,,,,,,,,,,,,,,,,,,0.140970956,0.021932309,,0.141579483
31-01-2026,VEDANTA LTD.,Diversified Metals,Equity Shares,,INE205A01025,1.572651067,,1.43947786,,,,,,,,,0.474934128,1.689990849,,2.782189111,,,,,,,,,,,,,,,,,,1.499702345,,,1.19439068,,,,,,,,,,,,,,,,5.111422932,,,,,7.610485146,0.288107313,0.820273934,0.96178612,,,,,,0.992618324,,
31-01-2026,ABB INDIA LTD.,Electrical Equipment,Equity Shares,,INE117A01022,,,,,,,,,,,,,,,,,,,,,,,,,,,,,,,1.778998409,,,,,,,,,,,,,,,,,,,,,1.29287169,,,,,,,,,,,,,,,,
31-01-2026,APAR INDUSTRIES LTD.,Electrical Equipment,Equity Shares,,INE372A01015,,,,,,,,,,,,,,,,,,,,,,,,,,,,,,,,,,,,,,,,,,,,,,,0.364039292,,,,,,,,,,,,,,,,,,,,,
31-01-2026,BHARAT BIJLEE LTD.,Electrical Equipment,Equity Shares,,INE464A01036,,,,,,,,,,,,,,,,,,,,,,,,,,,,,,,0.999004004,,,,,,,,,,,,,,,,,,,,,,,,,,,,,,,,,,,,,0.724168745
31-01-2026,BHARAT HEAVY ELECTRICALS LTD.,Electrical Equipment,Equity Shares,,INE257A01026,0.455739241,,,,,,,,,1.780728972,,,,,,,,,,,,,,,,,,1.038858673,,,2.145475885,,,,,,,,,,,,,,,,0.910036941,1.301831871,1.117842705,,,,,,,,,,,,,,,,0.951737564,,,
31-01-2026,CG POWER AND INDUSTRIAL SOLUTIONS LTD.,Electrical Equipment,Equity Shares,,INE067A01029,0.408727162,,,,,,,,,,,,,,,,,,,,,,,,,,,,,,,,,,,,,,,,,,,,,,,,,,,1.772908634,,,,,,,,,,,,,,,,
31-01-2026,EMMVEE PHOTOVOLTAIC POWER LTD,Electrical Equipment,Equity Shares,,INE1C6T01020,,,0.981853445,,,,,,,,,,,,,,,,,,,,,,,,0.884240703,,,,,,,1.051199771,,,,,,,,,,,,,,,,,,,,,,,,,,,,,,,,0.484466236,,
31-01-2026,FUJIYAMA POWER SYSTEMS LTD.,Electrical Equipment,Equity Shares,,INE12UR01024,,,,,,,,,,,,,,,,,,,,,,,,,,,,,,,,,,,,,,,,,,,,,,,,,,,,,,,,,0.881875057,0.273712516,0.547092257,0.763905411,,,,,,,,
31-01-2026,GE VERNOVA T&D INDIA LTD.,Electrical Equipment,Equity Shares,,INE200A01026,,,,,,,3.768178015,,,,,,,,,,,,,,,,,,,,,,,,,,,,,,,,,,,,,,,,1.078819514,,,2.507101379,,,,,,,,,,,,,,,,,,
31-01-2026,HITACHI ENERGY INDIA LTD.,Electrical Equipment,Equity Shares,,INE07Y701011,,,,,,,,,,,,,,,,,,,,,,,,,,,,,,,1.373995295,,,,,,4.151476432,,,,,,,,,,0.645993101,,,1.304170984,,,,,,,,,,,,,,,,,,
31-01-2026,INOX WIND LTD,Electrical Equipment,Equity Shares,,INE066P01011,0.16945477,,,,,,,,,,,,,,,,,,,,,,,,,,,,,,,,,,,,,,,,,,,,,,,0.604843563,0.528403245,,,,,,,,,,,,,,,,,,,
31-01-2026,PREMIER ENERGIES LTD,Electrical Equipment,Equity Shares,,INE0BS701011,0.086962367,,,,,,,,,,,,,,,,,,,,,,,,,,,,,,,,,,,,,,,,,,,,,,0.224032375,,,,,,,,,,,,,,,,,,,,,
31-01-2026,SIEMENS ENERGY INDIA LIMITED,Electrical Equipment,Equity Shares,,INE1NPP01017,,,,,,,,,,,,,,,,,,,,,,,,,,,,,,,1.017327109,,,,0.145060642,,,,,,,,,,,,,,,,,0.972466121,,,,,,,,,,,,,,,,
31-01-2026,SIEMENS LTD.,Electrical Equipment,Equity Shares,,INE003A01024,0.003695026,,,,,,,,,,,,,,,,,,,,,,,,,,,,,,1.268509393,,,,0.180876717,,,,,,,,,,,,,,,,,1.211693366,,,,,,,,,,,,,0.646188743,,,
31-01-2026,SUZLON ENERGY LTD.,Electrical Equipment,Equity Shares,,INE040H01021,0.237672143,,,,,,,,,,,,,,,,,,,,,,,,,,,,,,,,,,,,,,,,,,,,,,1.559323181,2.230667162,1.91540821,,,,,,,,,,,,,,,,,,,
31-01-2026,THERMAX LTD.,Electrical Equipment,Equity Shares,,INE152A01029,,,,,,,,,,,,1.06521627,,1.424715359,,,,,,,,,,,,,1.392966958,1.030240593,,,,,,,,1.754892996,,,,,,,,,,,0.300439376,,,,,,,,,,,,,,,,,,,,,
31-01-2026,TRANSRAIL LIGHTING LTD.,Electrical Equipment,Equity Shares,,INE454P01035,,,,,,,,,,,,,,,,,,,,,,,,,,,,,,,,,,,,,,,,,,,,,,,,,,,,,,,,,,,,,,,,,,0.876272011,,
31-01-2026,WAAREE ENERGIES LTD,Electrical Equipment,Equity Shares,,INE377N01017,,,,,,,,,,,,,,,,,,,,,,,,,,,,,,,,,,,,,,,,,,,,,,,0.719808328,,,,,,,,,,,,,,,,,,,,,
31-01-2026,SAREGAMA INDIA LTD.,Entertainment,Equity Shares,,INE979A01025,,,,,,,,,,,,,,,,,,,,,,,,,,,,,,,,,,,,,,,,,,,,,,,,,,,,,,,,,,,,,0.552037823,,,,,,,
31-01-2026,SUN TV NETWORK LTD.,Entertainment,Equity Shares,,INE424H01027,,,,,0.408731404,,,,,,,,,,1.22570371,,,,,,,,,,,,,,,,,,,,,,,,,,,,,,,,,,,,,,,,,,,,,,,,,,,,,
31-01-2026,JINDAL STAINLESS LTD.,Ferrous Metals,Equity Shares,,INE220G01021,,,,,,0.778513327,,,,,,,,,,,,,,,,,,,,,,,,,,,,,0.300556722,,,,,,,,,,,,0.708918869,,,1.069774751,,,,,,,1.194724226,,,,,,,,,,,
31-01-2026,JINDAL STEEL LTD.,Ferrous Metals,Equity Shares,,INE749A01030,0.261485508,,4.377081265,,,1.255218043,,,,2.708236006,,,,,,0.787056726,,,,,,,0.998783928,,,,,1.056716215,,,,,0.810948278,1.263009677,,0.973318198,,,,,,,,,,,,,,,,1.870033237,,,,,3.370775119,,,,,,,,,,,
31-01-2026,JSW STEEL LTD.,Ferrous Metals,Equity Shares,,INE019A01038,1.761160071,,,,,3.316353904,,,,,,,,,,,,,,,,,3.138782473,,0.987142235,,,,,,,,,1.417772076,,,,,,0.986677899,,,,,,,,,2.565357571,,,,,,,,3.013449135,,,,,,,,2.331818621,,,
31-01-2026,STEEL AUTHORITY INDIA LTD.,Ferrous Metals,Equity Shares,,INE114A01011,0.739558947,,,,,,,,,,,,,,,,,,,,,,1.995794976,,,,,,,,,,,,,,,,,,,,,,,,0.588964404,,,,,,,,,,,,,,,,,,,,,
31-01-2026,TATA STEEL LTD.,Ferrous Metals,Equity Shares,,INE081A01020,0.698904464,0.94289939,1.033855458,,,3.461599835,,,,,,0.397544167,,,,,,,,,,,,,1.381226918,1.633353107,,,,,,,1.1457813,,0.113317507,,,,,1.380586733,,,,,,,,,3.589476426,,,,,,,,4.792386623,,,,,,,,2.343968039,0.396420884,,
31-01-2026,BAYER CROPSCIENCE LTD.,Fertilizers & Agrochemicals,Equity Shares,,INE462A01022,,,,,,,,,,,,,,,,,,,,,,,,,,,,,,3.344476734,,,,,,,,,,,,,,,,,,,,,,,,,,,,,,,,,,,,,,
31-01-2026,CHAMBAL FERTILISER & CHEMICALS LTD.,Fertilizers & Agrochemicals,Equity Shares,,INE085A01013,,,,,,,,,,,,,,,,,,,,,,,,,,,,,,,,,,,,,,,,,,,,,,,,,0.339830919,,,,,,,,0.75644957,,,,,,,,,,,
31-01-2026,COROMANDEL INTERNATIONAL LTD.,Fertilizers & Agrochemicals,Equity Shares,,INE169A01031,,,,,,,,,,,,,,,,,,,,,,,,,,,,,,,,,,,,,,,,,,,,,,,0.72731015,,,1.075399674,,,,,,,0.932954955,,,,,,,,,,,
31-01-2026,FERTILIZERS AND CHEMICALS TRAVANCORE LTD,Fertilizers & Agrochemicals,Equity Shares,,INE188A01015,,,,,,,,,,,,,,,,,,,,,,,,,,,,,,,,,,,,,,,,,,,,,,,0.137133781,,,,,,,,,,,,,,,,,,,,,
31-01-2026,GUJARAT STATE FERTILIZERS &CHEM LTD.,Fertilizers & Agrochemicals,Equity Shares,,INE026A01025,,,,,,,,,,1.091581949,,,,,,,,,,,,,,,,,,,,,,,,,,,,,,,,,,,,,,,,,,,,,,,,,,,,,,,,,,
31-01-2026,PARADEEP PHOSPHATES LTD,Fertilizers & Agrochemicals,Equity Shares,,INE088F01024,,,,,,,,,,,,,,,,,,,,,,,,,,,,,,,,,0.514380725,,,,,,,,,,,,,,,,,,,,,,,,1.034682054,,,,,,,,,,,
31-01-2026,PI INDUSTRIES LTD.,Fertilizers & Agrochemicals,Equity Shares,,INE603J01030,,0.044188058,1.063092621,,,,,,,,,0.817833552,1.770881044,4.166385731,,,,,,,,,,,,,,1.491444785,,,,,0.442712734,0.484164729,,1.323593353,,,,,,,,,,,0.697813114,,0.857094867,,,,,,,,,,,,,,,,,1.049734355,,
31-01-2026,RALLIS INDIA LTD.,Fertilizers & Agrochemicals,Equity Shares,,INE613A01020,,,,,,,,,,,,,,,,,,,,,,,,,,,,,,,,,,,,,,,,,,,,,,,,,,,,,,,,,,,,,0.137932638,,,,,,,
31-01-2026,SUMITOMO CHEMICAL INDIA LTD.,Fertilizers & Agrochemicals,Equity Shares,,INE258G01013,,,,,,,,,,,,,,,,,,,,,,,,,,,,,,,,,,,,,,,,,,,,,,,,,,,,,,,,,1.35535731,,,,,,,,,,,
31-01-2026,UPL LTD.,Fertilizers & Agrochemicals,Equity Shares,,INE628A01036,0.329341944,,,,,,,,,,,,,,,,,,,,,,,,,,,3.022815146,,,,,,,,,2.80329627,,,,,,,,,,1.062922217,,1.305642801,2.497485364,,,,,,,2.911338272,,,,,,,,,,,
31-01-2026,AAVAS FINANCIERS LTD,Finance,Equity Shares,,INE216P01012,,,,1.34001809,,,,,,,,,,,,,,,,,,,1.906559235,,,,,,,,,,,,,,,,,,,,,,,,,,,,,,,,,,,,,,,,,,,,,1.673868109
31-01-2026,ADITYA BIRLA CAPITAL LTD.,Finance,Equity Shares,,INE674K01013,0.714094075,,,,,,,,,,,,,,,,,,,,,,,,,,,,,,,,,,,,4.511429321,,,,,,,,,,0.702684185,,,2.81133032,,,,,,,,,,,,,,,,,,
31-01-2026,BAJAJ FINANCE LTD.,Finance,Equity Shares,,INE296A01032,0.365934361,1.098373459,,,,,,,,,,0.842348688,,,,,,,,,,,,,2.136152709,2.496721104,,,,,,,0.670889047,,,,4.522202989,,,2.135158108,7.616560567,,,,,,,,,,,,,,,,,,,,,,,,2.863445747,2.128100367,,
31-01-2026,BAJAJ FINSERV LTD.,Finance,Equity Shares,,INE918I01026,0.059822068,1.497413833,1.519375053,3.099506226,,,,,,,,,1.210430685,,,,,,,,,,,,0.966058764,1.15352206,1.303165357,,,,,,0.407654407,1.721347255,0.699752173,,,,,0.965603759,3.444549822,,,,,,,,,,,,,,,,,,,,,,,,,,,
31-01-2026,BAJAJ HOLDINGS & INVESTMENT LTD.,Finance,Equity Shares,,INE118A01012,,,,,,,,,,,,,,,,,,,,,,,,,,,,,,,,,,,,,,,,,,,,,,,,,,,,2.066458208,,,,,,,,,,,,,,,,
31-01-2026,BAJAJ HOUSING FINANCE LTD,Finance,Equity Shares,,INE377Y01014,,,,,,,,,,,,,,,,,,,,,,,,,,,,,,,,,,,,,,,,,,,,,,,,,,,,0.376013855,,,,,,,,,,,,,,,,
31-01-2026,CAN FIN HOMES LTD.,Finance,Equity Shares,,INE477A01020,,,,,,,,,,,,,,,,,,,,,,,,,,,,,,,,,,,,1.419798678,,,,,,,,,,,,,,,,,,,,,,,,,,,,,,,,2.136177812
31-01-2026,CHOLAMANDALAM INVESTMENT & FINANCE CO LTD.,Finance,Equity Shares,,INE121A01024,0.070914875,,,,,,,,,,,,,,,,,,,,,,,,,,,,,,,,,,,,2.937661525,,,,2.128816629,,,,,,,,,,,3.050538494,,,,,,,,,,,,,,,,
31-01-2026,CREDITACCESS GRAMEEN LTD.,Finance,Equity Shares,,INE741K01010,,,,,,,,,,,,1.426161229,,,,,,,,,,,,,,,,,,,,,,,,,,,,,,,,,,,,,,,,,,,,,,,,,,,,,,,,
31-01-2026,CRISIL,Finance,Equity Shares,,INE007A01025,,,,,,,0.894596013,,,,,,,,,,,,,,,,,,,,,,,,,,,,,,,,,,,,,,,,0.306530024,,,,,,,,,,,,,,,,,,,,,
31-01-2026,FIVE-STAR BUSINESS FINANCE LTD,Finance,Equity Shares,,INE128S01021,,,0.735838766,1.362377633,,,,,,,,,,,,,,,,,,,,,,,,,,,,,0.27108822,,,,,,,,,,,,,,,,,,,,,,,,,,,,,,,,,,,
31-01-2026,HDB FINANCIAL SERVICES LTD,Finance,Equity Shares,,INE756I01012,,,,,,,,,,,,,,,,,,,,,,,,,,,,1.357082204,,,,,,,,,,,,,,,,,,,,,,,,,,,,,,,,,,,,,,,,
31-01-2026,HOUSING & URBAN DEVELOPMENT CORPORATION LTD.,Finance,Equity Shares,,INE031A01017,0.062847162,,,,,,,,,,,,,,,,,,,,,,,,,,,,,,,,,,,,,,,,,,,,,,0.259266293,,,,,,,,,,,,,,,,,,,,,
31-01-2026,INDIA SHELTER FINANCE CORPORATION LTD.,Finance,Equity Shares,,INE922K01024,,,1.158251984,,,,,,,,,,,,,,,,,,,,,,,,,,,,,,0.466518772,,,,,,,,,,,,,,,,,,,,,,,,,,,,,,,,,,,
31-01-2026,INDIAN RAILWAY FINANCE CORPORATION LTD.,Finance,Equity Shares,,INE053F01010,,,,,,,,,,,,,,,,,,,,,,,,,,,,,,,,,,,,,,,,,,,,,,,,,,,,0.948681565,,,,,,,,,,,,,,,,
31-01-2026,INDIAN RENEWABLE ENERGY DEVELOPMENT AGENCY LTD.,Finance,Equity Shares,,INE202E01016,,,,,,,,,,,,,,,,,,,,,,,,,,,,,,,,,,,,,,,,,,,,,,,0.283261032,,,,,,,,,,,,,,,,,,,,,
31-01-2026,JIO FINANCIAL SERVICES LTD,Finance,Equity Shares,,INE758E01017,1.429508555,,,,,,,,,,,,,,,,,,,,,,,,0.72184943,,,,,,,,,,,,,,,0.721514713,2.573774987,,,,,,,,,,,,,,,,,,,,,,,,,,,
31-01-2026,L&T FINANCE LTD.,Finance,Equity Shares,,INE498L01015,,,3.183143445,,,,,,,,,,,,,,,,,,,,,,,,,2.138450093,,,,,0.061698165,,,,4.053251561,,,,,,,,,,0.631313828,,,3.389703674,,,,,,,,,,,,,,,,,,
31-01-2026,LIC HOUSING FINANCE LTD.,Finance,Equity Shares,,INE115A01026,0.450457296,,,,,,,,,,,,,1.252031125,,,,,,,,,,,,,,,,,,,,,,,,,,,0.579664782,,,,,,0.42660644,,,,,,,,,,,,,,,,,,,,,
31-01-2026,MAHINDRA AND MAHINDRA FINANCIAL SERVICES LTD.,Finance,Equity Shares,,INE774D01024,,,,,,,,,,,,,,2.658288631,,,,,,,,,,,,,,,,,,,,,,,,,,,,,,,,,0.669724122,,,1.922374474,,,,,,,,,,,,,,,,,,
31-01-2026,MANAPPURAM FINANCE LTD.,Finance,Equity Shares,,INE522D01027,0.510377962,,,,,,,,,,,,,,,,,,,,,,,,,,,,,,,,,,,,,,,,,,,,,,,,,,,,,,,,,0.345943837,0.978823376,1.255283999,,,,,,,,
31-01-2026,MUTHOOT FINANCE LTD.,Finance,Equity Shares,,INE414G01012,0.213564838,,,,,,,,,,,1.566869592,,,4.76806512,,,,,,,,,,,,,1.21547009,,,,,,,,,5.099270933,,,,1.265916933,,,,,,1.10709289,,,4.936501452,,,,,,,,0.652041858,2.158221774,2.458176176,,,,,,,,
31-01-2026,PNB HOUSING FINANCE LTD.,Finance,Equity Shares,,INE572E01012,0.335346483,,,1.919788638,,,,,,,,2.152612284,,,2.111094978,,,,,,,,,,,,,,,,,,,1.359375943,,0.723848703,,,,,,,,,,,,,,,,,,,,,,,,,,,,,,,,
31-01-2026,POWER FINANCE CORPORATION  LTD.,Finance,Equity Shares,,INE134E01011,0.745370222,,,1.452293026,,,,,,,,,,,1.161422609,2.263012662,,,,,,,,,,,,,,,,,,1.050295194,,2.008202984,,,,,1.704079064,,,,,,,,,,,2.441893554,,,,,,,,,,,,,,1.059285906,,
31-01-2026,REC LTD.,Finance,Equity Shares,,INE020B01018,0.644014209,,,,,,,,,,,,,,,,,,,,,,,,,,,,,,,,,,0.249886424,1.450162552,,,,,1.382269771,,,,,,,,,,,2.010457604,,,,,,,,,,,,,,,,
31-01-2026,REPCO HOME FINANCE LTD.,Finance,Equity Shares,,INE612J01015,,,,1.038037467,,,,,,,,,,,,,,,,,,,,,,,,,,,,,,,,,,,,,,,,,,,,,,,,,,,,,,,,,,,,,,,,1.13281593
31-01-2026,SAMMAAN CAPITAL LTD.,Finance,Equity Shares,,INE148I01020,0.595319449,,,,,,,,,,,,,,,,,,,,,,,,,,,,,,,,,,,,,,,,,,,,,,,,,,,,,,,,,,,,,,,,,,,
31-01-2026,SBI CARDS AND PAYMENT SERVICES LTD.,Finance,Equity Shares,,INE018E01016,,,,,,,,,,,,,,3.627065133,,,,,,,,,,,,,,,,,,,,1.612595341,,,1.48164032,,,,0.70385505,,,,,,0.608895642,,,0.752406319,,,,,,,,,,,,,,,,,,
31-01-2026,SHRIRAM FINANCE LTD.,Finance,Equity Shares,,INE721A01047,1.94749976,1.626313077,2.184009208,3.483777693,,,,,,,,1.998005472,,,5.693986474,,,,,,,,,,1.236034819,,,,,,,,,,0.784829079,,3.103900014,,,1.235464891,4.407044502,,,,,,,,,,,,,,,,,0.323383603,0.87686619,1.079548649,,,,,,,,
31-01-2026,SUNDARAM FINANCE LTD.,Finance,Equity Shares,,INE660A01013,,,,,,,,,,,,,,,,,,,,,,,,,,,,,,,,,,,,,,,,,,,,,,,0.979546717,,,0.906919055,,,,,,,,,,,,,,,,,,
31-01-2026,TATA CAPITAL LTD,Finance,Equity Shares,,INE976I01016,,1.174327283,0.611638063,1.261770811,,,,,,,,,,,,,,,,,,,,,,,,,,,,,0.751841756,,,,,,,,,,,,,,,,,,,,,,,,,0.578455062,1.661631341,1.961224144,,,,,,0.593891789,,
31-01-2026,TATA INVESTMENT CORPORATION LTD.,Finance,Equity Shares,,INE672A01026,,,,,,,,,,,,,,,,,,,,,,,,,,,,,,,,,,,,,,,,,,,,,,,0.218226981,,,,,,,,,,,,,,,,,,,,,
31-01-2026,TVS HOLDINGS LTD.,Finance,Equity Shares,,INE105A01035,,,,,,,,,,,,,,,,,,,,,,,,,,,,,,,,,,,,,,,,,,,,,,,,,,,,,,,,,,,,,,,,,,,,
31-01-2026,ONE 97 COMMUNICATIONS LTD.,Financial Technology (Fintech),Equity Shares,,INE982J01020,0.113897801,,,2.283600723,,,,,,,0.387578544,,,,,,,,,,,,,,,,,1.805145742,,,,,,,,,3.17256081,,,,,,,4.826420069,,,1.24482189,,,3.194732413,,,,,,,,,,,,,,,,,,
31-01-2026,PB FINTECH LTD.,Financial Technology (Fintech),Equity Shares,,INE417T01026,0.012672285,1.095769663,2.29091775,,,,,,,,3.680948932,,,,0.938043977,,,,,,,,,,,,3.915871978,,,,,,0.888782189,,0.263327231,1.349561658,,,,,,,,5.895725591,,,1.520742337,,,,,,,,,,,,,,,,,,,,,
31-01-2026,PINE LABS LIMITED.,Financial Technology (Fintech),Equity Shares,,INE15B701018,,,,,,,,,,,0.36204656,,,,,,,,,,,,,,,,,,,,,,0.633809419,,,,,,,,,,,,,,,,,,,,,,,,,,,,,,,,,,,
31-01-2026,BIKAJI FOODS INTERNATIONAL LTD,Food Products,Equity Shares,,INE00E101023,,,,,0.32122211,,,,,,,,,,0.57065646,,,,,,,,,3.391041394,,,,,,,,,,,,,,,,,,,,,,,,,,,,,,,,,,0.695221906,1.470392843,1.740639898,,,,,,,,
31-01-2026,BRITANNIA INDUSTRIES LTD.,Food Products,Equity Shares,,INE216A01030,0.068755838,,,,1.317737633,,5.651073693,,,1.557873686,,,,,,,,,,,,,,,,,,,,,,,,1.731041979,,,,,,,,,,,,,,,,,,3.055182642,,,,,,,,,,,,,1.05561477,,,
31-01-2026,EID PARRY INDIA LTD.,Food Products,Equity Shares,,INE126A01031,,,,,0.712292566,,,,,,,,,,,,,,,,,,,,,,,,,,,,,,,,,,,,,,,,,,,,,,,,,,,,,,,,,,,,,,,
31-01-2026,GODREJ AGROVET LTD.,Food Products,Equity Shares,,INE850D01014,,,,,0.199226548,,,,,,,,,,,,,,,,,,,0.663867455,,,,,,,,,,,,,,,,,,,,,,,,,,,,,,,,,,0.187953509,0.517287293,0.632672249,,,,,,,,
31-01-2026,NESTLE INDIA LTD.,Food Products,Equity Shares,,INE239A01024,0.796655841,,,,1.812553185,,6.542859393,,,1.877189279,,1.000100365,,,,,,,,,,,,5.92083348,0.826592811,,,,,,,,,,,,,,,0.826212261,,,,,,,,,,,,,,,,,,0.520994234,1.489056338,1.762733602,,,,,1.489193574,,,
31-01-2026,ADANI TOTAL GAS LTD.,Gas,Equity Shares,,INE399L01023,,,,,,,,,,,,,,,,,,,,,,,,,,,,,,,,,,,,,,,,,,,,,,,0.39403854,,,,,,,,,,,,,,,,,,,,,
31-01-2026,AEGIS LOGISTICS LTD.,Gas,Equity Shares,,INE208C01025,,,,,,,,,,,,,,,,,,,,,,,,,,,,,,,,,,,,,,,,,,,,,,,,0.533200628,,,,,,,,,,,,,,,,,,,,
31-01-2026,GAIL ( INDIA ) LTD.,Gas,Equity Shares,,INE129A01019,0.100711873,,,,,,,,,0.822695802,,0.812694684,,,,,,,,,,,,,,,,,,,,,,,,,,,,,,,,,,,,,,,,1.994894044,,,,,,,,,,,,,,,,
31-01-2026,GUJARAT GAS LTD.,Gas,Equity Shares,,INE844O01030,,,,,,,,,,0.655800891,,,,,,,,,,,,,,,,,,,,,,,,,,,,,,,,,,,,,0.197722502,,,,,,,,,,,,,,,,,,,,,
31-01-2026,GUJARAT STATE PETRONET LTD.,Gas,Equity Shares,,INE246F01010,,,,,,,,,,0.202426553,,,,0.73119133,,,,,,,,,,,,,,,,,,,,,,,,,,,,,,,,,,0.509603817,,,,,,,,,,,,,,,,,,,,
31-01-2026,INDRAPRASTHA GAS LTD.,Gas,Equity Shares,,INE203G01027,,,,,,,,,,1.274033574,,,,,,,,,,,,,,,,,,1.192306534,,,,,,,,,,,,,,,,,,,0.336381675,,,0.370519969,,,,,,,,,,,,,,,,,,1.426367471
31-01-2026,MAHANAGAR GAS LTD.,Gas,Equity Shares,,INE002S01010,,,,,,,,,,,,,,,,,,,,,,,,,,,,,,,,,,,,,,,,,,,,,,,,0.348350692,,,,,,,,,1.959337481,0.569284777,0.920942291,1.415934926,,,,,,,,
31-01-2026,PETRONET LNG LTD.,Gas,Equity Shares,,INE347G01014,0.446560885,,,,,,,,,0.995908734,,0.705585215,,,,,,,,,,,,,,,,,,,,,,,,,,,,,,,,,,,0.585443867,0.837464035,,,,,,,,,,,,,,,,,,,,
31-01-2026,LAXMI DENTAL LIMITED,Healthcare Equipment & Supplies,Equity Shares,,INE0WO601020,,,,,,,,,,,,,,,,,,,,,,,,,,,0.063385914,,,0.021890478,,,,,,,,,,,,,,,,,,,,,,,,,,,,,,,,,,,,0.116065804,,
31-01-2026,POLY MEDICURE LTD.,Healthcare Equipment & Supplies,Equity Shares,,INE205C01021,,,,,,,,,,,,,,,,,,,,,,,,,,,,,,,,,,,,,,,,,,,,,,,,,,,1.135127569,,,,,,,,,,,,,,,,,
31-01-2026,APOLLO HOSPITALS ENTERPRISE LTD.,Healthcare Services,Equity Shares,,INE437A01024,0.129473076,1.4266751,2.060980962,,,,,,,,,,,,,,,,,,,,,1.732114861,0.619932933,,2.367872717,1.294099244,,4.971080813,,,0.64750549,0.970565628,,2.437695441,,,,0.619570319,,,,,,,,1.141233521,,,,,,,,,,,,,,,,,,,,
31-01-2026,ASTER DM HEALTHCARE LTD.,Healthcare Services,Equity Shares,,INE914M01019,,,,,,,,,,,,,,,,,,,,,,,,,,,0.479119072,,,,,,0.720966216,,,1.407450267,,,,,,,,,,,,0.745662575,,,2.507697905,,,,,,,,,,,,,,,,,
31-01-2026,DR. AGARWALS HEALTH CARE LTD.,Healthcare Services,Equity Shares,,INE943P01029,,,,,,,,,,,,,,,,,,,,,,,,,,,,,,0.070273083,,,0.950496879,,,,,,,,,,,,,,,,,,,,,,,,,,,,,,,,,,,
31-01-2026,DR. LAL PATH LABS LTD.,Healthcare Services,Equity Shares,,INE600L01024,,0.938142622,1.122155554,,,,,,,,,1.324583348,,,,,,,,,,,,1.002151281,,,2.610819847,,,2.865807747,,,0.772818608,,,2.413229519,,,,,,,,,,,,,,,2.132465663,,,,,,,,,,,,,,,0.810593051,,
31-01-2026,FORTIS HEALTHCARE LTD.,Healthcare Services,Equity Shares,,INE061F01013,0.077662132,,,,,,,,,1.810807192,,,,1.046487385,,,,,,,,,,,,,,,,3.101117846,,,,,,,3.022675354,,,,,,,,,,1.19614331,1.711132293,,2.851660291,8.671138801,,,,,,,,,,,,,,,,,
31-01-2026,GLOBAL HEALTH LTD.,Healthcare Services,Equity Shares,,INE474Q01031,,,,,,,,,,,,,,,,,,,,,,,,,,,,,,1.415483376,,,,,,,,,,,,,,,,,0.240490668,,,,1.743321842,,,,,,,,,,,,,,,,,
31-01-2026,HEALTHCARE GLOBAL ENTERPRISES LTD.,Healthcare Services,Equity Shares,,INE075I01017,,,,,,,,,,,,,,,,2.910162621,,,,,,,,,,,0.882943188,,,5.136133956,,,,,,,,,,,,,,,,,,,,,,,,,,,,,,,,,,,,0.82063925,,1.017258893
31-01-2026,JUPITER LIFE LINE HOSPITALS LTD.,Healthcare Services,Equity Shares,,INE682M01012,,,,,,,,,,,,,,,,,,,,,,,,,,,,,,,,,,,,,,,,,,,,,,,,,,,,,,,,,,,,,,,,,,,,1.530727128
31-01-2026,KRISHNA INSTITUTE OF MEDICAL SCIENCES LTD.,Healthcare Services,Equity Shares,,INE967H01025,,,,,,,,,,,,,,,,,,,,,,,,,,,,,,3.154826823,,,,,,,,,,,,,,,,,,0.866460466,,,2.913829094,,,,,,,,,,,,,,,,,
31-01-2026,KRSNAA DIAGNOSTICS LTD.,Healthcare Services,Equity Shares,,INE08LI01020,,,,,,,,,,,,,,,,,,,,,,,,,,,,,,,,,,,,,,,,,,,,,,,,,,,,,,,,,,,,,1.702086422,,,,,,,
31-01-2026,MAX HEALTHCARE INSTITUTE LTD.,Healthcare Services,Equity Shares,,INE027H01010,0.630975453,0.721188068,,,,,,,,,,,,,,,,,,,,,,,0.615649376,,,1.339751865,,6.236775481,,,,,,,,,,0.615365223,,,,,,,,1.134175091,,,,,,,,,,,,,,,,,,,,
31-01-2026,METROPOLIS HEALTHCARE LTD.,Healthcare Services,Equity Shares,,INE112L01020,,0.381586839,3.621013547,,,,,,,,,,,,,3.727648821,,,,,,,,,,,1.826371398,,,3.228667003,,,,,,1.635087686,,,,,,,,,,,,,,,,,,,,,,,,,,,,,,,,1.609092059
31-01-2026,NARAYANA HRUDAYALAYA LTD.,Healthcare Services,Equity Shares,,INE410P01011,,,,,,,,,,,,,,,,,,,,,,,,,,,,,,,,,,,,,,,,,,,,,,,,0.697465639,,,2.346180446,,,,,,,,,,,,,,,,,
31-01-2026,RAINBOW CHILDRENS MEDICARE LTD.,Healthcare Services,Equity Shares,,INE961O01016,,,,,,,,,,,,0.840764989,,,,,,,,,,,,,,,,,,3.749464996,,,,,,,,,,,,,,,,,,,,,1.111396358,,,,,,,0.327416504,1.511618019,1.907193793,,,,,,1.338330701,,
31-01-2026,SYNGENE INTERNATIONAL LTD.,Healthcare Services,Equity Shares,,INE398R01022,0.003914088,,,,,,,,,0.983042319,,,,,,,,,,,,,,,,,0.875961304,,,2.455235947,,,,1.239206374,,,,,,,,,,,,,0.242132104,,,,1.755215377,,,,,,,,,,,,,,,,,
31-01-2026,VIJAYA DIAGNOSTIC CENTRE LTD.,Healthcare Services,Equity Shares,,INE043W01024,,,,,,,,,,,,,,,,,,,,,,,,,,,0.601062349,,,1.553194738,,,,,,0.623577519,,,,,,,,,,,,,,,,,,,,,,,,,,,,,,,,
31-01-2026,DOMS INDUSTRIES LTD.,Household Products,Equity Shares,,INE321T01012,,,,,,,,,,,,,,,,,,,,,,,,3.001965764,,,,,,,,,,,,,,,,,,,,,,,,,,,,,,,,,,0.839106473,1.66378912,1.998713235,,,,,,,,
31-01-2026,EVEREADY INDUSTRIES INDIA LTD.,Household Products,Equity Shares,,INE128A01029,,,,,,,,,,,,,,,,,,,,,,,,,,,,,,,,,,,,,,,,,,,,,,,,,,,,,,,,,,,,,0.554873869,,,,,,,
31-01-2026,JYOTHY LABS LTD.,Household Products,Equity Shares,,INE668F01031,,,,,0.252380898,,,,,,,,,,,,,,,,,,,,,,,,,,,,,,,,,,,,,,,,,,,,,,,,,,,,,,,,,,,,,,,
31-01-2026,AFFLE 3I LTD.,IT - Services,Equity Shares,,INE00WC01027,,,,,,,,,,,0.769875882,,,,,,,,,,,,,,,,2.106269302,,,,,,,,,,,,,,,,,0.561726376,,,,,,,,,,,,,,,,,,,,,,,,
31-01-2026,AMAGI MEDIA LABS LIMITED.,IT - Services,Equity Shares,,INE121R01077,,,,,,,,,,,0.338625501,,,,,,,,,,,,,,,,,,,,,,,,,,,,,,,,,,,,,,,,,,,,,,,,,,,,,,,,,
31-01-2026,CYIENT LTD.,IT - Services,Equity Shares,,INE136B01020,,,,,,,,,,0.682628572,1.759517519,,,,,,,,,,,,,,,,,,,,,,,,,,,,,,,,,0.55189986,,,,,,,,,,,,,,,,,,,,,0.824646,,,
31-01-2026,DIGITIDE SOLUTIONS LTD.,IT - Services,Equity Shares,,INE0U4701011,,,,,,,,,,,,,,0.33587418,,,,,,,,,,,,,,,,,,,,,,,,,,,,,,,,,,,,,,,,,,,,,,,0.51214454,,,,,,,
31-01-2026,INVENTURUS KNOWLEDGE SOLUTIONS LTD.,IT - Services,Equity Shares,,INE115Q01022,,0.725552793,,,,,,,,,,,,,,,,,,,,,,,,,,,,,,,,,,,,,,,,,,,,,,,,,,,,,,,,,,,,,,,,,,
31-01-2026,L&T TECHNOLOGY SERVICES LTD.,IT - Services,Equity Shares,,INE010V01017,,,,,,,,,,,0.326253135,,,,,,,,,,,,,,,,,,,,,,,,,,,,,,,,,0.588406566,,,0.276366542,,,,,,,,,,,,,,,,,,,,,
31-01-2026,NETWEB TECHNOLOGIES INDIA LTD,IT - Services,Equity Shares,,INE0NT901020,,,,,,,,,,,0.704486253,,,,,,,,,,,,,,,,,,,,,,,,,,,,,,,,,,,,,,,,,,,,,,,,,,,,,,,,,
31-01-2026,NETWORK PEOPLE SERVICES TECHNOLOGIES LTD.,IT - Services,Equity Shares,,INE0FFK01017,,,,,,,,,,,,,,0.639019639,,,,,,,,,,,,,,,,,,,,,,,,,,,,,,,,,,,,,,,,,,,,,,,1.719149877,,,,,,,
31-01-2026,TATA TECHNOLOGIES LTD,IT - Services,Equity Shares,,INE142M01025,0.00653386,,,,,,,,,,,,,,,,,,,,,,,,,,,,,,,,,,,,,,,,,,,0.635336725,,,0.298778631,,,,,,,,,,,,,,,,,,,,,
31-01-2026,BIRLASOFT LTD.,IT - Software,Equity Shares,,INE836A01035,,,,,,,,,,1.333543065,1.124437625,,,,,,,,,,,,,,,,,,,,,,,,,1.192167443,,,,,,,,,,,,,,,,,,,,,,,,,,,,,,,,
31-01-2026,C.E. INFO SYSTEMS LTD.,IT - Software,Equity Shares,,INE0BV301023,,,,,,,,,,,,,,,,,,,,,,,,,,,,,,,,,,,,,,,,,,,,,,,,,,,,,,,,,,,,,2.956638464,,,,,,,
31-01-2026,COFORGE LTD.,IT - Software,Equity Shares,,INE591G01025,,,0.965152539,,,,,,,,1.033721245,,,,,,,,,,,,,,,,,,,,,,,,,1.300669406,,,,,,,,3.174231432,,,1.492556958,,,1.832565229,,,,,,,,0.279640158,0.9241224,1.09396909,,,,,,,,
31-01-2026,HCL TECHNOLOGIES LTD.,IT - Software,Equity Shares,,INE860A01027,0.001154407,0.002524959,,,,,6.918109592,,,3.299377895,4.923189294,0.84397781,,,,,,,,,,,,,1.547936444,1.841050631,,,,,,,0.481022425,,,,,,,1.547204978,,,,8.117566494,,,,,,,,,,,,,,0.806366526,2.259374689,2.691886307,,,,,,1.893897648,,
31-01-2026,HEXAWARE TECHNOLOGIES LTD.,IT - Software,Equity Shares,,INE093A01041,,,,,,,,,,,0.434164735,,,,,,,,,,,,,,,,,1.471238574,,,,,,,,,,,,,,,,,,,0.279066274,,,,,,,,,,,,,,,,,,,,,
31-01-2026,INFOSYS LTD.,IT - Software,Equity Shares,,INE009A01021,0.05298882,1.718841122,1.127973648,,,,6.400572876,,,6.414436079,18.41075162,2.073563407,3.365658402,0.92827709,1.071809219,2.485929137,,,,,,,,,4.973570772,6.017098365,3.019596517,,,,,,1.229813306,2.478642185,,2.642956166,,,,4.971265492,,,,7.878758225,,,,,,,,,,,,,,,,,,,,,4.032313045,3.202496659,,3.455044617
31-01-2026,INTELLECT DESIGN ARENA LTD.,IT - Software,Equity Shares,,INE306R01017,,,,,,,,,,,,,,,,,,,,,,,,,,,,,,,,,,,,,,,,,,,,0.468992853,,,,,,,,,,,,,,,,,,,,,,,,
31-01-2026,KPIT TECHNOLOGIES LTD.,IT - Software,Equity Shares,,INE04I401011,,,,,,,1.3460856,,,0.598336803,0.287764842,0.663809751,,,,,,,,,,,,,,,,,,,,,,,,,,,,,,,,0.978465571,,,0.459962893,,,,,,,,,,,,,,,,,,,,,
31-01-2026,LTIMINDTREE LTD.,IT - Software,Equity Shares,,INE214T01019,0.007408825,,,,,1.613678133,,,,1.4294236,1.880514535,,,,,,,,,,,,,,,,,,,,,,,,,,,,,,,,,3.175734729,,,,,,,,2.448807941,,,,,,,,,,,,,,,,
31-01-2026,MASTEK LTD.,IT - Software,Equity Shares,,INE759A01021,,,,,,,,,,,1.163926437,,,,,,,,,,,,,,,,,,,,,,,,,0.928936622,,,,,,,,,,,,,,,,,,,,,,,,,,,,,,,,
31-01-2026,MPHASIS LTD.,IT - Software,Equity Shares,,INE356A01018,0.180795685,,,,,,,,,1.833535321,1.160566447,,,,,,,,,,,,,,,,,2.014813048,,,,,,0.737273565,,,,,,,,,,1.802936523,,,0.848085408,,,,,,,,,,,,,,,,,,,,,
31-01-2026,NEWGEN SOFTWARE TECHNOLOGIES LTD.,IT - Software,Equity Shares,,INE619B01017,,,,,,,,,,,0.750324604,,,,,,,,,,,,,,,,0.962257567,,,,,,,,,,,,,,,,,,,,,,,,,,,,,,,,,,,,,,,,,
31-01-2026,ORACLE FINANCIALS SERVICES SOFT LTD.,IT - Software,Equity Shares,,INE881D01027,,,,,,,1.480319681,,,,,,,0.477637315,,,,,,,,,,,,,,,,,,,,,,,,,,,,,,1.060272726,,,0.49758392,,,,,,,,,,,,,,,,,,,,,
31-01-2026,PERSISTENT SYSTEMS LTD.,IT - Software,Equity Shares,,INE262H01021,0.13470929,,,,,,,,,,4.069940367,1.526579955,,,,,,,,,,,,,,,,1.352073998,,,,,,,1.26373011,,,,,,,,,3.764200654,,,1.770200635,,,2.177865323,,,,,,,,,,,,,,,,,,
31-01-2026,QUICK HEAL TECHNOLOGIES LTD.,IT - Software,Equity Shares,,INE306L01010,,,,,,,,,,,0.066412433,,,,,,,,,,,,,,,,,,,,,,,,,,,,,,,,,,,,,,,,,,,,,,,,,,,,,,,,,
31-01-2026,RATEGAIN TRAVEL TECHNOLOGIES LTD.,IT - Software,Equity Shares,,INE0CLI01024,,,,,,,,,,,0.506354841,,,,,,,,,,,,,,,,,,,,,,,,,,,,,,,,,,,,,,,,,,,,,,,,,,,,,,,,,
31-01-2026,SONATA SOFTWARE LTD.,IT - Software,Equity Shares,,INE269A01021,,,,,,,,,,,1.381841651,,,,,,,,,,,,,,,,1.219393324,,,,,,,,,,,,,,,,,0.35408438,,,,,,,,,,,,,,,,,,,,,,,,
31-01-2026,TATA CONSULTANCY SERVICES LTD.,IT - Software,Equity Shares,,INE467B01029,0.048917086,1.205520258,,,,6.888268397,6.008455879,,,5.627051765,11.75253959,1.89950691,3.001618275,1.208305459,1.364934656,,,,,,,,,,2.760139981,3.250214333,,,,,,,0.789185222,2.291352825,0.603218492,,,,,2.758839556,,,,7.572297834,,,,,,,,,,,,,,0.660273227,2.282701909,2.755230412,,,,,3.41647724,,,2.504822836
31-01-2026,TATA ELXSI LTD.,IT - Software,Equity Shares,,INE670A01012,0.070416389,,,,,0.396582447,,,,,,,,,,,,,,,,,,,,,,,,,,,,,,,,,,,,,,1.049097256,,,0.493619881,,,,,,,,,,,,,,,,,,,,,
31-01-2026,TECH MAHINDRA LTD.,IT - Software,Equity Shares,,INE669C01036,0.155124709,1.14136314,1.259474346,,,3.264907071,,,,4.100748598,10.33018456,,,,,3.684304311,,,,,,,,,0.957487535,1.139582894,4.909316088,,,,,,0.706425192,1.976047457,,2.104977738,,,,0.957030229,,,,6.343395641,,,,,,,,,,,,,,,,,,,,,2.399733628,,,
31-01-2026,WIPRO LTD.,IT - Software,Equity Shares,,INE075A01022,,,,,,,,,,,6.473366919,,,,3.372626137,,,,,,,,,,0.585254473,,,,,,,,,1.345151649,,,,,,0.584984327,,,,3.877276724,,,,,,,,,,,,,,,,,,,,,,,,
31-01-2026,ZENSAR TECHNOLOGIES LTD.,IT - Software,Equity Shares,,INE520A01027,,,,,,,,,,,0.867720132,,,,,,,,,,,,,,,,,,,,,,,,,,,,,,,,,,,,,,,,,,,,,,,0.274854926,0.810490858,0.946219099,,,,,,,,
31-01-2026,COCHIN SHIPYARD LTD.,Industrial Manufacturing,Equity Shares,,INE704P01025,,,,,,,,,,,,,,,,,,,,,,,,,,,,,,,,,,,,,,,,,,,,,,,0.378732368,,,,,,,,,,,,,,,,,,,,,
31-01-2026,DEE DEVELOPMENT ENGINEERS LTD.,Industrial Manufacturing,Equity Shares,,INE841L01016,,,,,,,,,,,,,,,,,,,,,,,,,,,,,,,0.979990423,,,,,,,,,,,,,,,,,,,,,,,,,,1.094252927,,,,,,,,,,,
31-01-2026,HONDA INDIA POWER PRODUCTS LTD.,Industrial Manufacturing,Equity Shares,,INE634A01018,,,,,,,,,,,,,,,,,,,,,,,,,,,,,,,,,,,,,,,,,,,,,,,,,,,,,,,,,,,,,0.986496814,,,,,,,
31-01-2026,HONEYWELL AUTOMATION INDIA LTD.,Industrial Manufacturing,Equity Shares,,INE671A01010,,,,,,,,,,,,,,,,,,,,,,,,,,,,,,,1.005496153,,,,,,,,,,,,,,,,0.197833839,,,,,,,,,,,,,,,,,,0.544115285,,,
31-01-2026,JYOTI CNC AUTOMATION LTD.,Industrial Manufacturing,Equity Shares,,INE980O01024,,,,,,,,,,,,1.107698098,,,,,,,,,,,,,,,,,,,,,,,,,,,,,,,,,,,,0.399354572,,,,,,,,,,,,,,,,,,,,
31-01-2026,KAYNES TECHNOLOGY INDIA LTD,Industrial Manufacturing,Equity Shares,,INE918Z01012,,,,,,,,,,,,,,,,,,,,,,,,,,,,,,,,,,,,,,,,,,,,,,,,0.631609442,0.55172114,,,,,,,,,,,,,,,,,,,
31-01-2026,MAZAGON DOCK SHIPBUILDERS LTD,Industrial Manufacturing,Equity Shares,,INE249Z01020,0.139134644,,,,,,1.619911915,,,,,,,,,,,,,,,,,,,,,,,,,,,,,,,,,,,,,,,,,,,,,0.864068333,,,,,,,,,,,,,,,,
31-01-2026,PRAJ INDUSTRIES LTD.,Industrial Manufacturing,Equity Shares,,INE074A01025,,,,,,,,,,,,,,,,,,,,,,,,,,,,,,,,,,,,,,,,,,,,,,,,0.208140249,,,,,,,,,,,,,,,,,,,,
31-01-2026,SYRMA SGS TECHNOLOGY LTD,Industrial Manufacturing,Equity Shares,,INE0DYJ01015,,,,,,,,,,,,1.186353267,,,,,,,,,,,,,,,,,,,,,,,,,,,,,,,,,,,,,,,,,,,,,,,,,,,,,,,,
31-01-2026,TEGA INDUSTRIES LTD,Industrial Manufacturing,Equity Shares,,INE011K01018,,,,,,,,,,,,,1.058566527,2.514982049,,,,,,,,,,,,,,,,,,,0.632341229,,,,,,,,,,,,,,,,,,,,,,,,,,,,4.034236287,,,,,,,
31-01-2026,TITAGARH RAIL SYSTEMS LTD,Industrial Manufacturing,Equity Shares,,INE615H01020,,,,,,,,,,,,1.133511476,,,,,,,,,,,,,,,,,,,,,,,0.233069432,,,,,,,,,,,,,0.382167214,0.333891841,,,,,,,,,,,,,,,,,,,
31-01-2026,AIA ENGINEERING LTD.,Industrial Products,Equity Shares,,INE212H01026,,,,,,,,,,,,,,,,,,,,,,,,,,,,,,,1.80040792,,,,,0.788422143,,,,,,,,,,,0.417356882,,,0.610996377,,,,,,,,,,,,,,,,,,
31-01-2026,APL APOLLO TUBES LTD.,Industrial Products,Equity Shares,,INE702C01027,0.571033287,,,,,,,,,,,,,,,,,,,,,,,,,,,,,,,,,,,0.829434923,,,,,,,,,,,1.002232031,,1.231090048,0.935119954,,,,,,,1.250757181,,,,,,,,,,,
31-01-2026,ASTRAL LTD. (ERSTWHILE ASTRAL POLY TECHNIK LTD.),Industrial Products,Equity Shares,,INE006I01046,,,,,,,,,,,,,,,,,,,,,,,1.55354972,,,,,,,,1.429519844,,,,,,,,,,,,,,,,0.487720036,,0.599049926,,,,,,,,,,,,,,,,,,,
31-01-2026,BANSAL WIRE INDUSTRIES LTD,Industrial Products,Equity Shares,,INE0B9K01025,,,,,,,,,,,,,,,,,,,,,,,,,,,,,,,0.668649403,,,,,,,,,,,,,,,,,,,,,,,,,,,,,,,,,,,,,0.770782167
31-01-2026,CARBORUNDUM UNIVERSAL LTD.,Industrial Products,Equity Shares,,INE120A01034,,,,,,,,,,0.813005112,,,,,,,,,,,,,,,,,0.60726773,0.588661877,,,,,,,,,,,,,,,,,,,,,0.461700508,,,,,,,,,,,,1.750109569,,,,,,,
31-01-2026,CUMMINS INDIA LTD.,Industrial Products,Equity Shares,,INE298A01020,,1.148473193,2.028302343,,,,4.498056848,,,1.643444029,,,,1.384926153,,,,,,,,,,,,,,1.382039184,,,1.837532082,,0.92274631,,0.512938223,,,,,,,,,,,,1.498235266,2.142955597,1.840407382,3.78812459,,,,,,,,,,,,,,,,2.071555951,,
31-01-2026,ELGI EQUIPMENTS LTD.,Industrial Products,Equity Shares,,INE285A01027,,,,,,,,,,,,,,,,,,,,,,,,,,,,,,,,,,,,,,,,,,,,,,,,0.539429177,0.471280631,,,,,,,,,,,,,,,,,,,
31-01-2026,FINOLEX CABLES LTD.,Industrial Products,Equity Shares,,INE235A01022,,,,,,,,,,,,,,,,,,,,,,,,,,,,,,,,,,,,,,,,,,,,,,,,,0.277582341,,,,,,,,,,,,0.60450757,,,,,,,
31-01-2026,GRAPHITE INDIA LTD.,Industrial Products,Equity Shares,,INE371A01025,,,0.594133779,,,,,,,,,,,,,,,,,,,,,,,,,,,,,,0.403070135,1.174932524,,,,,,,,,,,,,,,,,,,,,,,,,,,2.155537252,,,,,1.351945541,,
31-01-2026,GRINDWELL NORTON LTD.,Industrial Products,Equity Shares,,INE536A01023,,,,,,,,,,,,,,,,,,,,,,,,,,,,,,,1.414158382,,,,,,,,,,,,,,,,,,,,,,,,,,,,,,,,,,,,,
31-01-2026,INOX INDIA LTD.,Industrial Products,Equity Shares,,INE616N01034,,,,,,,,,,,,,,,,,,,,,,,,,,,,,,,1.198579596,,,,,,,,,,,,,,,,,,,,,,,,,,,,,,,,,,,,,
31-01-2026,KEI INDUSTRIES  LTD.,Industrial Products,Equity Shares,,INE878B01027,,,,,,,,,,,,0.991856259,,,,,,,,,,,3.010270669,,,,,,,,,,,,,0.7338821,,,,,,,,,,,0.668528889,,,,,,,,,,,,,,,,,,,1.276937986,,
31-01-2026,KIRLOSKAR FERROUS INDUSTRIES LTD.,Industrial Products,Equity Shares,,INE884B01025,,,,,,,,,,,,,,,,,,,,,,,,,,,,,,,,,,,,,,,,,,,,,,,,,,,,,,,,,,,,,1.730302901,,,,,,,
31-01-2026,KIRLOSKAR OIL ENGINES LTD.,Industrial Products,Equity Shares,,INE146L01010,,,,,,,,,,,,,,,,,,,,,,,,,,,,,,,,,,,,,,,,,,,,,,,,0.567688576,,,,,,,,,,,,,,,,,,,,
31-01-2026,KIRLOSKAR PNEUMATIC COMPANY LTD.,Industrial Products,Equity Shares,,INE811A01020,,,,,,,,,,,,,,,,,,,,,,,,,,,,,,,,,,,,0.761174126,,,,,,,,,,,,,,,,,,,,,,0.334949792,1.662057835,1.53746994,4.453166827,,,,,0.857157069,,
31-01-2026,KSB  LTD.,Industrial Products,Equity Shares,,INE999A01023,,,,,,,,,,,,,,,,,,,,,,,,,,,,,,,1.570847494,,,,,,,,,,,,,,,,,,,,,,,,,,,,,,1.528084271,,,,,,,
31-01-2026,POLYCAB INDIA LTD.,Industrial Products,Equity Shares,,INE455K01017,0.879958306,0.552038605,,,,,,,,,,1.331793724,,,,,,,,,,,,,,,,,,,,,,,,,,,,,,,,,,,0.995448672,,1.222586558,1.425922033,,,,,,,,0.555894829,1.808794419,2.165028641,,,,,,,,
31-01-2026,R R KABEL LTD,Industrial Products,Equity Shares,,INE777K01022,,,,,,,,,,,,,,,,,,,,,,,4.300452408,,,,,,,,,,0.3305756,,,0.319780234,,,,,,,,,,,,,,,,,,,,,,,,,0.658390704,,,,,,,
31-01-2026,RATNAMANI METALS & TUBES LTD.,Industrial Products,Equity Shares,,INE703B01027,,,,,,,,,,,,,,,,,,,,,,,,,,,,,,,1.327568292,,,,,,,,,,,,,,,,,,,,,,,,,,0.733411583,,,,,,,,,,,
31-01-2026,RHI MAGNESITA INDIA LTD.,Industrial Products,Equity Shares,,INE743M01012,,,,,,,,,,,,,,,,,,,,,,,,,,,,,,,,,,,,,,,,,,,,,,,,,,,,,,,,,0.348763131,,,,,,,,,,,
31-01-2026,SKF INDIA (INDUSTRIAL) LTD.,Industrial Products,Equity Shares,,INE2J8701016,,,,,,,,,,,,,,,,,,,,,,,,,,,,0.533388711,,,1.12871832,,,,,,,,,,,,,,,,,,,,,,,,,,,,,,,,,,,,,
31-01-2026,SUPREME INDUSTRIES LTD.,Industrial Products,Equity Shares,,INE195A01028,,,,,,,,,,0.588407336,,,,,,,,,,,,,,,,,,,,,,,,,,,,,,,,,,,,,0.610584266,,0.750093818,,,,,,,,,,,,,,,,,,,
31-01-2026,TIME TECHNOPLAST LTD.,Industrial Products,Equity Shares,,INE508G01029,,,,,,,,,,,,,,,0.612220397,,,,,,,,,,,,,,,,,,,,,,,,,,,,,,,,,,,,,,,,,,,,,,2.375286539,,,,,,,
31-01-2026,TIMKEN INDIA LTD.,Industrial Products,Equity Shares,,INE325A01013,,,,,,,,,,,,,,,,,,,,,,,,,,,,,,,1.225198747,,,,,,,,,,,,,,,,,,0.536162425,,,,,,,,,,,,,,,,,,,
31-01-2026,USHA MARTIN LTD.,Industrial Products,Equity Shares,,INE228A01035,,,,,,,,,,,,,,,,,,,,,,,,,,,,,,,,,,,,1.199671964,,,,,,,,,,,,,,,,,,,,,,,,,4.323078349,,,,,,,
31-01-2026,VARDHMAN SPECIAL STEELS LTD,Industrial Products,Equity Shares,,INE050M01012,,,,,,,,,,,,,,,,,,,,,,,,,,,,,,,,,,,,,,,,,,,,,,,,,,,,,,,,,,,,,0.564958409,,,,,,,
31-01-2026,VENUS PIPES & TUBES LTD.,Industrial Products,Equity Shares,,INE0JA001018,,,,,,,,,,,,,,,,,,,,,,,2.58339695,,,,,,,,,,,,,,,,,,,,,,,,,,,,,,,,,,,,,,,,,,,,,
31-01-2026,WELSPUN CORP LTD.,Industrial Products,Equity Shares,,INE191B01025,,,,,,,,,,,,,,,,,,,,,,,,,,,,,,,,,,,,,,,,,,,,,,,,,0.483970055,,,,,,,,,,,,,,,,,,,
31-01-2026,CANARA HSBC LIFE INSURANCE COMPANY LTD,Insurance,Equity Shares,,INE01TY01017,,,,2.468988145,,,,,,,,,,,,,,,,,,,,,,,,,,,,,,,,,,,,,,,,,,,,,,,,,,,,,,,,,,,,,,,,
31-01-2026,GENERAL INSURANCE CORPORATION OF INDIA,Insurance,Equity Shares,,INE481Y01014,,,,,,,,,,,,,,,,,,,,,,,,,,,,,,,,,,,,,,,,,,,,,,,0.315135414,,,,,,,,,,,,,,,,,,,,,
31-01-2026,GO DIGIT GENERAL INSURANCE LTD,Insurance,Equity Shares,,INE03JT01014,,,,,,,,,,,,,,,,,,,,,,,,,,,,,,,,,,1.117626921,,,,,,,,,,,,,,,,,,,,,,,,,,,,,,,,,,
31-01-2026,HDFC LIFE INSURANCE CO. LTD.,Insurance,Equity Shares,,INE795G01014,0.000391037,0.95535571,1.738019943,2.047712297,,,,,,,,,0.906304241,,,2.665715921,,,,,,,,,0.679778794,,,,,,,,0.641217946,1.691616416,,,,,,0.679462708,2.423787389,,,,,,,,,,,,,,,,,0.30042736,0.841385586,0.985004843,,,,,1.986258544,,,2.093337418
31-01-2026,ICICI LOMBARD GENERAL INSURANCE CO. LTD.,Insurance,Equity Shares,,INE765G01017,,0.760291639,1.535018696,2.258552897,,,,,,,,0.8517267,,,,,,,,,,,,,,,,2.032143695,,,,,0.642371126,,,1.380551022,,,,,1.354487097,,,,,,,,,,,1.941129739,,,,,,,,,,,,,,1.489894139,,2.077988186
31-01-2026,ICICI PRUDENTIAL LIFE INSURANCE COMPANY LTD.,Insurance,Equity Shares,,INE726G01019,0.458073257,,,,,,,,,,,,,,,,,,,,,,,,,,,,,,,,,,,,,,,,0.692905536,,,,,,0.674525814,,,,,,,,,,,,,,,,,,,,,
31-01-2026,LIFE INSURANCE CORPORATION OF INDIA,Insurance,Equity Shares,,INE0J1Y01017,0.076903632,,,,,,,,,,,,,,,,,,,,,,,,,,,,,,,,,,,,,,,,,,,,,,,,,,,0.809117203,,,,,,,,,,,,,,,,
31-01-2026,MAX FINANCIAL SERVICES LTD.,Insurance,Equity Shares,,INE180A01020,0.997824107,1.037106555,,1.792970538,,,,,,,,,,,,,,,,,,,,,,,,2.25943103,,,,,0.611007159,,,,4.188333667,,,,,,,,,,1.146711388,,,2.925753136,,,,,,,,,,,,,,,,0.803758637,,
31-01-2026,NIVA BUPA HEALTH INSURANCE COMPANY LTD.,Insurance,Equity Shares,,INE995S01015,,1.024229253,1.988513462,,,,,,,,,,,,,,,,,,,,,,,,,,,,,,1.22873317,,,,,,,,,,,,,,,,,,,,,,,,,,,,,,,,,,,
31-01-2026,SBI LIFE INSURANCE COMPANY LTD.,Insurance,Equity Shares,,INE123W01016,0.047379051,,,2.836469037,,,,,,,,,,,,3.629417533,,,,,,,,,0.776234194,,,,,,,,,1.266301778,3.212373615,,2.900800039,,,0.775859931,2.767635149,,,,,,,,,,,,,,,,,,,,,,,,,1.313071358,,
31-01-2026,STAR HEALTH AND ALLIED INSURANCE COMPANY LTD,Insurance,Equity Shares,,INE575P01011,,,,1.387512609,,,,,,,,,,,,,,,,,,,,,,,,,,,,,,,,,,,,,,,,,,,,,,,,,,,,,,,,,,,,,,,,
31-01-2026,THE NEW INDIA ASSURANCE COMPANY LTD.,Insurance,Equity Shares,,INE470Y01017,,,,,,,,,,,,,,,,,,,,,,,,,,,,,,,,,,,,,,,,,,,,,,,0.096604396,,,,,,,,,,,,,,,,,,,,,
31-01-2026,BLS INTERNATIONAL SERVICES LTD,Leisure Services,Equity Shares,,INE153T01027,,,,,,,,,,,,,,,,,,,,,,,,,,,,,,,,,,,,,,,,,,,,,,1.403978288,,,,,,,,,,,,,,,,,,,,,,
31-01-2026,CHALET HOTELS LTD.,Leisure Services,Equity Shares,,INE427F01016,,,,,0.470352861,,,,,,,,,,,,,,,,,,,,,,,,,,,,,,,,,,,,,,,,,2.795678068,,,,,,,,,,,,,,,,,,,,,,
31-01-2026,DEVYANI INTERNATIONAL LTD.,Leisure Services,Equity Shares,,INE872J01023,,,,,0.343176798,,,,,,,,,0.744134981,,,,,,,,,,,,,,,,,,,,,,,,,,,,,,,,2.100874947,,,,,,,,,,,,,,,,,,,,,,
31-01-2026,EIH LTD.,Leisure Services,Equity Shares,,INE230A01023,,,,,0.454795806,,,,,,,,,,,,,,,,,,,,,,,,,,,,,,,,,,,,,,,,,2.803661447,,0.36238802,,,,,,,,,,,,,,,,,,,,
31-01-2026,INDIAN HOTELS CO. LTD.,Leisure Services,Equity Shares,,INE053A01029,0.428489036,,,,1.13586569,1.29515993,,,,,,0.45528149,,,,,,,,,,,,,,,,,,,,,,,,,,,,,,,,,,20.40218167,,0.943903255,,,,2.617702353,,,,,,,,,,,,,,0.481726564,,
31-01-2026,INDIAN RAILWAY CATERING AND TOURISM CORPORATION LTD.,Leisure Services,Equity Shares,,INE335Y01020,,,,,0.636783396,,1.540136366,,,,,,,,,,,,,,,,,,,,,,,,,,,,,,,,,,,,,1.964127333,,8.449446465,0.506641831,0.724751023,,,,,,,,,,,,,,,,,,,,
31-01-2026,ITC HOTELS LTD.,Leisure Services,Equity Shares,,INE379A01028,,,,,0.569877582,,,,,,,,,0.051246333,,,,,,,,,,,,,,,,,,,,,,,,,,,,,,,,7.576415597,0.454313481,,,,,,,,,,,,,,,,,,,,,
31-01-2026,JUBILANT FOODWORKS LTD.,Leisure Services,Equity Shares,,INE797F01020,,,,,0.651048064,,,,,,,,,,,1.935297399,,,,,,,,,,,,1.670377085,,,,,,,,,,,,,,,,,,8.745926952,0.524444319,,,,,,,,,,,,,,,,,,,0.789225312,,
31-01-2026,LE TRAVENUES TECHNOLOGY LTD,Leisure Services,Equity Shares,,INE0HV901016,,,,,,,,,,,0.49825606,,,,,,,,,,,,,,,,,,,,,,0.683372157,,,,,,,,,,,,,,,,,,,,,,,,,,,,,,,,,,,
31-01-2026,LEELA PALACES HOTELS & RESORTS LIMITED,Leisure Services,Equity Shares,,INE0AQ201015,,,,,,,,,,,,,,,,,,,,,,,,,,,,,,,,,,,,,,,,,,,,,,1.52704812,,,,,,,,,,,,,,,,,,,,,,
31-01-2026,LEMON TREE HOTELS LTD.,Leisure Services,Equity Shares,,INE970X01018,,,,,,,,,,,,,,,,,,,,,,,,,,,,,,,,,,,,,,,,,,,,,,2.884019384,,0.37278079,,,,,,,,,,,,,,,,,,,,
31-01-2026,RESTAURANT BRANDS ASIA LTD,Leisure Services,Equity Shares,,INE07T201019,,,,,,,,,,,,,,,,,,,,,,,,,,,,,,,,,,,,0.202074835,,,,,,,,,,,,,,,,,,,,,,,,,,,,,,,,
31-01-2026,SAMHI HOTELS LTD,Leisure Services,Equity Shares,,INE08U801020,,,,,,,,,,,,,,,,,,,,,,,,,,,,,,,,,,,,,,,,,,,,,,,,,,,,,,,,,,,,,1.874192817,,,,,,,
31-01-2026,SAPPHIRE FOODS INDIA LTD.,Leisure Services,Equity Shares,,INE806T01020,,,,,,,,,,,,,,,,,,,,,,,,,,,,,,,,,,,,,,,,,,,,,,2.016678537,,,,,,,,,,,,,,,,,,,,,,
31-01-2026,TBO TEK LTD.,Leisure Services,Equity Shares,,INE673O01025,,,,,,,,,,,0.828461658,,,,,,,,,,,,,,,,1.295436305,,,,,,,,,0.706466557,,,,,,,,,,2.086773178,,,,,,,,,,,,,,,,,,,,,,
31-01-2026,VALOR ESTATE LTD.,Leisure Services,Equity Shares,,INE879I01012,,,,,,,,,,,,,,,,,,,,,,,,,,,,,,,,,,,,,,,,,,,,,,1.173418027,,,,,,,,,,,,,,,,,,,,,,
31-01-2026,VENTIVE HOSPITALITY LTD,Leisure Services,Equity Shares,,INE781S01027,,,,,,,,,,,,,,,,,,,,,,,,,,,,,,,,,,,,,,,,,,,,,,0.865287897,,,,,,,,,,,,,,,,,,,,,,
31-01-2026,WESTLIFE FOODWORLD LTD.,Leisure Services,Equity Shares,,INE274F01020,,,,,,,,,,,,,,,,,,,,,,,,,,,,,,,,,,,,,,,,,,,,,,,,,,,,,,,,,,,,,,,,,1.077230972,,,
31-01-2026,WONDERLA HOLIDAYS LTD.,Leisure Services,Equity Shares,,INE066O01014,,,,,,,,,,,,,,,,,,,,,,,,,,,,,,,,,,,,,,,,,,,,,,,,,,,,,,,,,,,,,1.997294851,,,,,,,
31-01-2026,YATRA ONLINE LTD,Leisure Services,Equity Shares,,INE0JR601024,,,,,,,,,,,0.150553713,,,,,,,,,,,,,,,,,,,,,,,,,,,,,,,,,,,,,,,,,,,,,,,,,,,,,,,,,
31-01-2026,ADANI ENTERPRISES LTD.,Metals & Minerals Trading,Equity Shares,,INE423A01024,,,,,,1.57671604,,,,,,,,,,,,,,,,,,,0.455318943,,,,,,,,,,,,,,,0.455109979,,,,,,,,,,,,,,,,,,,,,,,,,,,,
31-01-2026,GRAVITA INDIA LTD.,Minerals & Mining,Equity Shares,,INE024L01027,,,0.933350399,,,,,,,,,0.761928414,,,,,,,,,,,,,,,,,,,,,0.32839107,,,1.081503926,,,,,,,,,,,,,,,,,,,,,,,,,,,,,,1.374850431,,1.608061141
31-01-2026,LLOYDS METALS & ENERGY LTD.,Minerals & Mining,Equity Shares,,INE281B01032,,,,,,,,,,,,,,,,,,,,,,,,,,,,,,,,,,,,,,,,,,,,,,,0.385563228,,,,,,,,,,,,,,,,,,,,,
31-01-2026,MOIL LTD.,Minerals & Mining,Equity Shares,,INE490G01020,,,,,,,,,,,,,,,,,,,,,,,,,,,,,,,,,,,,,,,,,,,,,,,,,,,,,,,,,1.815662658,,,,,,,,,,,
31-01-2026,NMDC LTD.,Minerals & Mining,Equity Shares,,INE584A01023,0.516624079,,,,,,,,,,,,,,0.994534125,,,,,,,,,,,,,,,,,,,,,,,,,,,,,,,,0.756658118,,,,,,,,,,1.679308055,,,,,,,,,,,
31-01-2026,HINDALCO INDUSTRIES LTD.,Non - Ferrous Metals,Equity Shares,,INE038A01020,0.073072901,,,,,4.069857596,,,,2.047073404,,1.937736382,,,,,,,,,,,,,1.205010876,,,,,,,,,,,,,,,1.204446532,,,,,,,,,3.131513404,,,,,,,,1.552606216,,,,,,,,1.046222968,1.566094955,,
31-01-2026,HINDUSTAN COPPER LTD.,Non - Ferrous Metals,Equity Shares,,INE531E01026,,,,,,,,,,,,,,,,,,,,,,,,,,,,,,,,,,,,,,,,,,,,,,,,,1.142716036,,,,,,,,,,,,,,,,,,,
31-01-2026,HINDUSTAN ZINC LTD.,Non - Ferrous Metals,Equity Shares,,INE267A01025,0.202182107,,,,,,2.645549137,,,,,,,,,,,,,,,,,,,,,,,,,,,,,,,,,,,,,,,,,,,,,1.204463283,,,,,,,,,,,,,,,,
31-01-2026,NATIONAL ALUMINIUM CO. LTD.,Non - Ferrous Metals,Equity Shares,,INE139A01034,0.247428413,,,,,,2.88671476,,,,,,,,,,,,,,,,,,,,,,,,,,,,,,,,,,,,,,,,0.931797675,,,1.781377913,,,,,,,,,,,,,,,,,,
31-01-2026,OIL & NATURAL GAS CO.,Oil,Equity Shares,,INE213A01029,0.018540368,,,,,,,,,,,,,,,,,,,,,,,,0.903985764,,,,,,,,,,,,,,,0.903565967,,,,,,,,1.665450589,,,,,,,,,2.335919366,,,,,,,,,,,
31-01-2026,OIL INDIA LTD.,Oil,Equity Shares,,INE274J01014,,,,,,,,,,,,,,,2.394415508,,,,,,,,,,,,,,,,,,,1.299200253,,,,,,,,,,,,,0.749917043,1.07275815,,,,,,,,,,0.581279123,1.657320214,1.911045923,,,,,,,,
31-01-2026,RAMCO INDUSTRIES LTD.,Other Construction Materials,Equity Shares,,INE614A01028,,,,,,,,,,,,,,,,,,,,,,,,,,,,,,,,,,,,,,,,,,,,,,,,,,,,,,,,,,,,,0.67018456,,,,,,,
31-01-2026,PHYSICSWALLAH LIMITED,Other Consumer Services,Equity Shares,,INE0LP301011,,,,,,,,,,,0.114160931,,,,,,,,,,,,,,,,0.365660806,,,,,,0.667563687,,,,,,,,,,,,,,,,,,,,,,,,,,,,,,,,,,,
31-01-2026,ADITYA BIRLA REAL ESTATE LTD.,"Paper, Forest & Jute Products",Equity Shares,,INE055A01016,,,,,,,,,,,,,,,,,,,,,,,,,,,,,,,0.703993987,,,,,,,,,,,,,,,,,,0.336537399,,,,,,,,,,,,,,,,,,,
31-01-2026,JK PAPER LTD.,"Paper, Forest & Jute Products",Equity Shares,,INE789E01012,,,,,,,,,,,,,,,,,,,,,,,,,,,,,,,,,,,,,,,,,,,,,,,,,,,,,,,,,,,,,,,,,,,,0.936274513
31-01-2026,WEST COAST PAPER MILLS LTD.,"Paper, Forest & Jute Products",Equity Shares,,INE976A01021,,,,,,,,,,,,,,,,,,,,,,,,,,,,,,,,,,,,,,,,,,,,,,,,,,,,,,,,,1.52487544,,,,,,,,,,,
31-01-2026,COLGATE-PALMOLIVE INDIA LTD.,Personal Products,Equity Shares,,INE259A01022,,,,,0.927488903,,3.065932838,,,1.332074865,,,,,,,,,,,,,,,,,,,,,,,,,,,,,,,,,,,,,0.750436713,,,,,,,,,,,,,,,,,,,,,
31-01-2026,DABUR INDIA LTD.,Personal Products,Equity Shares,,INE016A01026,0.096388922,0.556057388,1.171959211,,0.99739525,,,,,,,,0.879325882,,,,,,,,,,,1.080574329,,,1.605998134,,,,,,,1.481555152,,,,,,,,,,,,,0.804474084,,,,,,,,,,,,,,,,,,,,,
31-01-2026,EMAMI LTD.,Personal Products,Equity Shares,,INE548C01032,,,,,0.714617354,,0.883705979,,,0.771639917,,,,,,,,,,,,,,,,,,,,,,,,,,,,,,,,,,,,,,,,,,,,,,,,,,,,,,,,,,
31-01-2026,GILLETTE INDIA LTD.,Personal Products,Equity Shares,,INE322A01010,,,,,0.53552458,,0.777542477,,,,,,,,,,,,,,,,,1.564106101,,,,,,,,,,,,,,,,,,,,,,,,,,,,,,,,,,,,,,,,,,,,
31-01-2026,GODREJ CONSUMER PRODUCTS LTD.,Personal Products,Equity Shares,,INE102D01028,0.020765995,,,,0.879208452,,,,,1.181140992,,,,,,,,,,,,,,,,,,,,,,,,1.65330132,,,,,,,,,,,,,,,,,,2.052922221,,,,,,,,,,,,,,,,
31-01-2026,P & G HYGIENE & HEALTH CARE LTD.,Personal Products,Equity Shares,,INE179A01014,,,,,0.372087773,,1.001677688,,,,,,,,,,,,,,,,,,,,,,,,,,,,,,,,,,,,,,,,0.299457276,,,,,,,,,,,,,,,,,,,,,
31-01-2026,BHARAT PETROLEUM CORPORATION LTD.,Petroleum Products,Equity Shares,,INE029A01011,,0.90384618,,,,,,,,2.51923367,,,,,5.542589748,,,,,,,,,,,,,,,,,,0.690109412,,,,,,,,,,,,,,,1.126237381,,,,3.123390128,,,,,3.165684893,,,,,,,,,,,
31-01-2026,CASTROL INDIA LTD.,Petroleum Products,Equity Shares,,INE172A01027,,,,,,,0.911916719,,,0.573626834,,,,,,,,,,,,,,,,,,,,,,,,,,,,,,,,,,,,,,0.516866194,0.45156213,,,,,,,,1.523184723,,,,,,,,,,,1.054686965
31-01-2026,HINDUSTAN PETROLEUM CORPORATION LTD.,Petroleum Products,Equity Shares,,INE094A01015,0.034060068,,,,,,,,,,,,,,,,,,,,,,,,,,,1.434968344,,,,,,,,,,,,,,,,,,,1.105462564,1.581377298,1.357920778,1.6463598,,,,,,,2.295736735,,,,,,,,,,,
31-01-2026,INDIAN OIL CORPORATION LTD.,Petroleum Products,Equity Shares,,INE242A01010,0.563082185,,,,,,,,,,,,,,,,,,,,,,,,,,,,,,,,,,,,,,,,,,,,,,,,,,,2.696480021,,,,,1.485251923,,,,,,,,,,,
31-01-2026,RELIANCE INDUSTRIES LTD.,Petroleum Products,Equity Shares,,INE002A01018,1.888171679,4.386423595,6.442039436,,,22.18075973,,,,,,2.000317004,5.017106867,4.276863045,,4.769067269,,,,,,,,,8.152119681,9.696632164,3.41783446,,,,,,3.703973064,4.286262987,4.259408861,3.112309317,,,,8.148340917,,,,,,,,15.01926719,9.24988842,,,,,,,,3.462588046,1.327204352,3.838679471,4.43059466,,,,,5.308174064,4.125678747,,5.194741372
31-01-2026,ABBOTT INDIA LTD.,Pharmaceuticals & Biotechnology,Equity Shares,,INE358A01014,,,,,,,1.414857237,,,,,,,1.074799441,,,,,,,,,,,,,,,,5.977686715,,,,,,,,,,,,,,,,,0.387737624,,,0.374175064,2.81227058,,,,,,,,,,,,,,,,,
31-01-2026,ACUTAAS CHEMICALS LTD.,Pharmaceuticals & Biotechnology,Equity Shares,,INE00FF01025,,,,,,,,,,,,,,,,,,,,,,,,,,,1.531683138,,,,,,,,,,,,,,,,,,,,,,,,,,,,,,,,,,,,,,,,,
31-01-2026,AJANTA PHARMA LTD.,Pharmaceuticals & Biotechnology,Equity Shares,,INE031B01049,,,,,,,,,,,,,,,,,,,,,,,,,,,,,,2.156634546,,,,,0.345608623,,,,,,,,,,,,0.315796707,,,,2.289974533,,,,,,,,,,,,,,,,,
31-01-2026,ALIVUS LIFE SCIENCES LTD,Pharmaceuticals & Biotechnology,Equity Shares,,INE03Q201024,,,,,,,,,,,,,,,,,,,,,,,,,,,,,,,,,,,,,,,,,,,,,,,,,,,,,,,,,,,,,0.720579607,,,,,,,
31-01-2026,ALKEM LABORATORIES LTD.,Pharmaceuticals & Biotechnology,Equity Shares,,INE540L01014,,0.569163214,1.627317634,,,,,,,2.266044745,,,,0.439875429,,2.71230939,,,,,,,,,,,,1.896426985,,2.551506309,,,,,,,,,,,,,,,,,0.895302739,,1.099714825,,6.491682824,,,,,,,,,,,,,,,,,
31-01-2026,AUROBINDO PHARMA LTD.,Pharmaceuticals & Biotechnology,Equity Shares,,INE406A01037,0.744560981,,,,,,,,,,,,,,,,,,,,,,,,,,1.289630484,1.578334489,,,,,,,3.337248852,,,,,,,,,,,,0.910584101,,1.118433344,,6.600836117,,,,,,,,,,,,,,,,,
31-01-2026,BIOCON LTD.,Pharmaceuticals & Biotechnology,Equity Shares,,INE376G01013,0.586857707,,,,,,,,,,,,,,,,,,,,,,,,,,,,,,,,,,,,,,,,,,,,,,0.593655373,,,0.864700368,4.303519868,,,,,,,,,,,,,,,,,
31-01-2026,CIPLA LTD.,Pharmaceuticals & Biotechnology,Equity Shares,,INE059A01026,0.010382341,,,,,,,,,1.53099867,,,,,,,,,,,,,,,0.6445437,,,,,4.687184494,,,,,,,,,,0.644234039,,,,,,,,,1.675015302,,,,,,,,,,,,,,,,,0.453600712,,
31-01-2026,COHANCE LIFESCIENCES LTD.,Pharmaceuticals & Biotechnology,Equity Shares,,INE03QK01018,,,,,,,,,,,,,,,,,,,,,,,,,,,,,,,,,,,,,,,,,,,,,,,,,0.314719736,,1.21147366,,,,,,,,,,,,,,,,,
31-01-2026,CORONA REMEDIES LTD,Pharmaceuticals & Biotechnology,Equity Shares,,INE02ZQ01018,,,,,,,,,,,,,,,,,,,,,,,,,,,,,,1.395825476,,,,,,,,,,,,,,,,,,,,,,,,,,,,,,,,,,,,,,
31-01-2026,DIVI LABORATORIES LTD.,Pharmaceuticals & Biotechnology,Equity Shares,,INE361B01024,0.068857397,,,,,,,,,,,0.921629144,,0.203914357,,,,,,,,,,,,,,,,5.371842289,,,,,,,,,,,,,,,,,,,1.728776949,,,3.398509759,,,,,,,,,,,,,,,,
31-01-2026,DR REDDYS LABORATORIES LTD.,Pharmaceuticals & Biotechnology,Equity Shares,,INE089A01031,0.04109543,,,,,,,,,1.910436145,,,,,,,,,,,,,,,0.642261321,,,,,1.777287161,,,,,,,,,,0.641948693,,,,,,,,,1.66904743,,,,,,,,,,,,,,,,,,,2.441759256
31-01-2026,FDC LTD.,Pharmaceuticals & Biotechnology,Equity Shares,,INE258B01022,,,,,,,,,,,,,,,,,,,,,,,,,,,,,,1.967483873,,,,,,,,,,,,,,,,,,,,,,,,,,,,,,,,,,,,,,
31-01-2026,GLAND PHARMA LTD.,Pharmaceuticals & Biotechnology,Equity Shares,,INE068V01023,,,,,,,,,,,,,,,,,,,,,,,,,,,,,,,,,,,,,,,,,,,,,,,,,0.745945919,,2.871751179,,,,,,,,,,,,,,,,,
31-01-2026,GLAXOSMITHKLINE PHARMACEUTICALS LTD.,Pharmaceuticals & Biotechnology,Equity Shares,,INE159A01016,,,,,,,1.116125491,,,,,,,,,,,,,,,,,,,,,,,1.711542952,,,,,,,,,,,,,,,,,0.267767449,,,,1.941304468,,,,,,,,,,,,,,,,,
31-01-2026,GLENMARK PHARMACEUTICALS LTD.,Pharmaceuticals & Biotechnology,Equity Shares,,INE935A01035,0.710991338,,,,,,,,,,,,,,,,,,,,,,,,,,,2.258198817,,,,,,,,,2.016472015,,,,,,,,,,0.818348355,,1.005148728,1.844947642,5.932213147,,,,,,,,,,,,,,,,,
31-01-2026,GRANULES INDIA LTD.,Pharmaceuticals & Biotechnology,Equity Shares,,INE101D01020,,,,,,,,,,,,,1.545122476,,,,,,,,,,,,,,,1.066121456,,,,,,,,,,,,,,,,,,,,,0.420263437,,1.617785159,,,,,,,,,,,,,,1.102115003,,,
31-01-2026,HIKAL LTD.,Pharmaceuticals & Biotechnology,Equity Shares,,INE475B01022,,,,,,,,,,,,,,,,,,,,,,,,,,,,,,0.611842704,,,,,,,,,,,,,,,,,,,,,,,,,,,,,,,0.590553371,,,,,,,
31-01-2026,INDOCO REMEDIES LTD.,Pharmaceuticals & Biotechnology,Equity Shares,,INE873D01024,,,,,,,,,,,,,,,,,,,,,,,,,,,0.438213169,,,,,,,,,,,,,,,,,,,,,,,,,,,,,,,,,,,,,,,,,
31-01-2026,IPCA LABORATORIES LTD.,Pharmaceuticals & Biotechnology,Equity Shares,,INE571A01038,,,,,,,,,,1.132476565,,,,,,,,,,,,,,,,,,,,3.113559109,,,,,,,,,,,,,,,,,0.551053332,,,,3.994770491,,,,,,,,,,,,,,,,,
31-01-2026,J.B.CHEMICALS & PHARMACEUTICALS LTD.,Pharmaceuticals & Biotechnology,Equity Shares,,INE572A01036,,,,,,,,,,0.730533903,,,,,,,,,,,,,,,,,1.052214085,,,3.063489826,,,,,,,,,,,,,,,,,,,0.775941977,,2.987188392,,,,,,,,,,,,,,,,,
31-01-2026,JUBILANT PHARMOVA LTD,Pharmaceuticals & Biotechnology,Equity Shares,,INE700A01033,,,,,,,,,,,,,,,,,,,,,,,,,,,,,,0.053643109,,,,,,,,,,,,,,,,,,,,,,,,,,,,,,,,,,,,,,
31-01-2026,LAURUS LABS LTD.,Pharmaceuticals & Biotechnology,Equity Shares,,INE947Q01028,0.530923419,,,,,,,,,,,,,,,,,,,,,,,,,,,,,,,,,,,,,,,,,,,,,,,,1.903299288,,7.326683177,,,,,,,,,,,,,,,,,
31-01-2026,LUPIN LTD.,Pharmaceuticals & Biotechnology,Equity Shares,,INE326A01037,,,2.619426291,,,,,,,,,,,1.060059394,,,,,,,,,,,,,,1.607702238,,3.026068727,,,,,,,,,,,,,,,,,1.406844043,,1.728043269,1.456187991,10.19830936,,,,,,,,,,,,,,,,,
31-01-2026,MANKIND PHARMA LTD,Pharmaceuticals & Biotechnology,Equity Shares,,INE634S01028,,0.559155556,,,,,,,,,,,,0.679820698,,,,,,,,,,,,,,2.093245386,,3.375270494,,,,,,,,,,,,,,,,,0.647597694,,0.795385713,,4.69459149,,,,,,,,,,,,,,,,,
31-01-2026,NATCO PHARMA LTD.,Pharmaceuticals & Biotechnology,Equity Shares,,INE987B01026,,,,,,,,,,,,,,,0.781978293,,,,,,,,,,,,,,,,,,,,,,,,,,,,,,,,,,0.380654318,,1.465458345,,,,,,,,,,0.426492428,,,,,,,
31-01-2026,NEULAND LABORATORIES LTD.,Pharmaceuticals & Biotechnology,Equity Shares,,INE794A01010,,,,,,,,,,,,,,,,,,,,,,,,,,,,,,1.516378879,,,,,,,,,,,,,,,,,,,0.576103711,,2.218225108,,,,,,,,,,,,,,,,,
31-01-2026,ONESOURCE SPECIALTY PHARMA LTD,Pharmaceuticals & Biotechnology,Equity Shares,,INE013P01021,,,,,,,,,,,,,,,,,,,,,,,,,,,,,,,,,,,,,,,,,,,,,,,,,,,1.291994198,,,,,,,,,,,,,,,,,
31-01-2026,ORCHID PHARMA LTD.,Pharmaceuticals & Biotechnology,Equity Shares,,INE191A01027,,,,,,,,,,,,,,,,,,,,,,,,,,,0.672308229,,,,,,,,,,,,,,,,,,,,,,,,,,,,,,,,,,,,,,,,,
31-01-2026,PFIZER LTD.,Pharmaceuticals & Biotechnology,Equity Shares,,INE182A01018,,,,,,,,,,,,,,,,,,,,,,,,,,,,,,,,,,0.252161497,,,,,,,,,,,,,,,,,1.352466451,,,,,,,,,,,,,,,,,
31-01-2026,PIRAMAL PHARMA LTD,Pharmaceuticals & Biotechnology,Equity Shares,,INE0DK501011,,,,,,,,,,,,,,,,,,,,,,,,,,,0.412933765,,,,,,,,,,,,,,,,,,,,,,0.485871216,,1.870300305,,,,,,,,,,,,,,,,,
31-01-2026,SAI LIFE SCIENCES LTD,Pharmaceuticals & Biotechnology,Equity Shares,,INE570L01029,,,,,,,,,,,,,,,,,,,,,,,,,,,,,,2.766341291,,,,,,,,,,,,,,,,,,,0.581292766,,,,,,,,,,,,,,,,,,,
31-01-2026,SANOFI INDIA LTD.,Pharmaceuticals & Biotechnology,Equity Shares,,INE058A01010,,,,,,,,,,0.238112697,,,,,,,,,,,,,,,,,,,,2.115473272,,,,,,,,,,,,,,,,,,,,,,,,,,,,,,,,,,,,,,
31-01-2026,SUN PHARMACEUTICAL INDUSTRIES LTD.,Pharmaceuticals & Biotechnology,Equity Shares,,INE044A01036,0.00027153,0.959572743,,,,,,,,1.024622361,,,,,,3.338702348,,,,,,,,,1.461590372,1.728650601,,,,9.306544902,,,0.506119125,2.179142589,0.330693132,,,,,1.460893864,,,,,,,,,3.798289256,,,,,,,,,,,,,,,,,1.659582687,,
31-01-2026,TORRENT PHARMACEUTICALS LTD.,Pharmaceuticals & Biotechnology,Equity Shares,,INE685A01028,0.003370766,,,,,,3.035091973,,,,,,1.729533189,,,,,,,,,,,,,,,,,1.223259534,,,,,,,,,,,,,,,,,,,,,,1.831045091,,,,,,,,,,,,,,,,
31-01-2026,WOCKHARDT LTD.,Pharmaceuticals & Biotechnology,Equity Shares,,INE049B01025,,,,,,,,,,,,,,1.66549337,,,,,,,,,,,,,1.027495527,,,,,,0.551415841,,,,,,,,,,,,,,,,0.57952414,,2.231168172,,,,,,,,,,2.597518572,,,,,,,
31-01-2026,ZYDUS LIFESCIENCES LTD.,Pharmaceuticals & Biotechnology,Equity Shares,,INE010B01027,0.192961161,,,,,,,,,,,,,,,,,,,,,,,,,,,,,,,,,,,,,,,,,,,,,,,,,,,0.979314168,,,,,,,,,,,,,,,,
31-01-2026,ACME SOLAR HOLDINGS LTD.,Power,Equity Shares,,INE622W01025,,,1.041567048,,,,,,,,,,,,,,,,,,,,,,,,,,,,,,,,,,,,,,,,,,,,,,,,,,,,,,,,,,1.240183976,,,,,,,
31-01-2026,ADANI ENERGY SOLUTIONS LTD.,Power,Equity Shares,,INE931S01010,0.575696259,0.502530965,1.707247403,,,0.854118895,,,,,,0.821401975,0.968438352,1.87258448,,,,,,,,,,,,,,,,,2.422693321,,0.6060988,,,0.817936919,,,,,,,,,,,,,,,,1.372214305,,,,,2.086916684,,,,,,,,1.485359449,,,
31-01-2026,ADANI GREEN ENERGY LTD.,Power,Equity Shares,,INE364U01010,0.418787214,,,,,0.772405876,,,,,,,,,,,,,,,,,,,,,,,,,,,,,,,,,,,,,,,,,,,,,,1.154988218,,,,,,,,,,,,,,,,
31-01-2026,ADANI POWER LTD.,Power,Equity Shares,,INE814H01029,,,,,,1.533740113,,,,,,1.160366754,,,,1.694285611,,,,,,,,,,,,,,,2.106001959,,,,,,,,,,,,,,,,,,,,,2.361086713,,,,,2.491525733,,,,,,,,,,,
31-01-2026,CESC LTD.,Power,Equity Shares,,INE486A01021,,,,,,,,,,,,0.784785877,,,,,,,,,,,,,,,,,,,,,,,,,,,,,,,,,,,,0.550136601,,,,,,,,,1.490446384,,,,,,,,,,,1.290022763
31-01-2026,JAIPRAKASH POWER VENTURES LTD.,Power,Equity Shares,,INE351F01018,,,,,,,,,,,,,,,,,,,,,,,,,,,,,,,,,,,,,,,,,,,,,,,,0.429730098,,,,,,,,,,,,,,,,,,,,
31-01-2026,JSW ENERGY LTD.,Power,Equity Shares,,INE121E01018,0.373192486,,,,,0.731920238,,,,,,,,,,,,,,,,,,,,,,,,,,,,,,,,,,,,,,,,,,,,,,1.090730489,,,,,,,,,,,,,,,,
31-01-2026,NHPC LTD.,Power,Equity Shares,,INE848E01016,,,,,,,,,,,,1.172549909,,0.764783157,,,,,,,,,,,,,,,,,,,,,,,,,,,,,,,,,0.666947667,0.954091706,,,,,,,,,2.263891711,,,,,,,,,,,
31-01-2026,NLC INDIA LTD.,Power,Equity Shares,,INE589A01014,,,,,,,,,,,,,,,,,,,,,,,,,,,,,,,,,,,,,,,,,,,,,,,0.227841035,,,,,,,,,,,,,,,,,,,,,
31-01-2026,NTPC GREEN ENERGY LTD.,Power,Equity Shares,,INE0ONG01011,,,,,,,,,,,,,,,,,,,,,,,,,,,,,,,,,,,,,,,,,,,,,,,0.215776926,,,,,,,,,,,,,,,,,,,,,
31-01-2026,NTPC Ltd.,Power,Equity Shares,,INE733E01010,0.345122939,1.167867273,,,,,,,,,,1.879002411,,,3.233470757,4.303874876,,,,,,,4.658794851,,1.460329976,1.735571784,,,,,4.291962924,,0.830679579,2.397617557,4.212625768,2.637296445,,,,1.459650992,,,,,,,,2.69046055,,,,,,,,,4.122483116,,,,,,,,1.683129949,2.690654149,,
31-01-2026,POWER GRID CORPORATION OF INDIA LTD.,Power,Equity Shares,,INE752E01010,0.284400139,0.20527643,,,,,,,,,,1.825627619,,,1.753844581,,,,,,,,,,1.005249329,1.199384645,,,,,1.720207096,,0.787453441,,0.243475514,,,,,1.004782449,,,,,,,,1.852028708,,,,,,,,,1.272973819,,,,,,,,1.239033748,,,
31-01-2026,RELIANCE POWER LTD.,Power,Equity Shares,,INE614G01033,,,,,,,,,,,,,,,,,,,,,,,,,,,,,,,,,,,,,,,,,,,,,,,,0.470381784,,,,,,,,,,,,,,,,,,,,
31-01-2026,SJVN LTD.,Power,Equity Shares,,INE002L01015,,,,,,,,,,,,,,,,,,,,,,,,,,,,,,,,,,,,,,,,,,,,,,,0.139795406,,,,,,,,,,,,,,,,,,,,,
31-01-2026,TATA POWER COMPANY LTD.,Power,Equity Shares,,INE245A01021,0.210508733,0.425970178,,,,1.325340594,,,,,,0.864140574,,,,,,,,,,,,,,,,,,,1.472046834,,,,,,,,,,,,,,,,,0.980568614,,,,2.719362444,,,,,1.802746813,,,,,,,,,,,
31-01-2026,TORRENT POWER LTD.,Power,Equity Shares,,INE813H01021,,,,,,,,,,,,,,,,,,,,,,,,,,,,0.518127003,,,2.302487472,,,,,,,,,,,,,,,,0.711670934,1.018112075,,,,,,,,,,,,,,,,,,,,
31-01-2026,ANANT RAJ LTD.,Realty,Equity Shares,,INE242C01024,,,,,0.54329046,,,,,,,,0.403176192,,,,,,,,,,,,,,,,,,,,,,,,,,,,,,,,,,,,,,,,,3.997553483,,,,,,,1.874489404,,,,,1.119389458,,
31-01-2026,BRIGADE ENTERPRISES LTD.,Realty,Equity Shares,,INE791I01019,,,,,0.784252514,,,,,,,,,,,,,,,,,,,,,,,,,,,,0.349672791,,,,,,,,,,,,,,,0.607136271,,,,,,5.419609731,,,,,,,,,,,,0.866584389,,
31-01-2026,DLF LTD.,Realty,Equity Shares,,INE271C01023,1.365098564,,,,0.779991695,,,,,,,,,,,,,,,,,,,,,,,,,,2.109839162,,,,,,,,,,,,,,,,,,,,,1.802979002,,21.15327602,,,,,,,,,,,,,,
31-01-2026,GODREJ PROPERTIES LTD.,Realty,Equity Shares,,INE484J01027,0.934791219,1.292719628,1.81583949,,0.782427766,,,,,,,,,3.299833715,,2.231084392,,,,,,,1.339938454,,,,,,,,,,0.580935346,,,0.552656511,,,,,,,,,,,0.633940152,0.906856855,,,,,,12.19832868,,,,0.342532985,1.177317169,1.3881244,,,,,,,,
31-01-2026,KEYSTONE REALTORS LTD.,Realty,Equity Shares,,INE263M01029,,,,,,,,,,,,,,,,,,,,,,,2.860100751,,,,,,,,,,,,,,,,,,,,,,,,,,,,,,,,,,,,,,1.266628243,,,,,,,
31-01-2026,LODHA DEVELOPERS LTD.,Realty,Equity Shares,,INE670K01029,0.002551198,,,,0.517862833,,,,,,,,,,,,,,,,,,,,,,,,,,,,,,,,,,,,,,,,,,,,,,,1.208164451,,14.17464038,,,,,,,,,,,,,,
31-01-2026,MAHINDRA LIFESPACE DEVELOPERS LTD.,Realty,Equity Shares,,INE813A01018,,,,,,,,,,,,,,,,,,,,,,,,,,,,,,,,,,0.402229653,,,,,,,,,,,,,,,,,,,,,,,,,,,,,,,,,,
31-01-2026,OBEROI REALTY LTD.,Realty,Equity Shares,,INE093I01010,,,,,0.582890949,,,,,,,,,,,,,,,,,,,,,,,1.391747531,,,1.291064657,,,,,,,,,,,,,,,,0.473014917,0.676538488,,,,,,9.101758736,,,,,,,,,,,,,,
31-01-2026,PRESTIGE ESTATES PROJECTS LTD.,Realty,Equity Shares,,INE811K01011,0.351173116,0.67140559,,,0.824732834,,,,,,,,,,,,,,,,,,4.583092738,,,,,,,,,,0.254270765,,,0.906235436,,,,,,,,,,,0.66459087,0.950665424,,,,,,12.78680716,,,,,,,,,,,,,,
31-01-2026,SIGNATUREGLOBAL (INDIA) LTD,Realty,Equity Shares,,INE903U01023,,,,,0.265096597,,,,,,,,,,,,,,,,,,,,,,,,,,,,,,,,,,,,,,,,,,,,,,,,,1.831148891,,,,,,,,,,,,,,
31-01-2026,SOBHA LTD.,Realty,Equity Shares,,INE671H01015,,,,,,,,,,,,,,,,,,,,,,,,,,,,,,,,,,1.16858148,,,,,,,,,,,,,,,,,,,,3.349084651,,,,,,,,,,,,,,
31-01-2026,SRI LOTUS DEVELOPERS AND REALTY LTD.,Realty,Equity Shares,,INE0V9Q01010,,,,,,,,,,,,,,,,,,,,,,,,,,,,,,,,,,,,,,,,,,,,,,,,,,,,,,,,,,,,,0.387003862,,,,,,,
31-01-2026,TARC LTD.,Realty,Equity Shares,,INE0EK901012,,,,,,,,,,,,,,,,,,,,,,,1.431949661,,,,,,,,1.11828522,,,,,,,,,,,,,,,,,,,,,,,,,,,,,,,,,,,,,
31-01-2026,THE PHOENIX MILLS LTD.,Realty,Equity Shares,,INE211B01039,0.133366559,,,,1.043103475,,,,,,,,,,,,,,,,,,,,,,,0.935753947,,,1.576713794,,,1.169715228,,,,,,,,,,,,,0.840282971,1.202019293,,,,,,16.16848714,,,,,,,,,,,,,,
31-01-2026,ADITYA BIRLA LIFESTYLE BRANDS LTD.,Retailing,Equity Shares,,INE14LE01019,,,,,0.364852861,,,,,,,,,,,,,,,,,,,,,,,,,,,,,,,,,,,,,,,,,,,,,,,,,,,,,,,,,,,,,,,
31-01-2026,ARVIND FASHIONS LTD.,Retailing,Equity Shares,,INE955V01021,,,,,,,,,,0.564539614,,,1.062229484,,,,,,,,,,,,,,,,,,,,,,,,,,,,,,,,,,,,,,,,,,,,,,,,,,,,,,,0.943648444
31-01-2026,AVENUE SUPERMARTS LTD.,Retailing,Equity Shares,,INE192R01011,,,,,1.052771996,,,,,0.71595866,,,,,,,,,,,,,,,,,,,,,,,,,,,,,,,,,,,,,,,,,,2.401464734,,,,,,,,,,,,,,,,
31-01-2026,BRAINBEES SOLUTIONS LIMITED.,Retailing,Equity Shares,,INE02RE01045,,,,,0.454655403,,,,,,,,,,,,,,,,,,,,,,,,,,,,,,,,,,,,,,,,,,,,,,,,,,,,,,,,,,,,,,,
31-01-2026,CARTRADE TECH LTD.,Retailing,Equity Shares,,INE290S01011,,0.23975162,,,,,,,,,1.236609678,,,,1.453183926,,,,,,,,,4.81259059,,,,,,,,,,,,,,,,,,,,,,,,,,,,,,,,,,,,,2.004777307,,,,,,,
31-01-2026,ETERNAL LTD.,Retailing,Equity Shares,,INE758T01015,2.293093373,,,,3.628851213,,,,,,4.422471756,,,,1.954533264,,,,,,,,,8.462010417,1.700847881,1.952399465,2.739009846,,,,,,,,,0.95894737,,,,1.700056409,,,,7.72120564,,,,,,,,,,,,,,1.171029095,3.151766569,3.643794204,,,,,,1.222388291,,
31-01-2026,FSN E COMMERCE VENTURES LTD,Retailing,Equity Shares,,INE388Y01029,,,,,1.096822805,,,,,,,,,,,,,,,,,,,,,,,,,,,,,,,,4.411031936,,,,,,,3.390719643,,,0.874560588,,,2.556258194,,,,,,,,,,,,,,,,,,
31-01-2026,INDIAMART INTERMESH LTD.,Retailing,Equity Shares,,INE933S01016,,,,,,,,,,,,,,,,,,,,,,,,,,,,,,,,,,,,,,,,,,,,0.704229204,,,,,,,,,,,,,,,,,,,,,,,,
31-01-2026,INFO EDGE (INDIA) LTD.,Retailing,Equity Shares,,INE663F01032,0.026430072,,,,1.633943747,,,,,,,,,,,,,,,,,,,,,,,,,,,,,,,,,,,,,,,5.073438227,,,,,,,,2.145863626,,,,,,,,,,,,,,,,
31-01-2026,MEESHO LTD.,Retailing,Equity Shares,,INE0VDM01015,,,,,,,,,,,0.098066465,,,,,,,,,,,,,0.480391624,,,0.13086079,0.14645048,,,,,,,,0.124950871,,,,,,,,,,,,,,,,,,,,,,,,,,,,,,,,
31-01-2026,SHOPPERS STOP LTD.,Retailing,Equity Shares,,INE498B01024,,,,,,,,,,,,,,,,,,,,,,,,,,,,,,,,,,,,,,,,,,,,,,,,,,,,,,,,,,,,,1.795166627,,,,,,,
31-01-2026,SWIGGY LTD.,Retailing,Equity Shares,,INE00H001014,,,,,1.44363875,,,,,,1.289217449,,,,,,,,,,,,,,,,1.580795111,0.578300084,,,,,,,,0.986954904,,,,,,,,4.326824225,,,1.116042681,,,,,,,,,,,,,,,,,,,,,
31-01-2026,TRENT LTD.,Retailing,Equity Shares,,INE849A01020,0.58319798,,,,1.59197865,1.815326719,,,,,,,,,,,,,,,,,,2.287759576,0.726689637,0.856559909,,,,,,,,,,,,,,0.726320852,,,,,,,,,,,,,,,,,,,,,,,,,,,,
31-01-2026,V-MART RETAIL LTD.,Retailing,Equity Shares,,INE665J01013,,,,,,,,,,,,,,,,,,,,,,,,,,,,,,,,,,,,,,,,,,,,,,,,,,,,,,,,,,,,,,,,,,0.681910109,,
31-01-2026,VEDANT FASHIONS LTD.,Retailing,Equity Shares,,INE825V01034,,,0.52801164,,0.220498853,,,,,,,,,,,,,,,,,,,,,,,,,,,,,,,,,,,,,,,,,,,,,,,,,,,,,,,,,,,,,,,
31-01-2026,VISHAL MEGA MART LTD,Retailing,Equity Shares,,INE01EA01019,,0.423055564,,,0.88979142,,,,,,,,,,,,,,,,,,,,,,1.48121691,,,,,,,,,1.286255087,,,,,,,,,,,0.722602434,,,,,,,,,,,,,,,,,,,,,
31-01-2026,BHARTI AIRTEL LTD.,Telecom - Services,Equity Shares,,INE397D01024,2.571658804,2.639157846,,,,,,,,,2.57464308,1.93857989,5.125726996,3.813723848,,,,,,,,,,,4.746476911,5.645412023,3.081750795,,,,,,2.883359667,1.884688489,5.785971441,2.509143657,1.918925134,,,4.744275614,,,,7.434359871,,,,8.744645709,,,,,,,,,,,,,,,,,2.318035273,,,
31-01-2026,BHARTI AIRTEL LTD. (RIGHT 14/10/2021) (PARTLY PAID),Telecom - Services,Equity Shares,,IN9397D01014,0.016981012,,,,,,,,,,,,,0.199420228,,,,,,,,,,,,,,,,,,,,,0.070615241,,,,,,,,,,,,,,,,,,,,,,,,,,,,,,,4.886268098,,
31-01-2026,BHARTI HEXACOM LTD,Telecom - Services,Equity Shares,,INE343G01021,,,,,,,,,,,,,,,,,,,,,,,,,,,,1.809163091,,,,,,,,,,,,,,,,1.214385743,,,0.313153677,,,0.370033993,,,,,,,,,,,,,,,,,,
31-01-2026,HFCL LTD.,Telecom - Services,Equity Shares,,INE548A01028,,,,,,,,,,,,,,,,,,,,,,,,,,,,,,,,,,,,,,,,,,,,,,,,0.427217762,,,,,,,,,,,,,,,,,,,,
31-01-2026,INDUS TOWERS LTD.,Telecom - Services,Equity Shares,,INE121J01017,0.761066443,,,,,,,,,,,,,,4.891298098,,,,,,,,,,,,,1.659007117,,,2.081456253,,0.894122179,1.397634589,,,,,,,,,,,,,1.550145139,2.217501301,,1.882496791,,,,,,,,,,,,,,,1.207243052,,,1.083295954
31-01-2026,TATA COMMUNICATIONS LTD.,Telecom - Services,Equity Shares,,INE151A01013,,,,,,0.399316801,,,,,0.7875482,,0.584138499,2.223321686,,1.97858969,,,,,,,,,,,2.090821754,,,,,,,,,,,,,,,,,1.927928323,,,0.497235085,,,,,,,,,,,,,,,,,,,,,
31-01-2026,VODAFONE IDEA LTD.,Telecom - Services,Equity Shares,,INE669E01016,1.341026185,,,,,0.88987244,,,,,,,,,,,,,,,,,,,,,,,,,,,,,,,,,,,,,,3.223279959,,,0.831398123,1.189346194,,1.434896518,,,,,,,,,,,,,,,,,,
31-01-2026,GANESHA ECOSPHERE LTD.,Textiles & Apparels,Equity Shares,,INE845D01014,,,,,,,,,,,,,,,,,,,,,,,,,,,,,,,,,,,,,,,,,,,,,,,,,,,,,,,,,1.416896785,,,,0.368474865,,,,,,,
31-01-2026,GOKALDAS EXPORTS  LTD.,Textiles & Apparels,Equity Shares,,INE887G01027,,,,,,,,,,,,,,,,,,,,,,,,,,,,,,,,,,,,,,,,,,,,,,,,,,,,,,,,,,,,,0.768731198,,,,,,,
31-01-2026,K.P.R. MILL LTD.,Textiles & Apparels,Equity Shares,,INE930H01031,,,,,0.339015493,,,,,,,,,,,,,,,,,,,,,,,0.777790565,,,,,,,,,,,,,,,,,,,0.270439719,,,,,,,,,,,,,,,,,,,,,
31-01-2026,PAGE INDUSTRIES LTD.,Textiles & Apparels,Equity Shares,,INE761H01022,,,,,0.692117507,,2.353172546,,,0.789383808,,,,,,2.690491955,,,,,,,,,,,,0.616013277,,,,,,0.971606559,,,,,,,,,,,,,0.560356088,,0.688559364,,,,,,,,,,,,,,,,,,,
31-01-2026,PEARL GLOBAL INDUSTRIES LTD.,Textiles & Apparels,Equity Shares,,INE940H01022,,,,,,,,,,,,,,,,,,,,,,,,,,,,,,,,,,,,1.527490198,,,,,,,,,,,,,,,,,,,,,,,,,,,,,,,,
31-01-2026,TRIDENT LTD.,Textiles & Apparels,Equity Shares,,INE064C01022,,,,,0.23785088,,,,,,,,,,,,,,,,,,,,,,,,,,,,,,,,,,,,,,,,,,,,,,,,,,,,,,,,,,,,,,,
31-01-2026,VARDHMAN TEXTILES LTD.,Textiles & Apparels,Equity Shares,,INE825A01020,,,,,0.327434928,,,,,,,,,,,,,,,,,,,,,,,,,,,,,,,,,,,,,,,,,,,,,,,,,,,,,,,,,,,,,,,
31-01-2026,ADANI PORTS AND SPECIAL ECONOMIC ZONE LTD.,Transport Infrastructure,Equity Shares,,INE742F01042,0.433570599,1.223400723,1.305548812,,,3.062367431,,,,,,1.375943952,1.056172992,,,4.025236482,,,,,,,,,0.850045482,1.068927562,3.163837898,1.325376044,,,3.386632018,,1.073501728,1.329876516,3.791155196,3.619121414,,,,0.849652718,,,,,,,,1.566012548,,,,,,,,,,0.450137294,0.876093249,1.502689384,,,,,1.260231684,,,
31-01-2026,GMR AIRPORTS LTD,Transport Infrastructure,Equity Shares,,INE776C01039,0.233758385,,,,,,,,,,,,,,,,,,,,,,,,,,,,,,,,,,,,,,,,,,,,,15.0607545,0.903105692,1.291922708,,2.240294122,,,,,,,,,,,,,,,,,,
31-01-2026,GUJARAT PIPAVAV PORT LTD.,Transport Infrastructure,Equity Shares,,INE517F01014,,,,,,,,,,,,,,,,,,,,,,,,,,,,,,,1.493875941,,,,,,,,,,,,,,,,,,,,,,,,,,,,,,1.685654408,,,,,,,
31-01-2026,JSW INFRASTRUCTURE LTD,Transport Infrastructure,Equity Shares,,INE880J01026,,,,,,,,,,,,,,,,,,,,,,,,,,,,1.351327202,,,,,,,,,,,,,,,,,,,0.22534334,,,,,,,,,,,,,,,,,,,,,
31-01-2026,ALLCARGO GLOBAL LTD.,Transport Services,Equity Shares,,,,,,,,,,,,,,,,,,,,,,,,,,,,,,,,,,,,,,,,,,,,,,,,,,,,,,,,,,,,,,,0.349691115,,,,,,,
31-01-2026,ALLCARGO LOGISTICS LTD.,Transport Services,Equity Shares,,INE418H01029,,,,,,,,,,,,,,,,,,,,,,,,,,,,,,,,,,,,,,,,,,,,,,,,,,,,,,,,,,,,,0.165224679,,,,,,,
31-01-2026,CONTAINER CORPORATION OF INDIA LTD.,Transport Services,Equity Shares,,INE111A01025,0.830741847,,,,,,,,,,,,,,,,,,,,,,,,,,,,,,,,,,,,,,,,,,,,,,0.467387344,0.668565206,,,,,,,,,,,,,,,,,,,,
31-01-2026,DELHIVERY LTD.,Transport Services,Equity Shares,,INE148O01028,0.18010558,0.883612734,2.570588418,,,,,,,,0.599234959,,,,,,,,,,,,,,,,2.822768554,,,,,,,,,0.485151663,,,,,,,,,,,,1.338347219,,,,,,,,,,,,,,,,,,,,
31-01-2026,INTERGLOBE AVIATION LTD.,Transport Services,Equity Shares,,INE646L01027,0.987106285,,,,,,,,,,,0.640608823,,,,,,,,,,,,,0.899124063,1.058288589,,,,,,,,,0.427960748,,2.39099447,,,0.898699652,,,,,,20.27651831,,1.656441532,,,,,,,,,,,,,,,,,,0.855675527,,
31-01-2026,MAHINDRA LOGISTICS LTD.,Transport Services,Equity Shares,,INE766P01016,,,,,,,,,,,,,,,,,,,,,,,,,,,,0.694467689,,,1.26016649,,,,,,,,,,,,,,,,,,,,,,,,,,,,,,,,,,,,,
31-01-2026,TCI EXPRESS LTD,Transport Services,Equity Shares,,INE586V01016,,,,,,,,,,,,,,,,,,,,,,,,,,,,,,,0.87487368,,,,,,,,,,,,,,,,,,,,,,,,,,,,,,,,,,,,,
31-01-2026,THE GREAT EASTERN SHIPPING CO.LTD.,Transport Services,Equity Shares,,INE017A01032,,,,,,,,,,,,,,,,,,,,,,,,,,,,,,,,,,,,,,,,,,,,,,,,0.692717726,,,,,,,,,,,,,,,,,,,,
31-01-2026,TRANSINDIA REAL ESTATE LIMITED,Transport Services,Equity Shares,,INE0O3901029,,,,,,,,,,,,,,,,,,,,,,,,,,,,,,,,,,,,,,,,,,,,,,,,,,,,,,,,,,,,,0.077699668,,,,,,,
31-01-2026,TRANSPORT CORPORATION OF INDIA LTD.,Transport Services,Equity Shares,,INE688A01022,,,,,,,,,,,,,,,,,,,,,,,,,,,,,,,,,,,,1.135723022,,,,,,,,,,,,,,,,,,,,,,,,,0.773511461,,,,,,,
31-01-2026,TVS MOTOR COMPANY LTD. (PREFERENCE SHARE) EX DT - 25/08/2025,Automobiles,Preference Share,,INE494B04019,,0.013873156,,,,,,,,,,0.023448291,,,,,,,,,,,,,,,,,,,,,,,0.008074548,,,0.073886543,,,,,,,,,,,,,,,,,,,,,,,,,,,,,,
31-01-2026,POWERGRID INFRASTRUCTURE INVESTMENT TRUST,Power,INVit UNITS,,INE0GGX23010,,,,,,,,,,,,,,,,,,,,,,,,,,,,,,,,,,,,,,,,,,,,,,,,,,,,,,,,,,,,,0.08863805,,,,,,,
31-01-2026,ALTIUS TELECOM INFRASTRUCTURE TRUST,Telecom - Services,INVit UNITS,,INE0BWS23018,,0.834973295,,,,,,,,,,,,,,,,,,,,,,,,,,,,,,,,,,,,,,,,,,,,,,,,,,,,,,,,,,,,,,,,,,
31-01-2026,ROADSTAR INFRA INVESTMENT TRUST - INV-IT,Transport Infrastructure,INVit UNITS,,INE0JEI23010,,,,,,,,,,,,,,,,,,,,,,,,,,,,,,,,,,,,,,,,,,,,,,,,,,,,,,,,,,,,,,,,0.041427573,,,,
31-01-2026,COPPER (2500 KGS) COMMODITY,Industrial Metals,Commodity Futures,,COPPER,,,,,,,,,,,,,,,,,,,,,,,,,,,,,,,,,-0.58769828,,,,,,,,,,,,,,,,,,,,,,,,,,,,,,,,,,,
31-01-2026,COPPER (2500 KGS) COMMODITY,Industrial Metals,Commodity Futures,,COPPER,,,,,,,,,,,,,,,,,,,,,,,,,,,,,,,,,2.462288275,,,,,,,,,,,,,,,,,,,,,,,,,,,,,,,,,,,
31-01-2026,GOLD (1 KG-1000 GMS) COMMODITY,Precious Metals,Commodity Futures,,,,,,,,,,,,,,,,,,,,,,,,,,,,,,,,,,,-1.559110493,,,,,,,,,,,,,,,,,,,,,,,,,,,,,,,,,,,
31-01-2026,GOLD (1 KG-1000 GMS) COMMODITY,Precious Metals,Commodity Futures,,,,,,,,,,,,,,,,,,,,,,,,,,,,,,,,,,,5.728035736,,,,,,,,,,,,,,,,,,,,,,,,,,,,,,,,,,,
31-01-2026,SILVER (30 KG) COMMODITY,Precious Metals,Commodity Futures,,,,,,,,,,,,,,,,,,,,,,,,,,,,,,,,,,,3.585099589,,,,,,,,,,,,,,,,,,,,,,,,,,,,,,,,,,,
31-01-2026,SILVER (30 KG) COMMODITY,Precious Metals,Commodity Futures,,,,,,,,,,,,,,,,,,,,,,,,,,,,,,,,,,,-3.811768024,,,,,,,,,,,,,,,,,,,,,,,,,,,,,,,,,,,
31-01-2026,SILVER MINI (5 KGS) COMMODITY,Precious Metals,Commodity Futures,,,,,,,,,,,,,,,,,,,,,,,,,,,,,,,,,,,-1.533336502,,,,,,,,,,,,,,,,,,,,,,,,,,,,,,,,,,,
31-01-2026,SILVER MINI (5 KGS) COMMODITY,Precious Metals,Commodity Futures,,,,,,,,,,,,,,,,,,,,,,,,,,,,,,,,,,,1.776099702,,,,,,,,,,,,,,,,,,,,,,,,,,,,,,,,,,,
31-01-2026,SILVER MINI (5 KGS) COMMODITY,Precious Metals,Commodity Futures,,,,,,,,,,,,,,,,,,,,,,,,,,,,,,,,,,,2.462990333,,,,,,,,,,,,,,,,,,,,,,,,,,,,,,,,,,,
31-01-2026,BHARAT DYNAMICS LTD.,Aerospace and Defense,FUTURES DERIVATIVES,,INE171Z01026,-0.046211062,,,,,,,,,,,,,,,,,,,,,,,,,,,,,,,,,,,,,,,,,,,,,,,,,,,,,,,,,,,,,,,,,,,
31-01-2026,BHARAT ELECTRONICS LTD.,Aerospace and Defense,FUTURES DERIVATIVES,,INE263A01024,-1.488919236,-0.142600594,,,,,,,,,,,,,,,,,,,,,,,,,,,,,,,,,,,,,,,,,,,,,,,,,,,,,,,,,,,,,,,,,,
31-01-2026,HINDUSTAN AERONAUTICS LTD.,Aerospace and Defense,FUTURES DERIVATIVES,,INE066F01020,-1.250129874,,,,,,,,,,,,,,,,,,,,,,,,,,,,,,,,,,,,,,,,,,,,,,,,,,,,,,,,,,,,,,,,,,,
31-01-2026,MARICO LTD.,Agricultural Food & other Products,FUTURES DERIVATIVES,,INE196A01026,-0.982924228,,,,,,,,,,,,,,,,,,,,,,,,,,,,,,,,,,,,,,,,,,,,,,,,,,,,,,,,,,,,,,,,,,,
31-01-2026,PATANJALI FOODS LTD.,Agricultural Food & other Products,FUTURES DERIVATIVES,,INE619A01035,-0.487832329,,,,,,,,,,,,,,,,,,,,,,,,,,,,,,,,,,,,,,,,,,,,,,,,,,,,,,,,,,,,,,,,,,,
31-01-2026,TATA CONSUMER PRODUCTS LTD.,Agricultural Food & other Products,FUTURES DERIVATIVES,,INE192A01025,-0.10788219,,,,,,,,,,,,,,,,,,,,,,,,,,,,,,,,,,,,,,,,,,,,,,,,,,,,,,,,,,,,,,,,,,,
31-01-2026,ASHOK LEYLAND LTD.,"Agricultural, Commercial & Construction Vehicles",FUTURES DERIVATIVES,,INE208A01029,,,,,,,,,,,,,,,,,,,,,,,,,,,,,,,,,,,,,,,,,,,,,,,,,,,,,,,,,,,,,,,,,,,,
31-01-2026,BHARAT FORGE LTD.,Auto Components,FUTURES DERIVATIVES,,INE465A01025,-0.010166009,,,,,,,,,,,,,,,,,,,,,,,,,,,,,,,,,,,,,,,,,,,,,,,,,,,,,,,,,,,,,,,,,,,
31-01-2026,BOSCH LTD.,Auto Components,FUTURES DERIVATIVES,,INE323A01026,-0.07053726,,,,,,,,,,,,,,,,,,,,,,,,,,,,,,,,,,,,,,,,,,,,,,,,,,,,,,,,,,,,,,,,,,,
31-01-2026,EXIDE INDUSTRIES LTD.,Auto Components,FUTURES DERIVATIVES,,INE302A01020,-0.217310067,-0.361432178,,,,,,,,,,,,,,,,,,,,,,,,,,,,,,,-0.351327172,,,,,,,,,,,,,,,,,,,,,,,,,,,,,,,,,,,
31-01-2026,SAMVARDHANA MOTHERSON INTERNATIONAL LTD.,Auto Components,FUTURES DERIVATIVES,,INE775A01035,-0.622288528,,,,,,,,,,,,,,,,,,,,,,,,,,,,,,,,,,,,,,,,,,,,,,,,,,,,,,,,,,,,,,,,,,,
31-01-2026,SONA BLW PRECISION FORGINGS LTD.,Auto Components,FUTURES DERIVATIVES,,INE073K01018,-0.018943008,,,,,,,,,,,,,,,,,,,,,,,,,,,,,,,,,,,,,,,,,,,,,,,,,,,,,,,,,,,,,,,,,,,
31-01-2026,TUBE INVESTMENTS OF INDIA LIMITED.,Auto Components,FUTURES DERIVATIVES,,INE974X01010,-0.239406619,,,,,,,,,,,,,,,,,,,,,,,,,,,,,,,,,,,,,,,,,,,,,,,,,,,,,,,,,,,,,,,,,,,
31-01-2026,BAJAJ AUTO LTD.,Automobiles,FUTURES DERIVATIVES,,INE917I01010,,,,,,,,,,,,,,,,,,,,,,,,,,,,,,,,,,,,,,,,,,,,,,,,,,,,,,,,,,,,,,,,,,,,
31-01-2026,EICHER MOTORS LTD.,Automobiles,FUTURES DERIVATIVES,,INE066A01021,-0.00208172,,,,,,,,,,,,,,,,,,,,,,,,,,,,,,,,,,,,,,,,,,,,,,,,,,,,,,,,,,,,,,,,,,,
31-01-2026,HERO MOTOCORP LTD.,Automobiles,FUTURES DERIVATIVES,,INE158A01026,-0.065799956,,,,,,,,,,,,,,,,,,,,,,,,,,,,,,,,,,,,,,,,,,,,,,,,,,,,,,,,,,,,,,,,,,,
31-01-2026,MAHINDRA & MAHINDRA LTD.,Automobiles,FUTURES DERIVATIVES,,INE101A01026,-0.388352402,,,,,,,,,,,,,,,,,,,,,,,,,,,,,,,,,,,,,,,,,,,,,,,,,,,,,,,,,,,,,,,,,,,
31-01-2026,MAHINDRA & MAHINDRA LTD.,Automobiles,FUTURES DERIVATIVES,,INE101A01026,-0.002362463,,,,,,,,,,,,,,,,,,,,,,,,,,,,,,,,,,,,,,,,,,,,,,,,,,,,,,,,,,,,,,,,,,,
31-01-2026,MARUTI SUZUKI INDIA LTD.,Automobiles,FUTURES DERIVATIVES,,INE585B01010,-0.286750737,,,,,,,,,,,,,,,,,,,,,,,,,,,,,,,,,,,,,,,,,,,,,,,,,,,,,,,,,,,,,,,,,,,
31-01-2026,TATA MOTORS PASSENGER VEHICLES LTD.,Automobiles,FUTURES DERIVATIVES,,INE155A01022,-0.051860984,,,,,,,,,,,,,,,,,,,,,,,,,,,,,,,,-0.11718133,,-3.096064637,,,,,,,,,,,,,,,,,,,,,,,,,,,,,,,,,
31-01-2026,TVS MOTOR COMPANY LTD.,Automobiles,FUTURES DERIVATIVES,,INE494B01023,-0.518801773,,,,,,,,,,,,,,,,,,,,,,,,,,,,,,,,,,,,,,,,,,,,,,,,,,,,,,,,,,,,,,,,,,,
31-01-2026,AU SMALL FINANCE BANK LTD.,Banks,FUTURES DERIVATIVES,,INE949L01017,-0.326089327,,,,,,,,,,,,,,,,,,,,,,,,,,,,,,,,,,,,,,,,,,,,,,,,,,,,,,,,,,,,,,,,,,,
31-01-2026,AXIS BANK LTD.,Banks,FUTURES DERIVATIVES,,INE238A01034,-1.243345718,,,,,,,,,,,,,,,,,,,,,,,,,,,,,,,,-1.363183178,,-5.518177943,,,,,,,,,,,,,,,,,,,,,,,,,,,,,,,,,
31-01-2026,AXIS BANK LTD.,Banks,FUTURES DERIVATIVES,,INE238A01034,-0.000839725,,,,,,,,,,,,,,,,,,,,,,,,,,,,,,,,,,,,,,,,,,,,,,,,,,,,,,,,,,,,,,,,,,,
31-01-2026,BANDHAN BANK LTD.,Banks,FUTURES DERIVATIVES,,INE545U01014,-0.543100099,,,,,,,,,,,,,,,,,,,,,,,,,,,,,,,,,,,,,,,,,,,,,,,,,,,,,,,,,,,,,,,,,,,
31-01-2026,BANDHAN BANK LTD.,Banks,FUTURES DERIVATIVES,,INE545U01014,-0.000546216,,,,,,,,,,,,,,,,,,,,,,,,,,,,,,,,,,,,,,,,,,,,,,,,,,,,,,,,,,,,,,,,,,,
31-01-2026,BANK OF BARODA,Banks,FUTURES DERIVATIVES,,INE028A01039,-0.596183393,,,,,,,,,,,,,,,,,,,,,,,,,,,,,,,,,,,,,,,,,,,,,,,,,,,,,,,,,,,,,,,,,,,
31-01-2026,BANK OF BARODA,Banks,FUTURES DERIVATIVES,,INE028A01039,-0.001290009,,,,,,,,,,,,,,,,,,,,,,,,,,,,,,,,,,,,,,,,,,,,,,,,,,,,,,,,,,,,,,,,,,,
31-01-2026,BANK OF INDIA,Banks,FUTURES DERIVATIVES,,INE084A01016,-0.518868495,,,,,,,,,,,,,,,,,,,,,,,,,,,,,,,,,,,,,,,,,,,,,,,,,,,,,,,,,,,,,,,,,,,
31-01-2026,HDFC BANK LTD.,Banks,FUTURES DERIVATIVES,,INE040A01034,-5.146595302,-0.803628656,,,,,,,,,,,,,,,,,,,,,,,,,,,,,,,,,-4.944486262,,,,,,,,,,,,,,,,,,,,,,,,,,,,,,,,,
31-01-2026,HDFC BANK LTD.,Banks,FUTURES DERIVATIVES,,INE040A01034,-0.00226253,,,,,,,,,,,,,,,,,,,,,,,,,,,,,,,,,,,,,,,,,,,,,,,,,,,,,,,,,,,,,,,,,,,
31-01-2026,ICICI BANK LTD.,Banks,FUTURES DERIVATIVES,,INE090A01021,-3.171539576,-1.366697181,,,,,,,,,,,,,,,,,,,,,,,,,,3.559191974,,,,,-1.486665057,,-3.784327556,,,,,,,,,,,,,,,,,,,,,,,,,,,,,,,,,
31-01-2026,ICICI BANK LTD.,Banks,FUTURES DERIVATIVES,,INE090A01021,-0.004665695,,,,,,,,,,,,,,,,,,,,,,,,,,,,,,,,,,,,,,,,,,,,,,,,,,,,,,,,,,,,,,,,,,,
31-01-2026,IDFC FIRST BANK LTD.,Banks,FUTURES DERIVATIVES,,INE092T01019,-0.02379551,,,,,,,,,,,,,,,,,,,,,,,,,,,,,,,,,,,,,,,,,,,,,,,,,,,,,,,,,,,,,,,,,,,
31-01-2026,IDFC FIRST BANK LTD.,Banks,FUTURES DERIVATIVES,,INE092T01019,-0.009111504,,,,,,,,,,,,,,,,,,,,,,,,,,,,,,,,,,,,,,,,,,,,,,,,,,,,,,,,,,,,,,,,,,,
31-01-2026,INDUSIND BANK LTD.,Banks,FUTURES DERIVATIVES,,INE095A01012,-0.350553918,-0.543860786,,,,,,,,,,,,,,,,,,,,,,,,,,,,,,,-1.299530288,,,,,,,,,,,,,,,,,,,,,,,,,,,,,,,,,,,
31-01-2026,KOTAK MAHINDRA BANK LTD.,Banks,FUTURES DERIVATIVES,,INE237A01036,-1.096614878,,,,,,,,,,,,,,,,,,,,,,,,,,,,,,,,-1.020460307,,,,,,,,,,,,,,,,,,,,,,,,,,,,,,,,,,,
31-01-2026,KOTAK MAHINDRA BANK LTD.,Banks,FUTURES DERIVATIVES,,INE237A01036,-0.201147666,,,,,,,,,,,,,,,,,,,,,,,,,,,,,,,,,,,,,,,,,,,,,,,,,,,,,,,,,,,,,,,,,,,
31-01-2026,PUNJAB NATIONAL BANK,Banks,FUTURES DERIVATIVES,,INE160A01022,-0.53133684,,,,,,,,,,,,,,,,,,,,,,,,,,,,,,,,,,,,,,,,,,,,,,,,,,,,,,,,,,,,,,,,,,,
31-01-2026,PUNJAB NATIONAL BANK,Banks,FUTURES DERIVATIVES,,INE160A01022,-0.000491945,,,,,,,,,,,,,,,,,,,,,,,,,,,,,,,,,,,,,,,,,,,,,,,,,,,,,,,,,,,,,,,,,,,
31-01-2026,RBL BANK LTD.,Banks,FUTURES DERIVATIVES,,INE976G01028,-0.460968016,,,,,,,,,,,,,,,,,,,,,,,,,,,,,,,,,,,,,,,,,,,,,,,,,,,,,,,,,,,,,,,,,,,
31-01-2026,STATE BANK OF INDIA,Banks,FUTURES DERIVATIVES,,INE062A01020,-0.948264818,-1.395382694,,,,,,,,,,,,,,,,,,,,,,,,,,,,,,,-1.126568038,,-5.447700376,,,,,,,,,,,,,,,,,,,,,,,,,,,,,,,,,
31-01-2026,STATE BANK OF INDIA,Banks,FUTURES DERIVATIVES,,INE062A01020,-0.002383897,,,,,,,,,,,,,,,,,,,,,,,,,,,,,,,,,,,,,,,,,,,,,,,,,,,,,,,,,,,,,,,,,,,
31-01-2026,UNION BANK OF INDIA,Banks,FUTURES DERIVATIVES,,INE692A01016,-0.4439054,,,,,,,,,,,,,,,,,,,,,,,,,,,,,,,,,,,,,,,,,,,,,,,,,,,,,,,,,,,,,,,,,,,
31-01-2026,YES BANK LTD.,Banks,FUTURES DERIVATIVES,,INE528G01035,-0.336884485,,,,,,,,,,,,,,,,,,,,,,,,,,,,,,,,,,,,,,,,,,,,,,,,,,,,,,,,,,,,,,,,,,,
31-01-2026,UNITED SPIRITS LTD.,Beverages,FUTURES DERIVATIVES,,INE854D01024,-0.487993368,,,,,,,,,,,,,,,,,,,,,,,,,,,,,,,,,,,,,,,,,,,,,,,,,,,,,,,,,,,,,,,,,,,
31-01-2026,VARUN BEVERAGES LTD.,Beverages,FUTURES DERIVATIVES,,INE200M01039,-1.062302604,,,,,,,,,,,,,,,,,,,,,,,,,,,,,,,,,,,,,,,,,,,,,,,,,,,,,,,,,,,,,,,,,,,
31-01-2026,BSE LTD.,Capital Markets,FUTURES DERIVATIVES,,INE118H01025,-0.325089991,,,,,,,,,,,,,,,,,,,,,,,,,,,,,,,,,,,,,,,,,,,,,,,,,,,,,,,,,,,,,,,,,,,
31-01-2026,CENTRAL DEPOSITORY SERVICES (INDIA) LTD.,Capital Markets,FUTURES DERIVATIVES,,INE736A01011,-0.074714263,,,,,,,,,,,,,,,,,,,,,,,,,,,,,,,,,,,,,,,,,,,,,,,,,,,,,,,,,,,,,,,,,,,
31-01-2026,COMPUTER AGE MANAGEMENT SERVICES LTD,Capital Markets,FUTURES DERIVATIVES,,INE596I01020,-0.00941946,,,,,,,,,,,,,,,,,,,,,,,,,,,,,,,,,,,,,,,,,,,,,,,,,,,,,,,,,,,,,,,,,,,
31-01-2026,HDFC ASSET MANAGEMENT COMPANY LTD.,Capital Markets,FUTURES DERIVATIVES,,INE127D01025,-1.274360739,,,,,,,,,,,,,,,,,,,,,,,,,,,,,,,,,,,,,,,,,,,,,,,,,,,,,,,,,,,,,,,,,,,
31-01-2026,INDIAN ENERGY EXCHANGE LTD.,Capital Markets,FUTURES DERIVATIVES,,INE022Q01020,-0.022945025,,,,,,,,,,,,,,,,,,,,,,,,,,,,,,,,,,,,,,,,,,,,,,,,,,,,,,,,,,,,,,,,,,,
31-01-2026,MULTI COMMODITY EXCHANGE OF IND LTD.,Capital Markets,FUTURES DERIVATIVES,,INE745G01043,-0.460611682,,,,,,,,,,,,,,,,,,,,,,,,,,,,,,,,,,,,,,,,,,,,,,,,,,,,,,,,,,,,,,,,,,,
31-01-2026,AMBUJA CEMENTS LTD.,Cement & Cement Products,FUTURES DERIVATIVES,,INE079A01024,-0.549318529,,,,,,,,,,,,,,,,,,,,,,,,,,,,,,,,,,-3.094938584,,,,,,,,,,,,,,,,,,,,,,,,,,,,,,,,,
31-01-2026,DALMIA BHARAT LTD.,Cement & Cement Products,FUTURES DERIVATIVES,,INE00R701025,-0.294401753,,,,,,,,,,,,,,,,,,,,,,,,,,,,,,,,,,,,,,,,,,,,,,,,,,,,,,,,,,,,,,,,,,,
31-01-2026,GRASIM INDUSTRIES LTD.,Cement & Cement Products,FUTURES DERIVATIVES,,INE047A01021,-0.406951812,-0.216123876,,,,,,,,,,,,,,,,,,,,,,,,,,,,,,,,,,,,,,,,,,,,,,,,,,,,,,,,,,,,,,,,,,
31-01-2026,ULTRATECH CEMENT LTD.,Cement & Cement Products,FUTURES DERIVATIVES,,INE481G01011,-0.008972911,-0.30183221,,,,,,,,,,,,,,,,,,,,,,,,,,,,,,,,,,,,,,,,,,,,,,,,,,,,,,,,,,,,,,,,,,
31-01-2026,PIDILITE INDUSTRIES  LTD.,Chemicals & Petrochemicals,FUTURES DERIVATIVES,,INE318A01026,-0.00034851,,,,,,,,,,,,,,,,,,,,,,,,,,,,,,,,,,,,,,,,,,,,,,,,,,,,,,,,,,,,,,,,,,,
31-01-2026,SOLAR INDUSTRIES INDIA LTD.,Chemicals & Petrochemicals,FUTURES DERIVATIVES,,INE343H01029,-0.600210562,,,,,,,,,,,,,,,,,,,,,,,,,,,,,,,,,,,,,,,,,,,,,,,,,,,,,,,,,,,,,,,,,,,
31-01-2026,SRF LTD.,Chemicals & Petrochemicals,FUTURES DERIVATIVES,,INE647A01010,-0.052403301,,,,,,,,,,,,,,,,,,,,,,,,,,,,,,,,,,,,,,,,,,,,,,,,,,,,,,,,,,,,,,,,,,,
31-01-2026,LARSEN & TOUBRO LTD.,Construction,FUTURES DERIVATIVES,,INE018A01030,-0.128155319,-0.167302897,,,,,,,,,,,,,,,,,,,,,,,,,,,,,,,,,-3.756887436,,,,,,,,,,,,,,,,,,,,,,,,,,,,,,,,,
31-01-2026,NBCC INDIA LTD.,Construction,FUTURES DERIVATIVES,,INE095N01031,-0.390423328,,,,,,,,,,,,,,,,,,,,,,,,,,,,,,,,,,,,,,,,,,,,,,,,,,,,,,,,,,,,,,,,,,,
31-01-2026,ASIAN PAINTS LTD.,Consumer Durables,FUTURES DERIVATIVES,,INE021A01026,-0.025510447,,,,,,,,,,,,,,,,,,,,,,,,,,,,,,,,,,,,,,,,,,,,,,,,,,,,,,,,,,,,,,,,,,,
31-01-2026,CROMPTON GREAVES CONSUMER ELECTRICALS LTD.,Consumer Durables,FUTURES DERIVATIVES,,INE299U01018,-0.375174685,,,,,,,,,,,,,,,,,,,,,,,,,,,,,,,,,,,,,,,,,,,,,,,,,,,,,,,,,,,,,,,,,,,
31-01-2026,DIXON TECHNOLOGIES (INDIA) LTD.,Consumer Durables,FUTURES DERIVATIVES,,INE935N01020,-0.26063433,,,,,,,,,,,,,,,,,,,,,,,,,,,,,,,,,,,,,,,,,,,,,,,,,,,,,,,,,,,,,,,,,,,
31-01-2026,DIXON TECHNOLOGIES (INDIA) LTD.,Consumer Durables,FUTURES DERIVATIVES,,INE935N01020,-0.001280924,,,,,,,,,,,,,,,,,,,,,,,,,,,,,,,,,,,,,,,,,,,,,,,,,,,,,,,,,,,,,,,,,,,
31-01-2026,HAVELLS INDIA LTD.,Consumer Durables,FUTURES DERIVATIVES,,INE176B01034,-0.117142492,,,,,,,,,,,,,,,,,,,,,,,,,,,,,,,,,,,,,,,,,,,,,,,,,,,,,,,,,,,,,,,,,,,
31-01-2026,KALYAN JEWELLERS INDIA LTD,Consumer Durables,FUTURES DERIVATIVES,,INE303R01014,-0.332061215,,,,,,,,,,,,,,,,,,,,,,,,,,,,,,,,,,,,,,,,,,,,,,,,,,,,,,,,,,,,,,,,,,,
31-01-2026,PG ELECTROPLAST LTD.,Consumer Durables,FUTURES DERIVATIVES,,INE457L01029,-0.036552902,,,,,,,,,,,,,,,,,,,,,,,,,,,,,,,,,,,,,,,,,,,,,,,,,,,,,,,,,,,,,,,,,,,
31-01-2026,TITAN COMPANY LTD.,Consumer Durables,FUTURES DERIVATIVES,,INE280A01028,-0.05122625,,,,,,,,,,,,,,,,,,,,,,,,,,,,,,,,,,,,,,,,,,,,,,,,,,,,,,,,,,,,,,,,,,,
31-01-2026,HINDUSTAN UNILEVER LTD.,Diversified FMCG,FUTURES DERIVATIVES,,INE030A01027,,,,,,,,,,,,,,,,,,,,,,,,,,,,,,,,,,,,,,,,,,,,,,,,,,,,,,,,,,,,,,,,,,,,
31-01-2026,ITC LTD.,Diversified FMCG,FUTURES DERIVATIVES,,INE154A01025,-2.020148779,-0.232583694,,,,,,,,,,,,,,,,,,,,,,,,,,,,,,,,,,,,,,,,,,,,,,,,,,,,,,,,,,,,,,,0.600718491,,,
31-01-2026,VEDANTA LTD.,Diversified Metals,FUTURES DERIVATIVES,,INE205A01025,-1.579458081,,,,,,,,,,,,0.585570485,,,,,,,,,,,,,,,,,,,,,,,,,,,,,,,,,,,,,,,,,,,,,,,,,,,,,,,
31-01-2026,BHARAT HEAVY ELECTRICALS LTD.,Electrical Equipment,FUTURES DERIVATIVES,,INE257A01026,-0.456866879,,,,,,,,,,,,,,,,,,,,,,,,,,,,,,,,,,,,,,,,,,,,,,,,,,,,,,,,,,,,,,,,,,,
31-01-2026,CG POWER AND INDUSTRIAL SOLUTIONS LTD.,Electrical Equipment,FUTURES DERIVATIVES,,INE067A01029,-0.410161784,,,,,,,,,,,,,,,,,,,,,,,,,,,,,,,,,,,,,,,,,,,,,,,,,,,,,,,,,,,,,,,,,,,
31-01-2026,INOX WIND LTD,Electrical Equipment,FUTURES DERIVATIVES,,INE066P01011,-0.169674556,,,,,,,,,,,,,,,,,,,,,,,,,,,,,,,,,,,,,,,,,,,,,,,,,,,,,,,,,,,,,,,,,,,
31-01-2026,PREMIER ENERGIES LTD,Electrical Equipment,FUTURES DERIVATIVES,,INE0BS701011,-0.087330801,,,,,,,,,,,,,,,,,,,,,,,,,,,,,,,,,,,,,,,,,,,,,,,,,,,,,,,,,,,,,,,,,,,
31-01-2026,SIEMENS LTD.,Electrical Equipment,FUTURES DERIVATIVES,,INE003A01024,-0.003699672,,,,,,,,,,,,,,,,,,,,,,,,,,,,,,,,,,,,,,,,,,,,,,,,,,,,,,,,,,,,,,,,,,,
31-01-2026,SUZLON ENERGY LTD.,Electrical Equipment,FUTURES DERIVATIVES,,INE040H01021,-0.238370152,,,,,,,,,,,,,,,,,,,,,,,,,,,,,,,,,,,,,,,,,,,,,,,,,,,,,,,,,,,,,,,,,,,
31-01-2026,JINDAL STEEL LTD.,Ferrous Metals,FUTURES DERIVATIVES,,INE749A01030,-0.261302931,,,,,,,,,,,,,,,,,,,,,,,,,,,,,,,,,,,,,,,,,,,,,,,,,,,,,,,,,,,,,,,,,,,
31-01-2026,JINDAL STEEL LTD.,Ferrous Metals,FUTURES DERIVATIVES,,INE749A01030,-0.000345154,,,,,,,,,,,,,,,,,,,,,,,,,,,,,,,,,,,,,,,,,,,,,,,,,,,,,,,,,,,,,,,,,,,
31-01-2026,JSW STEEL LTD.,Ferrous Metals,FUTURES DERIVATIVES,,INE019A01038,-1.767831132,,,,,,,,,,,,,,,,,,,,,,,,,,,,,,,,,,,,,,,,,,,,,,,,,,,,,,,,,,,,,,,,,,,
31-01-2026,STEEL AUTHORITY INDIA LTD.,Ferrous Metals,FUTURES DERIVATIVES,,INE114A01011,-0.744060993,,,,,,,,,,,,,,,,,,,,,,,,,,,,,,,,,,,,,,,,,,,,,,,,,,,,,,,,,,,,,,,,,,,
31-01-2026,TATA STEEL LTD.,Ferrous Metals,FUTURES DERIVATIVES,,INE081A01020,-0.699425142,,,,,,,,,,,,,,,,,,,,,,,,,,,,,,,,-0.516422712,,,,,,,,,,,,,,,,,,,,,,,,,,,,,,,,,,,
31-01-2026,TATA STEEL LTD.,Ferrous Metals,FUTURES DERIVATIVES,,INE081A01020,-0.001041196,,,,,,,,,,,,,,,,,,,,,,,,,,,,,,,,,,,,,,,,,,,,,,,,,,,,,,,,,,,,,,,,,,,
31-01-2026,UPL LTD.,Fertilizers & Agrochemicals,FUTURES DERIVATIVES,,INE628A01036,-0.33055835,,,,,,,,,,,,,,,,,,,,,,,,,,,,,,,,,,,,,,,,,,,,,,,,,,,,,,,,,,,,,,,,,,,
31-01-2026,ADITYA BIRLA CAPITAL LTD.,Finance,FUTURES DERIVATIVES,,INE674K01013,-0.715565134,,,,,,,,,,,,,,,,,,,,,,,,,,,,,,,,,,,,,,,,,,,,,,,,,,,,,,,,,,,,,,,,,,,
31-01-2026,BAJAJ FINANCE LTD.,Finance,FUTURES DERIVATIVES,,INE296A01032,-0.366434512,,,,,,,,,,,,,,,,,,,,,,,,,,,,,,,,,,,,,,,,,,,,,,,,,,,,,,,,,,,,,,,,,,,
31-01-2026,BAJAJ FINANCE LTD.,Finance,FUTURES DERIVATIVES,,INE296A01032,-0.000685068,,,,,,,,,,,,,,,,,,,,,,,,,,,,,,,,,,,,,,,,,,,,,,,,,,,,,,,,,,,,,,,,,,,
31-01-2026,BAJAJ FINSERV LTD.,Finance,FUTURES DERIVATIVES,,INE918I01026,-0.059944617,,,,,,,,,,,,,,,,,,,,,,,,,,,,,,,,,,,,,,,,,,,,,,,,,,,,,,,,,,,,,,,,,,,
31-01-2026,CHOLAMANDALAM INVESTMENT & FINANCE CO LTD.,Finance,FUTURES DERIVATIVES,,INE121A01024,-0.071010494,,,,,,,,,,,,,,,,,,,,,,,,,,,,,,,,,,,,,,,,,,,,,,,,,,,,,,,,,,,,,,,,,,,
31-01-2026,HOUSING & URBAN DEVELOPMENT CORPORATION LTD.,Finance,FUTURES DERIVATIVES,,INE031A01017,-0.062584821,,,,,,,,,,,,,,,,,,,,,,,,,,,,,,,,,,,,,,,,,,,,,,,,,,,,,,,,,,,,,,,,,,,
31-01-2026,JIO FINANCIAL SERVICES LTD,Finance,FUTURES DERIVATIVES,,INE758E01017,-1.426391302,,,,,,,,,,,,,,,,,,,,,,,,,,,,,,,,,,,,,,,,,,,,,,,,,,,,,,,,,,,,,,,,,,,
31-01-2026,JIO FINANCIAL SERVICES LTD,Finance,FUTURES DERIVATIVES,,INE758E01017,-0.008220488,,,,,,,,,,,,,,,,,,,,,,,,,,,,,,,,,,,,,,,,,,,,,,,,,,,,,,,,,,,,,,,,,,,
31-01-2026,L&T FINANCE LTD.,Finance,FUTURES DERIVATIVES,,INE498L01015,,,,,,,,,,,,,,,,,,,,,,,,,,,,,,,,,,,,,,,,,,,,,,,,,,,,,,,,,,,,,,,,,,,,
31-01-2026,LIC HOUSING FINANCE LTD.,Finance,FUTURES DERIVATIVES,,INE115A01026,-0.451740749,,,,,,,,,,,,,,,,,,,,,,,,,,,,,,,,,,,,,,,,,,,,,,,,,,,,,,,,,,,,,,,,,,,
31-01-2026,LIC HOUSING FINANCE LTD.,Finance,FUTURES DERIVATIVES,,INE115A01026,-0.000516892,,,,,,,,,,,,,,,,,,,,,,,,,,,,,,,,,,,,,,,,,,,,,,,,,,,,,,,,,,,,,,,,,,,
31-01-2026,MANAPPURAM FINANCE LTD.,Finance,FUTURES DERIVATIVES,,INE522D01027,-0.511543413,,,,,,,,,,,,,,,,,,,,,,,,,,,,,,,,,,,,,,,,,,,,,,,,,,,,,,,,,,,,,,,,,,,
31-01-2026,MUTHOOT FINANCE LTD.,Finance,FUTURES DERIVATIVES,,INE414G01012,-0.213693102,,,,,,,,,,,,,,,,,,,,,,,,,,,,,,,,,,,,,,,,,,,,,,,,,,,,,,,,,,,,,,,,,,,
31-01-2026,PNB HOUSING FINANCE LTD.,Finance,FUTURES DERIVATIVES,,INE572E01012,-0.336957158,,,,,,,,,,,,,,,,,,,,,,,,,,,,,,,,,,,,,,,,,,,,,,,,,,,,,,,,,,,,,,,,,,,
31-01-2026,POWER FINANCE CORPORATION  LTD.,Finance,FUTURES DERIVATIVES,,INE134E01011,-0.740163339,,,,,,,,,,,,,,,,,,,,,,,,,,,,,,,,,,,,,,,,,,,,,,,,,,,,,,,,,,,,,,,,,,,
31-01-2026,REC LTD.,Finance,FUTURES DERIVATIVES,,INE020B01018,-0.637469708,,,,,,,,,,,,,,,,,,,,,,,,,,,,,,,,,,,,,,,,,,,,,,,,,,,,,,,,,,,,,,,,,,,
31-01-2026,SAMMAAN CAPITAL LTD.,Finance,FUTURES DERIVATIVES,,INE148I01020,-0.597808011,,,,,,,,,,,,,,,,,,,,,,,,,,,,,,,,,,,,,,,,,,,,,,,,,,,,,,,,,,,,,,,,,,,
31-01-2026,SHRIRAM FINANCE LTD.,Finance,FUTURES DERIVATIVES,,INE721A01047,-1.950650127,,,,,,,,,,,,,,,,,,,,,,,,,,,,,,,,,,,,,,,,,,,,,,,,,,,,,,,,,,,,,,,,,,,
31-01-2026,ONE 97 COMMUNICATIONS LTD.,Financial Technology (Fintech),FUTURES DERIVATIVES,,INE982J01020,-0.114098061,,,,,,,,,,,,,,,,,,,,,,,,,,,,,,,,,,,,,,,,,,,,,,,,,,,,,,,,,,,,,,,,,,,
31-01-2026,PB FINTECH LTD.,Financial Technology (Fintech),FUTURES DERIVATIVES,,INE417T01026,-0.01269756,,,,,,,,,,,,,,,,,,,,,,,,,,,,,,,,,,,,,,,,,,,,,,,,,,,,,,,,,,,,,,,,,,,
31-01-2026,BRITANNIA INDUSTRIES LTD.,Food Products,FUTURES DERIVATIVES,,INE216A01030,-0.068914221,,,,,,,,,,,,,,,,,,,,,,,,,,,,,,,,,,,,,,,,,,,,,,,,,,,,,,,,,,,,,,,,,,,
31-01-2026,NESTLE INDIA LTD.,Food Products,FUTURES DERIVATIVES,,INE239A01024,-0.794742528,,,,,,,,,,,,,,,,,,,,,,,,,,,,,,,,,,,,,,,,,,,,,,,,,,,,,,,,,,,,,,,,,,,
31-01-2026,GAIL ( INDIA ) LTD.,Gas,FUTURES DERIVATIVES,,INE129A01019,-0.101079105,,,,,,,,,,,,,,,,,,,,,,,,,,,,,,,,,,,,,,,,,,,,,,,,,,,,,,,,,,,,,,,,,,,
31-01-2026,PETRONET LNG LTD.,Gas,FUTURES DERIVATIVES,,INE347G01014,-0.44779384,,,,,,,,,,,,,,,,,,,,,,,,,,,,,,,,,,,,,,,,,,,,,,,,,,,,,,,,,,,,,,,,,,,
31-01-2026,APOLLO HOSPITALS ENTERPRISE LTD.,Healthcare Services,FUTURES DERIVATIVES,,INE437A01024,-0.129584682,-0.175060993,,,,,,,,,,,,,,,,,,,,,,,,,,,,,,,,,,,,,,,,,,,,,,,,,,,,,,,,,,,,,,,,,,
31-01-2026,FORTIS HEALTHCARE LTD.,Healthcare Services,FUTURES DERIVATIVES,,INE061F01013,-0.077849105,,,,,,,,,,,,,,,,,,,,,,,,,,,,,,,,,,,,,,,,,,,,,,,,,,,,,,,,,,,,,,,,,,,
31-01-2026,MAX HEALTHCARE INSTITUTE LTD.,Healthcare Services,FUTURES DERIVATIVES,,INE027H01010,-0.633404365,-0.612155193,,,,,,,,,,,,,,,,,,,,,,,,,,,,,,,,,,,,,,,,,,,,,,,,,,,,,,,,,,,,,,,,,,
31-01-2026,MAX HEALTHCARE INSTITUTE LTD.,Healthcare Services,FUTURES DERIVATIVES,,INE027H01010,-0.000741342,,,,,,,,,,,,,,,,,,,,,,,,,,,,,,,,,,,,,,,,,,,,,,,,,,,,,,,,,,,,,,,,,,,
31-01-2026,SYNGENE INTERNATIONAL LTD.,Healthcare Services,FUTURES DERIVATIVES,,INE398R01022,-0.00393269,,,,,,,,,,,,,,,,,,,,,,,,,,,,,,,,,,,,,,,,,,,,,,,,,,,,,,,,,,,,,,,,,,,
31-01-2026,TATA TECHNOLOGIES LTD,IT - Services,FUTURES DERIVATIVES,,INE142M01025,-0.00656724,,,,,,,,,,,,,,,,,,,,,,,,,,,,,,,,,,,,,,,,,,,,,,,,,,,,,,,,,,,,,,,,,,,
31-01-2026,HCL TECHNOLOGIES LTD.,IT - Software,FUTURES DERIVATIVES,,INE860A01027,,-0.002530022,,,,,,,,,,,,,,,,,,,,,,,,,,,,,,,,,,,,,,,,,,,,,,,,,,,,,,,,,,,,,,,,,,
31-01-2026,HCL TECHNOLOGIES LTD.,IT - Software,FUTURES DERIVATIVES,,INE860A01027,-0.001163939,,,,,,,,,,,,,,,,,,,,,,,,,,,,,,,,,,,,,,,,,,,,,,,,,,,,,,,,,,,,,,,,,,,
31-01-2026,INFOSYS LTD.,IT - Software,FUTURES DERIVATIVES,,INE009A01021,-0.05183488,,,,,,,,,,,,,,,,,,,,,,,,,,,,,,,,,,,,,,,,,,,,,,,,,,,,,,,,,,,,,,,,,,,
31-01-2026,INFOSYS LTD.,IT - Software,FUTURES DERIVATIVES,,INE009A01021,-0.00128781,,,,,,,,,,,,,,,,,,,,,,,,,,,,,,,,,,,,,,,,,,,,,,,,,,,,,,,,,,,,,,,,,,,
31-01-2026,LTIMINDTREE LTD.,IT - Software,FUTURES DERIVATIVES,,INE214T01019,-0.007431766,,,,,,,,,,,,,,,,,,,,,,,,,,,,,,,,,,,,,,,,,,,,,,,,,,,,,,,,,,,,,,,,,,,
31-01-2026,MPHASIS LTD.,IT - Software,FUTURES DERIVATIVES,,INE356A01018,-0.181405109,,,,,,,,,,,,,,,,,,,,,,,,,,,,,,,,,,,,,,,,,,,,,,,,,,,,,,,,,,,,,,,,,,,
31-01-2026,PERSISTENT SYSTEMS LTD.,IT - Software,FUTURES DERIVATIVES,,INE262H01021,-0.134988307,,,,,,,,,,,,,,,,,,,,,,,,,,,,,,,,,,,,,,,,,,,,,,,,,,,,,,,,,,,,,,,,,,,
31-01-2026,TATA CONSULTANCY SERVICES LTD.,IT - Software,FUTURES DERIVATIVES,,INE467B01029,-0.049158235,-1.031379529,,,,,,,,,,,,,,,,,,,,,,,,,,,,,,,,,,,,,,,,,,,,,,,,,,,,,,,,,,,,,,,,,,
31-01-2026,TATA ELXSI LTD.,IT - Software,FUTURES DERIVATIVES,,INE670A01012,-0.070548664,,,,,,,,,,,,,,,,,,,,,,,,,,,,,,,,,,,,,,,,,,,,,,,,,,,,,,,,,,,,,,,,,,,
31-01-2026,TECH MAHINDRA LTD.,IT - Software,FUTURES DERIVATIVES,,INE669C01036,-0.155489583,,,,,,,,,,,,,,,,,,,,,,,,,,,,,,,,,,,,,,,,,,,,,,,,,,,,,,,,,,,,,,,,,,,
31-01-2026,WIPRO LTD.,IT - Software,FUTURES DERIVATIVES,,INE075A01022,,,,,,,,,,,,,,,,,,,,,,,,,,,,,,,,,,,,,,,,,,,,,,,,,,,,,,,,,,,,,,,,,,,,
31-01-2026,MAZAGON DOCK SHIPBUILDERS LTD,Industrial Manufacturing,FUTURES DERIVATIVES,,INE249Z01020,-0.139367175,,,,,,,,,,,,,,,,,,,,,,,,,,,,,,,,,,,,,,,,,,,,,,,,,,,,,,,,,,,,,,,,,,,
31-01-2026,APL APOLLO TUBES LTD.,Industrial Products,FUTURES DERIVATIVES,,INE702C01027,-0.573713015,,,,,,,,,,,,,,,,,,,,,,,,,,,,,,,,,,,,,,,,,,,,,,,,,,,,,,,,,,,,,,,,,,,
31-01-2026,CUMMINS INDIA LTD.,Industrial Products,FUTURES DERIVATIVES,,INE298A01020,,,,,,,,,,,,,,,,,,,,,,,,,,,,,,,,,,,,,,,,,,,,,,,,,,,,,,,,,,,,,,,,,,,,
31-01-2026,POLYCAB INDIA LTD.,Industrial Products,FUTURES DERIVATIVES,,INE455K01017,-0.881840301,-0.553219268,,,,,,,,,,,,,,,,,,,,,,,,,,,,,,,,,,,,,,,,,,,,,,,,,,,,,,,,,,,,,,,,,,
31-01-2026,HDFC LIFE INSURANCE CO. LTD.,Insurance,FUTURES DERIVATIVES,,INE795G01014,-0.000392374,-0.167351783,,,,,,,,,,,,,,,,,,,,,,,,,,,,,,,,,,,,,,,,,,,,,,,,,,,,,,,,,,,,,,,,,,
31-01-2026,ICICI LOMBARD GENERAL INSURANCE CO. LTD.,Insurance,FUTURES DERIVATIVES,,INE765G01017,,,,,,,,,,,,,,,,,,,,,,,,,,,,,,,,,,,,,,,,,,,,,,,,,,,,,,,,,,,,,,,,,,,,
31-01-2026,ICICI PRUDENTIAL LIFE INSURANCE COMPANY LTD.,Insurance,FUTURES DERIVATIVES,,INE726G01019,-0.459511816,,,,,,,,,,,,,,,,,,,,,,,,,,,,,,,,,,,,,,,,,,,,,,,,,,,,,,,,,,,,,,,,,,,
31-01-2026,LIFE INSURANCE CORPORATION OF INDIA,Insurance,FUTURES DERIVATIVES,,INE0J1Y01017,-0.077127487,,,,,,,,,,,,,,,,,,,,,,,,,,,,,,,,,,,,,,,,,,,,,,,,,,,,,,,,,,,,,,,,,,,
31-01-2026,MAX FINANCIAL SERVICES LTD.,Insurance,FUTURES DERIVATIVES,,INE180A01020,-1.000173966,,,,,,,,,,,,,,,,,,,,,,,,,,,,,,,,,,,,,,,,,,,,,,,,,,,,,,,,,,,,,,,,,,,
31-01-2026,SBI LIFE INSURANCE COMPANY LTD.,Insurance,FUTURES DERIVATIVES,,INE123W01016,-0.047585305,,,,,,,,,,,,,,,,,,,,,,,,,,,,,,,,,,-3.226357928,,,,,,,,,,,,,,,,,,,,,,,,,,,,,,,,,
31-01-2026,INDIAN HOTELS CO. LTD.,Leisure Services,FUTURES DERIVATIVES,,INE053A01029,-0.429378875,,,,,,,,,,,,,,,,,,,,,,,,,,,,,,,,,,,,,,,,,,,,,,,,,,,,,,,,,,,,,,,,,,,
31-01-2026,JUBILANT FOODWORKS LTD.,Leisure Services,FUTURES DERIVATIVES,,INE797F01020,,,,,,,,,,,,,,,,,,,,,,,,,,,,,,,,,,,,,,,,,,,,,,,,,,,,,,,,,,,,,,,,,,,,
31-01-2026,NMDC LTD.,Minerals & Mining,FUTURES DERIVATIVES,,INE584A01023,-0.516496847,,,,,,,,,,,,,,,,,,,,,,,,,,,,,,,,,,,,,,,,,,,,,,,,,,,,,,,,,,,,,,,,,,,
31-01-2026,HINDALCO INDUSTRIES LTD.,Non - Ferrous Metals,FUTURES DERIVATIVES,,INE038A01020,-0.070984929,,,,,,,,,,,,,,,,,,,,,,,,,,,,,,,,,,,,,,,,,,,,,,,,,,,,,,,,,,,,,,,,,,,
31-01-2026,HINDALCO INDUSTRIES LTD.,Non - Ferrous Metals,FUTURES DERIVATIVES,,INE038A01020,-0.001970478,,,,,,,,,,,,,,,,,,,,,,,,,,,,,,,,,,,,,,,,,,,,,,,,,,,,,,,,,,,,,,,,,,,
31-01-2026,HINDUSTAN ZINC LTD.,Non - Ferrous Metals,FUTURES DERIVATIVES,,INE267A01025,-0.202938078,,,,,,,,,,,,,,,,,,,,,,,,,,,,,,,,,,,,,,,,,,,,,,,,,,,,,,,,,,,,,,,,,,,
31-01-2026,NATIONAL ALUMINIUM CO. LTD.,Non - Ferrous Metals,FUTURES DERIVATIVES,,INE139A01034,-0.245181689,,,,,,,,,,,,,,,,,,,,,,,,,,,,,,,,,,,,,,,,,,,,,,,,,,,,,,,,,,,,,,,,,,,
31-01-2026,OIL & NATURAL GAS CO.,Oil,FUTURES DERIVATIVES,,INE213A01029,-0.018498319,,,,,,,,,,,,,,,,,,,,,,,,,,,,,,,,,,,,,,,,,,,,,,,,,,,,,,,,,,,,,,,,,,,
31-01-2026,DABUR INDIA LTD.,Personal Products,FUTURES DERIVATIVES,,INE016A01026,-0.096750428,,,,,,,,,,,,,,,,,,,,,,,,,,,,,,,,,,,,,,,,,,,,,,,,,,,,,,,,,,,,,,,,,,,
31-01-2026,GODREJ CONSUMER PRODUCTS LTD.,Personal Products,FUTURES DERIVATIVES,,INE102D01028,-0.020872155,,,,,,,,,,,,,,,,,,,,,,,,,,,,,,,,,,,,,,,,,,,,,,,,,,,,,,,,,,,,,,,,,,,
31-01-2026,HINDUSTAN PETROLEUM CORPORATION LTD.,Petroleum Products,FUTURES DERIVATIVES,,INE094A01015,-0.034191682,,,,,,,,,,,,,,,,,,,,,,,,,,,,,,,,,,,,,,,,,,,,,,,,,,,,,,,,,,,,,,,,,,,
31-01-2026,INDIAN OIL CORPORATION LTD.,Petroleum Products,FUTURES DERIVATIVES,,INE242A01010,-0.563047691,,,,,,,,,,,,,,,,,,,,,,,,,,,,,,,,,,,,,,,,,,,,,,,,,,,,,,,,,,,,,,,,,,,
31-01-2026,RELIANCE INDUSTRIES LTD.,Petroleum Products,FUTURES DERIVATIVES,,INE002A01018,-1.710642982,-0.364705167,,,,,,,,,,,,,,,,,,,,,,,,,,,,,,,,,-2.556860568,,,,,,,,,,,,,,,,,,,,,,,,,,,,,,,,,
31-01-2026,RELIANCE INDUSTRIES LTD.,Petroleum Products,FUTURES DERIVATIVES,,INE002A01018,-0.184293157,,,,,,,,,,,,,,,,,,,,,,,,,,,,,,,,,,,,,,,,,,,,,,,,,,,,,,,,,,,,,,,,,,,
31-01-2026,AUROBINDO PHARMA LTD.,Pharmaceuticals & Biotechnology,FUTURES DERIVATIVES,,INE406A01037,-0.744252725,,,,,,,,,,,,,,,,,,,,,,,,,,,,,,,,,,-3.335867198,,,,,,,,,,,,,,,,,,,,,,,,,,,,,,,,,
31-01-2026,BIOCON LTD.,Pharmaceuticals & Biotechnology,FUTURES DERIVATIVES,,INE376G01013,-0.589017625,,,,,,,,,,,,,,,,,,,,,,,,,,,,,,,,,,,,,,,,,,,,,,,,,,,,,,,,,,,,,,,,,,,
31-01-2026,CIPLA LTD.,Pharmaceuticals & Biotechnology,FUTURES DERIVATIVES,,INE059A01026,-0.010428607,,,,,,,,,,,,,,,,,,,,,,,,,,,,,,,,,,,,,,,,,,,,,,,,,,,,,,,,,,,,,,,,,,,
31-01-2026,DIVI LABORATORIES LTD.,Pharmaceuticals & Biotechnology,FUTURES DERIVATIVES,,INE361B01024,-0.068449388,,,,,,,,,,,,,,,,,,,,,,,,,,,,,,,,,,,,,,,,,,,,,,,,,,,,,,,,,,,,,,,,,,,
31-01-2026,DIVI LABORATORIES LTD.,Pharmaceuticals & Biotechnology,FUTURES DERIVATIVES,,INE361B01024,-0.00059368,,,,,,,,,,,,,,,,,,,,,,,,,,,,,,,,,,,,,,,,,,,,,,,,,,,,,,,,,,,,,,,,,,,
31-01-2026,DR REDDYS LABORATORIES LTD.,Pharmaceuticals & Biotechnology,FUTURES DERIVATIVES,,INE089A01031,-0.041223632,,,,,,,,,,,,,,,,,,,,,,,,,,,,,,,,,,,,,,,,,,,,,,,,,,,,,,,,,,,,,,,,,,,
31-01-2026,GLENMARK PHARMACEUTICALS LTD.,Pharmaceuticals & Biotechnology,FUTURES DERIVATIVES,,INE935A01035,-0.714130295,,,,,,,,,,,,,,,,,,,,,,,,,,,,,,,,,,,,,,,,,,,,,,,,,,,,,,,,,,,,,,,,,,,
31-01-2026,LAURUS LABS LTD.,Pharmaceuticals & Biotechnology,FUTURES DERIVATIVES,,INE947Q01028,-0.532959084,,,,,,,,,,,,,,,,,,,,,,,,,,,,,,,,,,,,,,,,,,,,,,,,,,,,,,,,,,,,,,,,,,,
31-01-2026,MANKIND PHARMA LTD,Pharmaceuticals & Biotechnology,FUTURES DERIVATIVES,,INE634S01028,,-0.55823416,,,,,,,,,,,,,,,,,,,,,,,,,,,,,,,,,,,,,,,,,,,,,,,,,,,,,,,,,,,,,,,,,,
31-01-2026,SUN PHARMACEUTICAL INDUSTRIES LTD.,Pharmaceuticals & Biotechnology,FUTURES DERIVATIVES,,INE044A01036,-0.000271139,,,,,,,,,,,,,,,,,,,,,,,,,,,,,,,,,,,,,,,,,,,,,,,,,,,,,,,,,,,,,,,,,,,
31-01-2026,TORRENT PHARMACEUTICALS LTD.,Pharmaceuticals & Biotechnology,FUTURES DERIVATIVES,,INE685A01028,-0.003362425,,,,,,,,,,,,,,,,,,,,,,,,,,,,,,,,,,,,,,,,,,,,,,,,,,,,,,,,,,,,,,,,,,,
31-01-2026,ZYDUS LIFESCIENCES LTD.,Pharmaceuticals & Biotechnology,FUTURES DERIVATIVES,,INE010B01027,-0.193680434,,,,,,,,,,,,,,,,,,,,,,,,,,,,,,,,,,,,,,,,,,,,,,,,,,,,,,,,,,,,,,,,,,,
31-01-2026,ADANI ENERGY SOLUTIONS LTD.,Power,FUTURES DERIVATIVES,,INE931S01010,-0.576403977,,,,,,,,,,,,,,,,,,,,,,,,,,,,,,,,,,,,,,,,,,,,,,,,,,,,,,,,,,,,,,,,,,,
31-01-2026,ADANI GREEN ENERGY LTD.,Power,FUTURES DERIVATIVES,,INE364U01010,-0.416930341,,,,,,,,,,,,,,,,,,,,,,,,,,,,,,,,,,,,,,,,,,,,,,,,,,,,,,,,,,,,,,,,,,,
31-01-2026,ADANI GREEN ENERGY LTD.,Power,FUTURES DERIVATIVES,,INE364U01010,-0.00275705,,,,,,,,,,,,,,,,,,,,,,,,,,,,,,,,,,,,,,,,,,,,,,,,,,,,,,,,,,,,,,,,,,,
31-01-2026,JSW ENERGY LTD.,Power,FUTURES DERIVATIVES,,INE121E01018,-0.373801217,,,,,,,,,,,,,,,,,,,,,,,,,,,,,,,,,,,,,,,,,,,,,,,,,,,,,,,,,,,,,,,,,,,
31-01-2026,NTPC Ltd.,Power,FUTURES DERIVATIVES,,INE733E01010,-0.342796267,,,,,,,,,,,,,,,,,,,,,,,,,,,,,,,,,,-3.652501356,,,,,,,,,,,,,,,,,,,,,,,,,,,,,,,,,
31-01-2026,POWER GRID CORPORATION OF INDIA LTD.,Power,FUTURES DERIVATIVES,,INE752E01010,-0.282238033,-0.203715849,,,,,,,,,,,,,,,,,,,,,,,,,,,,,,,,,,,,,,,,,,,,,,,,,,,,,,,,,,,,,,,,,,
31-01-2026,TATA POWER COMPANY LTD.,Power,FUTURES DERIVATIVES,,INE245A01021,-0.210911016,-0.426784208,,,,,,,,,,,,,,,,,,,,,,,,,,,,,,,,,,,,,,,,,,,,,,,,,,,,,,,,,,,,,,,,,,
31-01-2026,DLF LTD.,Realty,FUTURES DERIVATIVES,,INE271C01023,-1.367675235,,,,,,,,,,,,,,,,,,,,,,,,,,,,,,,,,,,,,,,,,,,,,,,,,,,,,,,,,,,,,,,,,,,
31-01-2026,GODREJ PROPERTIES LTD.,Realty,FUTURES DERIVATIVES,,INE484J01027,-0.934059643,,,,,,,,,,,,,,,,,,,,,,,,,,,,,,,,,,,,,,,,,,,,,,,,,,,,,,,,,,,,,,,,,,,
31-01-2026,GODREJ PROPERTIES LTD.,Realty,FUTURES DERIVATIVES,,INE484J01027,-0.002765315,,,,,,,,,,,,,,,,,,,,,,,,,,,,,,,,,,,,,,,,,,,,,,,,,,,,,,,,,,,,,,,,,,,
31-01-2026,LODHA DEVELOPERS LTD.,Realty,FUTURES DERIVATIVES,,INE670K01029,-0.002555662,,,,,,,,,,,,,,,,,,,,,,,,,,,,,,,,,,,,,,,,,,,,,,,,,,,,,,,,,,,,,,,,,,,
31-01-2026,PRESTIGE ESTATES PROJECTS LTD.,Realty,FUTURES DERIVATIVES,,INE811K01011,-0.351501459,,,,,,,,,,,,,,,,,,,,,,,,,,,,,,,,,,,,,,,,,,,,,,,,,,,,,,,,,,,,,,,,,,,
31-01-2026,PRESTIGE ESTATES PROJECTS LTD.,Realty,FUTURES DERIVATIVES,,INE811K01011,-0.000322346,,,,,,,,,,,,,,,,,,,,,,,,,,,,,,,,,,,,,,,,,,,,,,,,,,,,,,,,,,,,,,,,,,,
31-01-2026,THE PHOENIX MILLS LTD.,Realty,FUTURES DERIVATIVES,,INE211B01039,-0.134005173,,,,,,,,,,,,,,,,,,,,,,,,,,,,,,,,,,,,,,,,,,,,,,,,,,,,,,,,,,,,,,,,,,,
31-01-2026,AVENUE SUPERMARTS LTD.,Retailing,FUTURES DERIVATIVES,,INE192R01011,,,,,,,,,,,,,,,,,,,,,,,,,,,,,,,,,,,,,,,,,,,,,,,,,,,,,,,,,,,,,,,,,,,,
31-01-2026,ETERNAL LTD.,Retailing,FUTURES DERIVATIVES,,INE758T01015,-2.298541146,,,,,,,,,,,,,,,,,,,,,,,,,,,,,,,,,,,,,,,,,,,,,,,,,,,,,,,,,,,,,,,,,,,
31-01-2026,INFO EDGE (INDIA) LTD.,Retailing,FUTURES DERIVATIVES,,INE663F01032,-0.026565459,,,,,,,,,,,,,,,,,,,,,,,,,,,,,,,,,,,,,,,,,,,,,,,,,,,,,,,,,,,,,,,,,,,
31-01-2026,TRENT LTD.,Retailing,FUTURES DERIVATIVES,,INE849A01020,-0.583737194,,,,,,,,,,,,,,,,,,,,,,,,,,,,,,,,,,,,,,,,,,,,,,,,,,,,,,,,,,,,,,,,,,,
31-01-2026,BHARTI AIRTEL LTD.,Telecom - Services,FUTURES DERIVATIVES,,INE397D01024,-2.47511944,-0.442909149,,,,,,,,,,,,,,,,,,,,,,,,,,,,,,,-0.209234808,,-4.843696086,,,,,,,,,,,,,,,,,,,,,,,,,,,,,,,,,
31-01-2026,BHARTI AIRTEL LTD.,Telecom - Services,FUTURES DERIVATIVES,,INE397D01024,-0.126125756,,,,,,,,,,,,,,,,,,,,,,,,,,,,,,,,,,,,,,,,,,,,,,,,,,,,,,,,,,,,,,,,,,,
31-01-2026,INDUS TOWERS LTD.,Telecom - Services,FUTURES DERIVATIVES,,INE121J01017,-0.7616153,,,,,,,,,,,,,,,,,,,,,,,,,,,,,,,,,,,,,,,,,,,,,,,,,,,,,,,,,,,,,,,,,,,
31-01-2026,INDUS TOWERS LTD.,Telecom - Services,FUTURES DERIVATIVES,,INE121J01017,-0.000739911,,,,,,,,,,,,,,,,,,,,,,,,,,,,,,,,,,,,,,,,,,,,,,,,,,,,,,,,,,,,,,,,,,,
31-01-2026,VODAFONE IDEA LTD.,Telecom - Services,FUTURES DERIVATIVES,,INE669E01016,-1.345828428,,,,,,,,,,,,,,,,,,,,,,,,,,,,,,,,,,,,,,,,,,,,,,,,,,,,,,,,,,,,,,,,,,,
31-01-2026,ADANI PORTS AND SPECIAL ECONOMIC ZONE LTD.,Transport Infrastructure,FUTURES DERIVATIVES,,INE742F01042,-0.434486722,,,,,,,,,,,,,,,,,,,,,,,,,,,,,,,,,,-3.799165807,,,,,,,,,,,,,,,,,,,,,,,,,,,,,,,,,
31-01-2026,GMR AIRPORTS LTD,Transport Infrastructure,FUTURES DERIVATIVES,,INE776C01039,-0.234061492,,,,,,,,,,,,,,,,,,,,,,,,,,,,,,,,,,,,,,,,,,,,,,,,,,,,,,,,,,,,,,,,,,,
31-01-2026,GMR AIRPORTS LTD,Transport Infrastructure,FUTURES DERIVATIVES,,INE776C01039,-0.000321423,,,,,,,,,,,,,,,,,,,,,,,,,,,,,,,,,,,,,,,,,,,,,,,,,,,,,,,,,,,,,,,,,,,
31-01-2026,CONTAINER CORPORATION OF INDIA LTD.,Transport Services,FUTURES DERIVATIVES,,INE111A01025,-0.829501317,,,,,,,,,,,,,,,,,,,,,,,,,,,,,,,,,,,,,,,,,,,,,,,,,,,,,,,,,,,,,,,,,,,
31-01-2026,DELHIVERY LTD.,Transport Services,FUTURES DERIVATIVES,,INE148O01028,-0.181148868,,,,,,,,,,,,,,,,,,,,,,,,,,,,,,,,,,,,,,,,,,,,,,,,,,,,,,,,,,,,,,,,,,,
31-01-2026,INTERGLOBE AVIATION LTD.,Transport Services,FUTURES DERIVATIVES,,INE646L01027,-0.992260326,,,,,,,,,,,,,,,,,,,,,,,,,,,,,,,,,,,,,,,,,,,,,,,,,,,,,,,,,,,,,,,,,,,
31-01-2026,S&P CNX NIFTY,,FUTURES DERIVATIVES,,,,-1.063128344,,,,,,,,,,,,,,,,,,,,,,,,,,,,,,,,,,,,,,,,,,,,,,,,,,,,,,,,,,,,,,,,,,
31-01-2026,SONA BLW PRECISION FORGINGS LTD.,Auto Components,OPTIONS DERIVATIVE,,INE073K01018,,,,,,,,,,,,,,,,,,,,,,,,,,,,,,,,,,,,,,,,,,,,,,,,,,,,,,,,,,,,,,,,,,,,
31-01-2026,MAHINDRA & MAHINDRA LTD.,Automobiles,OPTIONS DERIVATIVE,,INE101A01026,,,,,,,,,,,,,,,,,,,,,,,,,,,,,,,,,,,,,,,,,,,,,,,,,,,,,,,,,,,,,,,,,,,,
31-01-2026,INDUSIND BANK LTD.,Banks,OPTIONS DERIVATIVE,,INE095A01012,,,,,,,,,,,,,,,,,,,,,,,,,,,,,,,,,,,,,,,,,,,,,,,,,,,,,,,,,,,,,,,,,,,,
31-01-2026,ITC LTD.,Diversified FMCG,OPTIONS DERIVATIVE,,INE154A01025,,,,,,,,,,,,,,,,,,,,,,,,,,,,,,,,,,,,,,,,,,,,,,,,,,,,,,,,,,,,,,,,,,,,
31-01-2026,ITC LTD.,Diversified FMCG,OPTIONS DERIVATIVE,,INE154A01025,,,,,,,,,,,,,,,,,,,,,,,,,,,,,,,,,,,,,,,,,,,,,,,,,,,,,,,,,,,,,,,,,,,,
31-01-2026,JINDAL STEEL LTD.,Ferrous Metals,OPTIONS DERIVATIVE,,INE749A01030,,,,,,,,,,,,,,,,,,,,,,,,,,,,,,,,,,,,,,,,,,,,,,,,,,,,,,,,,,,,,,,,,,,,
31-01-2026,MAX HEALTHCARE INSTITUTE LTD.,Healthcare Services,OPTIONS DERIVATIVE,,INE027H01010,,,,,,,,,,,,,,,,,,,,,,,,,,,,,,,,,,,,,,,,,,,,,,,,,,,,,,,,,,,,,,,,,,,,
31-01-2026,SYNGENE INTERNATIONAL LTD.,Healthcare Services,OPTIONS DERIVATIVE,,INE398R01022,,,,,,,,,,,,,,,,,,,,,,,,,,,,,,,,,,,,,,,,,,,,,,,,,,,,,,,,,,,,,,,,,,,,
31-01-2026,SYNGENE INTERNATIONAL LTD.,Healthcare Services,OPTIONS DERIVATIVE,,INE398R01022,,,,,,,,,,,,,,,,,,,,,,,,,,,,,,,,,,,,,,,,,,,,,,,,,,,,,,,,,,,,,,,,,,,,
31-01-2026,OIL & NATURAL GAS CO.,Oil,OPTIONS DERIVATIVE,,INE213A01029,,,,,,,,,,,,,,,,,,,,,,,,,,,,,,,,,,,,,,,,,,,,,,,,,,,,,,,,,,,,,,,,,,,,
31-01-2026,PAGE INDUSTRIES LTD.,Textiles & Apparels,OPTIONS DERIVATIVE,,INE761H01022,,,,,,,,,,,,,,,,,,,,,,,,,,,,,,,,,,,,,,,,,,,,,,,,,,,,,,,,,,,,,,,,,,,,
31-01-2026,ADANI PORTS AND SPECIAL ECONOMIC ZONE LTD.,Transport Infrastructure,OPTIONS DERIVATIVE,,INE742F01042,,,,,,,,,,,,,,,,,,,,,,,,,,,,,,,,,,,,,,,,,,,,,,,,,,,,,,,,,,,,,,,,,,,,
31-01-2026,S&P CNX NIFTY,,OPTIONS DERIVATIVE,,,,,,,,,,,,,,,,,,,,,,,,,,,,,,,,,,,,,,,,,,,,,,,,,,,,,,,,,,,,,,,,,,,,,,
31-01-2026,GOI -  8.30% (02/07/2040),GOVT OF INDIA,Government Securities,SOV,IN0020100031,,,,,,,,,,,,,0.019976817,,,,,,,,,,,,,,,,,,,,,,,,,,,,,,,,,,,,,,,,,,,,,,,,,,,,,,,
31-01-2026,GOI - 5.63% (12/04/2026),GOVT OF INDIA,Government Securities,SOV,IN0020210012,,1.702674991,,,,,,76.03658109,,,,,0.620205317,,,,0.66655431,,0.536697994,,,,,,,,,,,,,,0.51194999,,,,,,,,,,,,,,,,,,,,,,,,,,,,,,,,,,,
31-01-2026,GOI - 5.74% (15/11/2026),GOVT OF INDIA,Government Securities,SOV,IN0020210186,,0.852857253,,,,,,,,,,,,,,,,,,,,,,,,,,,,,,,,,1.760695421,,,,,,,21.66061337,,,,,,,,,,,,,,,,,,,,,,,,,,
31-01-2026,GOI - 5.77% (03/08/2030),GOVT OF INDIA,Government Securities,SOV,IN0020200153,,0.000176402,,,,,,,,,,,,,,,,,,,,,,,,,,,,,,,0.01587436,,,,,,,,,,,,,,,,,,,,,,,,,,,,,,,,,,,
31-01-2026,GOI - 6.10% (12/07/2031),GOVT OF INDIA,Government Securities,SOV,IN0020210095,,,,,,,,,,,,,,,,,,,,,,,,,,,,,,,,,,,,,,,,,,,,,,,,,,,,,,,,,,,0.543374793,,,,,,,,,
31-01-2026,GOI - 6.19% (16/09/2034),GOVT OF INDIA,Government Securities,SOV,IN0020200096,,,,,,,,,,,,,0.007545959,,,,,,,,,,,,,,,,,,,,,,,,,,,,,,,,,,,,,,,,,,,,,,,,,,,,,,,
31-01-2026,GOI - 6.33% (05/05/2035),GOVT OF INDIA,Government Securities,SOV,IN0020250026,,,,,,,,,1.305037571,,,,0.109570922,,,,,,,,,,,,,,,,,,,,0.29275545,,,,,,,,,,,,,,,,,,,,,,,,,,,,,,,,,,,
31-01-2026,GOI - 6.48% (06/10/2035),GOVT OF INDIA,Government Securities,SOV,IN0020250091,,0.785560426,,,,,,,1.228043797,,,,0.61043868,,,,,,,,,,,,,,,,,,,,,,,,,,,,,,,,,,,,,,,,,,,,,,0.705451745,,,,,6.034859533,,,,
31-01-2026,GOI - 6.54% (17/01/2032),GOVT OF INDIA,Government Securities,SOV,IN0020210244,,1.695942447,,,,,,,,,,,,,,,,3.644227617,,,,,,,,,,,,,,,,,,,,,,,,,,,,,,,,,,,,,,,,,,,,,,,,,,
31-01-2026,GOI - 6.57% (05/12/2033),GOVT OF INDIA,Government Securities,SOV,IN0020160100,,,,,,,,,,,,,0.000491113,,,,,,,,,,,,,,,,,,,,,,,,,,,,,,,,,,,,,,,,,,,,,,,,,,,,,,,
31-01-2026,GOI - 6.68% (07/07/2040),GOVT OF INDIA,Government Securities,SOV,IN0020250042,,,,,,,,,0.092061127,,,,,,,,,,,,,8.251952846,,,,,,,,,,,,,,,,,,,,,,,,,,,,,,,,,,,,,,,,,,0.146719658,,,,
31-01-2026,GOI - 6.68% (17/09/2031) ,GOVT OF INDIA,Government Securities,SOV,IN0020170042,,,,,,,,,0.049084686,,,,,,,,,,,,,,,,,,,,,,,,,,,,,,,,,,,,,,,,,,,,,,,,,,,,,,,,,,,
31-01-2026,GOI - 6.79% (07/10/2034),GOVT OF INDIA,Government Securities,SOV,IN0020240126,,,,,,,,,4.703933337,,,,,,,,,,,,,,,,,,,,,,,,0.616193789,,,,,,,,,,,,,,,,,,,,,,,,,20.62098874,5.990844373,,,,,,,,,
31-01-2026,GOI - 6.79% (26/12/2029),GOVT OF INDIA,Government Securities,SOV,IN0020160118,,,,,,,,,,,,,,,,,,,,,,,,,,,,,,,,,,,,,,,,,,,42.20520246,,,,,,,,,,,,,,,,0.97423941,,,,,,,,,
31-01-2026,GOI - 6.90% (15/04/2065),GOVT OF INDIA,Government Securities,SOV,IN0020250018,,,,,,,,,,,,,,,,,,,,,,18.02930193,,,,,,,,,,,,,,,,,,,,,,,,,,,,,,,,,,,,5.491203882,,,,,,,,,,
31-01-2026,GOI - 6.92% (18/11/2039),GOVT OF INDIA,Government Securities,SOV,IN0020240134,,1.573526852,,,,,,,2.405343734,,,,0.122348065,,,,,,,,,10.56191997,,,,,,,,,,,,,,,,,,,,,,,,,,,,,,,,,,,,,,,,,,,,,,
31-01-2026,GOI - 6.97% (06/09/2026),GOVT OF INDIA,Government Securities,SOV,IN0020160035,,0.053570717,,,,,,,,,,,,,,,,,,,,,,,,,,,,,,,,,,,,,,,,3.906418568,,,,,,,,,,,,,,,,,,,,,,,,,,
31-01-2026,GOI - 6.99% (17/04/2026),GOVT OF INDIA,Government Securities,SOV,IN0020230028,,,,,,,,12.39349882,,,,,,,,,,,,,,,,,,,,,,,,0.011959061,,,,,,,,,,,,,,,,,,,,,,,,,,,,,,,,,,,5.513342216,
31-01-2026,GOI - 7.02% (18/06/2031),GOVT OF INDIA,Government Securities,SOV,IN0020240076,,,,,,,,,,,,,0.486962206,,,,,,,,,,,,,,,,,,,,0.280876993,,,,,,,,,,,,,,,,,,,,,,,,,,,,,,,1.089866579,,,,
31-01-2026,GOI - 7.09% (05/08/2054),GOVT OF INDIA,Government Securities,SOV,IN0020240118,,1.541232532,,,,,,,0.038425995,,,,0.598825959,,,,,,,,,16.55224339,,,,,,,,,,,,,,,,,,,,,,,,,,,,,,,,,,,,,,,,,,,,,,
31-01-2026,GOI - 7.09% (25/11/2074),GOVT OF INDIA,Government Securities,SOV,IN0020240142,,,,,,,,,0.467053261,,,,0.593561708,,,,,,,,,,,,,,,,,,,,,,,,,,,,,,,,,,,,,,,,,,,,,,,,,,,,,,,
31-01-2026,GOI - 7.10% (08/04/2034),GOVT OF INDIA,Government Securities,SOV,IN0020240019,,0.543790452,,,,,,,0.74813001,,,,,,,,,,,,,2.190037453,,,,,,,,,,,1.046423138,,10.77731802,,,,,,,,,,,,,,,,,,,,,,,,,,,,,,,,,
31-01-2026,GOI - 7.10% (18/04/2029),GOVT OF INDIA,Government Securities,SOV,IN0020220011,,,,,,,,,,,,,,,,,,,,,,,,,,,,,,,,,,,,,,,,,,,56.19424733,,,,,,,,,,,,,,,,,,,,,,,,,
31-01-2026,GOI - 7.17% (17/04/2030),GOVT OF INDIA,Government Securities,SOV,IN0020230036,,,,,,,,,,,,,0.637701576,,,,,,,,,,,,,,,,,,,,,,,,,,,,,,,,,,,,,,,,,,,,,9.059540562,,,,,,0.470106831,,,,
31-01-2026,GOI - 7.18% (14/08/2033),GOVT OF INDIA,Government Securities,SOV,IN0020230085,,0.382118615,,,,,,,0.625841571,,,,0.954432282,,,,,,,,,2.198467849,,,,,,,,,,,0.420180508,,,,,,,,,,,,,,,,,,,,,,,,,,,,,,,,,,,
31-01-2026,GOI - 7.18% (24/07/2037),GOVT OF INDIA,Government Securities,SOV,IN0020230077,,,,,,,,,,,,,,,,,,,,,,,,,,,,,,,,,0.114311315,,,,,,,,,,,,,,,,,,,,,,,,,,,,,,,,,,,
31-01-2026,GOI - 7.23% (15/04/2039),GOVT OF INDIA,Government Securities,SOV,IN0020240027,,,,,,,,,0.371224641,,,,,,,,,,,,,,,,,,,,,,,,,,,,,,,,,,,,,,,,,,,,,,,,,,,,,,,,,,,
31-01-2026,GOI - 7.24% (18/08/2055),GOVT OF INDIA,Government Securities,SOV,IN0020250075,,,,,,,,,,,,,,,,,,,,,,25.35187213,,,,,,,,,,,,,,,,,,,,,,,,,,,,,,,,,,,,,,,,,,,,,,
31-01-2026,GOI - 7.25% (12/06/2063),GOVT OF INDIA,Government Securities,SOV,IN0020230044,,,,,,,,,,,,,0.021386081,,,,,,,,,,,,,,,,,,,,,,,,,,,,,,,,,,,,,,,,,,,,,,,,,,,,,,,
31-01-2026,GOI - 7.26% (06/02/2033),GOVT OF INDIA,Government Securities,SOV,IN0020220151,,,,,,,,,,,,,,,,,,,,,,,,,,,,,,,,,0.421647256,,,,,,,,,,,,,,,,,,,,,,,,,,,,,,,,,,,
31-01-2026,GOI - 7.26% (14/01/2029),GOVT OF INDIA,Government Securities,SOV,IN0020180454,,,,,,,,,,,,,0.007480039,,,,,,,,,,,,,,,,,,,,,,,,,,,,,,,,,,,,,,,,,,,,,,0.098679063,,,,,,,,,
31-01-2026,GOI - 7.26% (22/08/2032),GOVT OF INDIA,Government Securities,SOV,IN0020220060,,,,,,,,,,,,,0.127869114,,,,,,,,,,,,,,,,,,,,,,,,,,,,,,,,,,,,,,,,,,,,,,,,,,,,,,,
31-01-2026,GOI - 7.27% (08/04/2026),GOVT OF INDIA,Government Securities,SOV,IN0020190016,,,,,,,,9.484196581,,,,,0.110475773,,,,,,0.304183945,,,,,,,,,,,,,,0.369616061,,,,,,,,,,,,,,,,,,,,,,,,,5.890114114,1.437412931,,,,,,,,0.661557544,
31-01-2026,GOI - 7.30% (19/06/2053),GOVT OF INDIA,Government Securities,SOV,IN0020230051,,,,,,,,,0.035797724,,,,,,,,,,,,,,,,,,,,,,,,,,,,,,,,,,,,,,,,,,,,,,,,,,,,,,,,,,,
31-01-2026,GOI - 7.32% (13/11/2030),GOVT OF INDIA,Government Securities,SOV,IN0020230135,,0.827015255,,,,,,,,,,,0.642652154,,,,,,,,,,,,,,,,,,,,,,,,,,,,,,,,,,,,,,,,,,,,,,,,,,,6.94842639,,,,
31-01-2026,GOI - 7.34% (22/04/2064),GOVT OF INDIA,Government Securities,SOV,IN0020240035,,1.998323824,,,,,,,2.060742191,,,,,,,,,,,,,8.471537251,,,,,,,,,,,,,,,,,,,,,,,,,,,,,,,,,,,,,,,,,,,,,,
31-01-2026,GOI - 7.36% (12/09/2052),GOVT OF INDIA,Government Securities,SOV,IN0020220086,,,,,,,,,,,,,0.124135785,,,,,,,,,,,,,,,,,,,,,,,,,,,,,,,,,,,,,,,,,,,,,5.878471599,0.478190571,,,,,,,,,
31-01-2026,GOI - 7.38% (20/06/2027),GOVT OF INDIA,Government Securities,SOV,IN0020220037,,,,,,,,,,,,,0.886955327,,,,,,,,,,,,,,,,,,,,,,1.795344827,,,,,,,,,,,,,,,,,,,,2.057529168,,,9.000412089,1.464296331,,,,,,,,,
31-01-2026,GOI - 7.69% (17/06/2043),GOVT OF INDIA,Government Securities,SOV,IN0020190040,,,,,,,,,0.018208038,,,,,,,,,,,,,,,,,,,,,,,,,,,,,,,,,,,,,,,,,,,,,,,,,,,,,,,,,,,
31-01-2026,GOI - 8.13% (22/06/2045),GOVT OF INDIA,Government Securities,SOV,IN0020150044,,,,,,,,,,,,,0.024335819,,,,,,,,,,,,,,,,,,,,,,,,,,,,,,,,,,,,,,,,,,,,,,,,,,,,,,,
31-01-2026,GOI - 8.15% (24/11/2026),GOVT OF INDIA,Government Securities,SOV,IN0020140060,,,,,,,,,,,,,,,,,,,,,,,,,,,,,,,,,,,,,,,,,,72.53627748,,,,,,,,,,,,,,,,,,,,,,,,,,
31-01-2026,GOI 8.24% 15/02/2027,GOVT OF INDIA,Government Securities,SOV,IN0020060078,,,,,,,,,,,,,,,,,,,,,,,,,,,,,,,,,,,,,,,,,,,,,,,,,,,,,,,,,,3.00870926,,,,,,,,,,
31-01-2026,SDL ANDHRA PRADESH 6.55% (27/05/2028),STATE GOVERNMENT,STATE DEVELOPMENT LOANs,SOV,IN1020200144,,,,,,,,,,,,,,,,,1.120091059,,,,,,,,,,,,,,,,,,,,,,,,,,,,,,,,,,,,,,,,,,,,,,,,,,,
31-01-2026,SDL ANDHRA PRADESH 7.02% (26/02/2030),STATE GOVERNMENT,STATE DEVELOPMENT LOANs,SOV,IN1020190493,,,,,,,,,,,,,,,,,0.665365083,,,,,,,,,,,,,,,,,,,,,,,,,,,,,,,,,,,,,,,,,,,,,,,,,,,
31-01-2026,SDL GUJARAT  7.19% (23/10/2027),STATE GOVERNMENT,STATE DEVELOPMENT LOANs,SOV,IN1520190126,,,,,,,,,,,,,,,,,,,,,,,,,,,,,,,,,,,,,,,,,,,,,,,,,,,,,,,0.125407198,,,,,,,,,,,,,
31-01-2026,SDL GUJARAT  7.62% (01/11/2027),STATE GOVERNMENT,STATE DEVELOPMENT LOANs,SOV,IN1520170110,,,,,,,,,,,,,,,,,,,,,,,,,,,,,,,,,,,,,,,,,,,,,,,,,,,,,,,0.343199693,,,,,,,,,,,,,
31-01-2026,SDL GUJARAT  7.64% (08/11/2027),STATE GOVERNMENT,STATE DEVELOPMENT LOANs,SOV,IN1520170128,,,,,,,,,,,,,,,,,,,,,,,,,,,,,,,,,,,,,,,,,,,,,,,,,,,,,,,10.0054704,,,,,,,,,,,,,
31-01-2026,SDL GUJARAT  7.69% (20/12/2027),STATE GOVERNMENT,STATE DEVELOPMENT LOANs,SOV,IN1520170144,,,,,,,,,,,,,,,,,,,,,,,,,,,,,,,,,,,,,,,,,,,,,,,,,,,,,,,0.041302947,,,,,,,,,,,,,
31-01-2026,SDL GUJARAT  7.75% (13/12/2027),STATE GOVERNMENT,STATE DEVELOPMENT LOANs,SOV,IN1520170136,,,,,,,,,,,,,,,,,,,,,,,,,,,,,,,,,,,,,,,,,,,,,,,,,,,,,,,5.511236374,,,,,,,,,,,,,
31-01-2026,SDL GUJARAT  7.80% (27/12/2027),STATE GOVERNMENT,STATE DEVELOPMENT LOANs,SOV,IN1520170151,,,,,,,,,,,,,0.254902593,,,,,,,,,,,,,,,,,,,,,,,,,,,,,,,,,,,,,,,,,,2.759467532,,,,,,,,,,,,,
31-01-2026,SDL GUJARAT 6.45% (06/01/2030),STATE GOVERNMENT,STATE DEVELOPMENT LOANs,SOV,IN1520200248,,,,,,,,,,,,,,,,,0.261645224,,,,,,,,,,,,,,,,,,,,,,,,,,,,,,,,,,,,,,,,,,,,,,,,,,,
31-01-2026,SDL GUJARAT 6.90% (31/03/2030),STATE GOVERNMENT,STATE DEVELOPMENT LOANs,SOV,IN1520200354,,0.159043426,,,,,,,,,,,,,,,,,,,,,,,,,,,,,,,,,,,,,,,,,,,,,,,,,,,,,,,,,,,,,,,,,,
31-01-2026,SDL GUJARAT 7.45% (24/03/2030),STATE GOVERNMENT,STATE DEVELOPMENT LOANs,SOV,IN1520190225,,,,,,,,,,,,,,,,,0.676888263,,,,,,,,,,,,,,,,,,,,,,,,,,,,,,,,,,,,,,,,,,,,,,,,,,,
31-01-2026,SDL GUJARAT 8.08% (26/12/2028),STATE GOVERNMENT,STATE DEVELOPMENT LOANs,SOV,IN1520180234,,,,,,,,,,,,,,,,,0.138556521,,,,,,,,,,,,,,,,,,,,,,,,,,,,,,,,,,,,,,,,,,,,,,,,,,,
31-01-2026,SDL GUJARAT 8.17% (19/12/2028),STATE GOVERNMENT,STATE DEVELOPMENT LOANs,SOV,IN1520180226,,,,,,,,,,,,,,,,,0.138832342,,,,,,,,,,,,,,,,,,,,,,,,,,,,,,,,,,,,,,,,,,,,,,,,,,,
31-01-2026,SDL GUJARAT 8.50% (28/11/2028) ,STATE GOVERNMENT,STATE DEVELOPMENT LOANs,SOV,IN1520180200,,,,,,,,,,,,,,,,,0.279683105,,,,,,,,,,,,,,,,,,,,,,,,,,,,,,,,,,,,,,,,,,,,,,,,,,,
31-01-2026,SDL GUJARAT 8.53% (20/11/2028),STATE GOVERNMENT,STATE DEVELOPMENT LOANs,SOV,IN1520180192,,0.223344188,,,,,,,,,,,,,,,0.139893785,,,,,,,,,,,,,,,,,,,,,,,,,,,,,,,,,,,,,,,,,,,,,,,,,,,
31-01-2026,SDL HARYANA 7.63% (01/06/2028),STATE GOVERNMENT,STATE DEVELOPMENT LOANs,SOV,IN1620220070,,,,,,,,,,,,,,,,,0.545473903,,,,,,,,,,,,,,,,,,,,,,,,,,,,,,,,,,,,,,,,,,,,,,,,,,,
31-01-2026,SDL HARYANA 7.86% (27/12/2027),STATE GOVERNMENT,STATE DEVELOPMENT LOANs,SOV,IN1620170101,,0.054665595,,,,,,,,,,,,,,,,,,,,,,,,,,,,,,,,,,,,,,,,,,,,,,,,,,,,,,,,,,,,,,,,,,
31-01-2026,SDL HIMACHAL PRADESH 6.36% (29/07/2028),STATE GOVERNMENT,STATE DEVELOPMENT LOANs,SOV,IN1720200030,,0.528395033,,,,,,,,,,,,,,,,,,,,,,,,,,,,,,,,,,,,,,,,,,,,,,,,,,,,,,,,,,,,,,,,,,
31-01-2026,SDL KARNATAKA 08.08% (26/12/2028),STATE GOVERNMENT,STATE DEVELOPMENT LOANs,SOV,IN1920180115,,,,,,,,,,,,,,,,,0.110769533,,,,,,,,,,,,,,,,,,,,,,,,,,,,,,,,,,,,,,,,,,,,,,,,,,,
31-01-2026,SDL KARNATAKA 6.58% (03/06/2030),STATE GOVERNMENT,STATE DEVELOPMENT LOANs,SOV,IN1920200053,,0.523538893,,,,,,,,,,,,,,,,,,,,,,,,,,,,,,,,,,,,,,,,,,,,,,,,,,,,,,,,,,,,,,,,,,
31-01-2026,SDL KARNATAKA 7.64% (08/11/2027),STATE GOVERNMENT,STATE DEVELOPMENT LOANs,SOV,IN1920170066,,,,,,,,,,,,,,,,,,,,,,,,,,,,,,,,,,,,,,,,,,,,,,,,,,,,,,,0.686783246,,,,,,,,,,,,,
31-01-2026,SDL KARNATAKA 7.65% (06/12/2027),STATE GOVERNMENT,STATE DEVELOPMENT LOANs,SOV,IN1920170108,,,,,,,,,,,,,,,,,,,,,,,,,,,,,,,,,,,,,,,,,,,,,,,,,,,,,,,0.687568416,,,,,,,,,,,,,
31-01-2026,SDL KARNATAKA 7.69% (20/12/2027),STATE GOVERNMENT,STATE DEVELOPMENT LOANs,SOV,IN1920170124,,,,,,,,,,,,,,,,,,,,,,,,,,,,,,,,,,,,,,,,,,,,,,,,,,,,,,,0.275352977,,,,,,,,,,,,,
31-01-2026,SDL KARNATAKA 7.70% (15/11/2027),STATE GOVERNMENT,STATE DEVELOPMENT LOANs,SOV,IN1920170074,,,,,,,,,,,,,,,,,,,,,,,,,,,,,,,,,,,,,,,,,,,,,,,,,,,,,,,2.202997243,,,,,,,,,,,,,
31-01-2026,SDL KARNATAKA 7.76% (13/12/2027),STATE GOVERNMENT,STATE DEVELOPMENT LOANs,SOV,IN1920170116,,,,,,,,,,,,,,,,,,,,,,,,,,,,,,,,,,,,,,,,,,,,,,,,,,,,,,,4.892051341,,,,,,,,,,,,,
31-01-2026,SDL KARNATAKA 7.82% (27/12/2027),STATE GOVERNMENT,STATE DEVELOPMENT LOANs,SOV,IN1920170132,,,,,,,,,,,,,,,,,,,,,,,,,,,,,,,,,,,,,,,,,,,,,,,,,,,,,,,1.380208894,,,,,,,,,,,,,
31-01-2026,SDL KARNATAKA 8.06% (27/03/2029),STATE GOVERNMENT,STATE DEVELOPMENT LOANs,SOV,IN1920180222,,,,,,,,,,,,,,,,,0.193816088,,,,,,,,,,,,,,,,,,,,,,,,,,,,,,,,,,,,,,,,,,,,,,,,,,,
31-01-2026,SDL KARNATAKA 8.52% (28/11/2028),STATE GOVERNMENT,STATE DEVELOPMENT LOANs,SOV,IN1920180081,,,,,,,,,,,,,,,,,0.041972773,,,,,,,,,,,,,,,,,,,,,,,,,,,,,,,,,,,,,,,,,,,,,,,,,,,
31-01-2026,SDL KERALA 6.72% (24/03/2027),STATE GOVERNMENT,STATE DEVELOPMENT LOANs,SOV,IN2020200290,,,,,,,,,,,,,,,,,1.342146749,,,,,,,,,,,,,,,,,,,,,,,,,,,,,,,,,,,,,,,,,,,,,,,,,,,
31-01-2026,SDL KERALA 7.80% (15/03/2027),STATE GOVERNMENT,STATE DEVELOPMENT LOANs,SOV,IN2020160155,,,,,,,,,,,,,,,,,2.578643865,,,,,,,,,,,,,,,,,,,,,,,,,,,,,,,,,,,,,,,,,,,,,,,,,,,
31-01-2026,SDL MADHYA PRADESH 8.42% (08/08/2028),STATE GOVERNMENT,STATE DEVELOPMENT LOANs,SOV,IN2120180053,,,,,,,,,,,,,,,,,0.416014539,,,,,,,,,,,,,,,,,,,,,,,,,,,,,,,,,,,,,,,,,,,,,,,,,,,
31-01-2026,SDL MAHARASHTRA 6.54% (27/05/2030),STATE GOVERNMENT,STATE DEVELOPMENT LOANs,SOV,IN2220200033,,,,,,,,,,,,,,,,,0.523918839,,,,,,,,,,,,,,,,,,,,,,,,,,,,,,,,,,,,,,,,,,,,,,,,,,,
31-01-2026,SDL MAHARASHTRA 6.81% (07/10/2028),STATE GOVERNMENT,STATE DEVELOPMENT LOANs,SOV,IN2220200215,,,,,,,,,,,,,,,,,1.341460528,3.681616125,,,,,,,,,,,,,,,,,,,,,,,,,,,,,,,,,,,,,,,,,,,,,,,,,,
31-01-2026,SDL MAHARASHTRA 7.10% (04/08/2036),STATE GOVERNMENT,STATE DEVELOPMENT LOANs,SOV,IN2220210206,,,,,,,,,0.59480695,,,,,,,,,,,,,,,,,,,,,,,,,,,,,,,,,,,,,,,,,,,,,,,,,,,,,,,,,,,
31-01-2026,SDL MAHARASHTRA 7.33% (13/09/2027),STATE GOVERNMENT,STATE DEVELOPMENT LOANs,SOV,IN2220170103,,,,,,,,,,,,,0.003278514,,,,,,,,,,,,,,,,,,,,,,,,,,,,,,,,,,,,,,,,,,,,,,,,,,,,,,,
31-01-2026,SDL MAHARASHTRA 7.60% (15/04/2030),STATE GOVERNMENT,STATE DEVELOPMENT LOANs,SOV,IN2220200025,,0.162904673,,,,,,,,,,,,,,,0.272098433,,,,,,,,,,,,,,,,,,,,,,,,,,,,,,,,,,,,,,,,,,,,,,,,,,,
31-01-2026,SDL RAJASTHAN  8.65% (24/02/2026),STATE GOVERNMENT,STATE DEVELOPMENT LOANs,SOV,IN2920150256,,,,,,,,,,,,,,,,,,,0.116847587,,,,,,,,,,,,,,,,,,,,,,,,,,,,,,,,,,,,,,,,,,,,,,,,,
31-01-2026,SDL RAJASTHAN 7.64% (01/11/2027),STATE GOVERNMENT,STATE DEVELOPMENT LOANs,SOV,IN2920170098,,,,,,,,,,,,,,,,,,,,,,,,,,,,,,,,,,,,,,,,,,,,,,,,,,,,,,,2.058098919,,,,,,,,,,,,,
31-01-2026,SDL RAJASTHAN 7.65% (29/11/2027),STATE GOVERNMENT,STATE DEVELOPMENT LOANs,SOV,IN2920170106,,,,,,,,,,,,,,,,,,,,,,,,,,,,,,,,,,,,,,,,,,,,,,,,,,,,,,,1.37357723,,,,,,,,,,,,,
31-01-2026,SDL RAJASTHAN 7.86% (27/12/2027),STATE GOVERNMENT,STATE DEVELOPMENT LOANs,SOV,IN2920170122,,,,,,,,,,,,,,,,,,,,,,,,,,,,,,,,,,,,,,,,,,,,,,,,,,,,,,,2.773572414,,,,,,,,,,,,,
31-01-2026,SDL TAMILNADU 08.68% (10/10/2028),STATE GOVERNMENT,STATE DEVELOPMENT LOANs,SOV,IN3120180143,,,,,,,,,,,,,,,,,0.042041248,,,,,,,,,,,,,,,,,,,,,,,,,,,,,,,,,,,,,,,,,,,,,,,,,,,
31-01-2026,SDL TAMILNADU 6.53% (06/01/2031),STATE GOVERNMENT,STATE DEVELOPMENT LOANs,SOV,IN3120200339,,0.259939685,,,,,,,,,,,,,,,,,,,,,,,,,,,,,,,,,,,,,,,,,,,,,,,,,,,,,,,,,,,,,,,,,,
31-01-2026,SDL TAMILNADU 6.95% (07/07/2031),STATE GOVERNMENT,STATE DEVELOPMENT LOANs,SOV,IN3120210106,,0.052802435,,,,,,,,,,,,,,,,,,,,,,,,,,,,,,,,,,,,,,,,,,,,,,,,,,,,,,,,,,,,,,,,,,
31-01-2026,SDL TAMILNADU 7.11% (31/07/2029),STATE GOVERNMENT,STATE DEVELOPMENT LOANs,SOV,IN3120190068,,0.483972061,,,,,,,,,,,,,,,,,,,,,,,,,,,,,,,,,,,,,,,,,,,,,,,,,,,,,,,,,,,,,,,,,,
31-01-2026,SDL TAMILNADU 7.65% (06/12/2027),STATE GOVERNMENT,STATE DEVELOPMENT LOANs,SOV,IN3120170094,,,,,,,,,,,,,,,,,,,,,,,,,,,,,,,,,,,,,,,,,,,,,,,,,,,,,,,6.910062581,,,,,,,,,,,,,
31-01-2026,SDL TAMILNADU 7.69% (20/12/2027),STATE GOVERNMENT,STATE DEVELOPMENT LOANs,SOV,IN3120170102,,,,,,,,,,,,,,,,,,,,,,,,,,,,,,,,,,,,,,,,,,,,,,,,,,,,,,,1.376764885,,,,,,,,,,,,,
31-01-2026,SDL TAMILNADU 8.18% (19/12/2028),STATE GOVERNMENT,STATE DEVELOPMENT LOANs,SOV,IN3120180192,,,,,,,,,,,,,,,,,,,,,,,,,,,,,,,,,,,,,,,,,,,,,,,,,,,,,,,,,,,,,,,,0.000127004,,,,
31-01-2026,SDL TAMILNADU 8.28% (21/02/2028),STATE GOVERNMENT,STATE DEVELOPMENT LOANs,SOV,IN3120170128,,,,,,,,,,,,,,,,,0.096495033,,,,,,,,,,,,,,,,,,,,,,,,,,,,,,,,,,,,,,,,,,,,,,,,,,,
31-01-2026,SDL UTTAR PRADESH 7.59% (25/10/2027),STATE GOVERNMENT,STATE DEVELOPMENT LOANs,SOV,IN3320170126,,,,,,,,,,,,,,,,,,,,,,,,,,,,,,,,,,,,,,,,,,,,,,,,,,,,,,,2.05679433,,,,,,,,,,,,,
31-01-2026,SDL UTTAR PRADESH 7.67% (29/11/2027),STATE GOVERNMENT,STATE DEVELOPMENT LOANs,SOV,IN3320170142,,,,,,,,,,,,,,,,,,,,,,,,,,,,,,,,,,,,,,,,,,,,,,,,,,,,,,,3.436365693,,,,,,,,,,,,,
31-01-2026,SDL UTTAR PRADESH 7.85% (27/12/2027),STATE GOVERNMENT,STATE DEVELOPMENT LOANs,SOV,IN3320170167,,,,,,,,,,,,,0.050997132,,,,,,,,,,,,,,,,,,,,,,,,,,,,,,,,,,,,,,,,,,4.554605197,,,,,,,,,,,,,
31-01-2026,SDL WEST BENGAL 7.68% (06/12/2027),STATE GOVERNMENT,STATE DEVELOPMENT LOANs,SOV,IN3420170133,,,,,,,,,,,,,,,,,,,,,,,,,,,,,,,,,,,,,,,,,,,,,,,,,,,,,,,1.374131546,,,,,,,,,,,,,
31-01-2026,SDL WEST BENGAL 7.72% (20/12/2027),STATE GOVERNMENT,STATE DEVELOPMENT LOANs,SOV,IN3420170158,,,,,,,,,,,,,,,,,,,,,,,,,,,,,,,,,,,,,,,,,,,,,,,,,,,,,,,3.439345311,,,,,,,,,,,,,
31-01-2026,SGS ANDHRA PRADESH 6.77% (06/08/2031),STATE GOVERNMENT,STATE DEVELOPMENT LOANs,SOV,IN1020250255,,,,,,,,,,,,,,,,,,,,,,,,,,,,,,,,,,,,,,,,,,,,,,,,,,,,,,,,,,,,,,,,1.644623761,,,,
31-01-2026,SGS ANDHRA PRADESH 6.82% (04/06/2036),STATE GOVERNMENT,STATE DEVELOPMENT LOANs,SOV,IN1020250123,,1.011485586,,,,,,,,,,,,,,,,,,,,,,,,,,,,,,,,,,,,,,,,,,,,,,,,,,,,,,,,,,,,,,,,,,
31-01-2026,SGS ANDHRA PRADESH 7.29% (15/01/2030),STATE GOVERNMENT,STATE DEVELOPMENT LOANs,SOV,IN1020190410,,0.214418589,,,,,,,,,,,,,,,,,,,,,,,,,,,,,,,,,,,,,,,,,,,,,,,,,,,,,,,,,,,,,,,,,,
31-01-2026,SGS ANDHRA PRADESH 7.70% (06/12/2029),STATE GOVERNMENT,STATE DEVELOPMENT LOANs,SOV,IN1020230620,,0.546149119,,,,,,,,,,,,,,,,7.510789596,,,,,,,,,,,,,,,,,,,,,,,,,,,,,,,,,,,,,,,,,,,,,,,,,,
31-01-2026,SGS GUJARAT 6.98% (27/02/2030),STATE GOVERNMENT,STATE DEVELOPMENT LOANs,SOV,IN1520240251,,,,,,,,,,,,,,,,,,,,,,4.282619867,,,,,,,,,,,,,,,,,,,,,,,,,,,,,,,,,,,,,,,,,,,,,,
31-01-2026,SGS GUJARAT 7.38% (26/04/2030),STATE GOVERNMENT,STATE DEVELOPMENT LOANs,SOV,IN1520230013,,,,,,,,,,,,,,,,,0.135008426,,,,,,,,,,,,,,,,,,,,,,,,,,,,,,,,,,,,,,,,,,,,,,,,,,,
31-01-2026,SGS GUJARAT 7.64% (10/01/2031),STATE GOVERNMENT,STATE DEVELOPMENT LOANs,SOV,IN1520230187,,,,,,,,,0.748275614,,,,0.887560233,,,,,,,,,,,,,,,,,,,,,,,,,,,,,,,,,,,,,,,,,,,,,,,,,,,0.090231083,,,,
31-01-2026,SGS GUJARAT 7.66% (22/02/2030),STATE GOVERNMENT,STATE DEVELOPMENT LOANs,SOV,IN1520220246,,,,,,,,,,,,,,,,,0.136320374,,,,,,,,,,,,,,,,,,,,,,,,,,,,,,,,,,,,,,,,,,,,,,,,,,,
31-01-2026,SGS KARNATAKA 7.42% (06/03/2035),STATE GOVERNMENT,STATE DEVELOPMENT LOANs,SOV,IN1920230290,,,,,,,,,0.031318407,,,,,,,,,,,,,,,,,,,,,,,,,,,,,,,,,,,,,,,,,,,,,,,,,,,,,,,,,,,
31-01-2026,SGS KARNATAKA 7.68% (27/12/2037),STATE GOVERNMENT,STATE DEVELOPMENT LOANs,SOV,IN1920230159,,,,,,,,,0.247827957,,,,,,,,,,,,,,,,,,,,,,,,,,,,,,,,,,,,,,,,,,,,,,,,,,,,,,,,,,,
31-01-2026,SGS KARNATAKA 7.73% (03/01/2035),STATE GOVERNMENT,STATE DEVELOPMENT LOANs,SOV,IN1920230175,,0.001615429,,,,,,,,,,,,,,,,,,,,,,,,,,,,,,,,,,,,,,,,,,,,,,,,,,,,,,,,,,,,,,,,,,
31-01-2026,SGS MAHARASHTRA 6.76% (23/04/2037),STATE GOVERNMENT,STATE DEVELOPMENT LOANs,SOV,IN2220250012,,,,,,,,,,,,,1.174721554,,,,,,,,,,,,,,,,,,,,,,,,,,,,,,,,,,,,,,,,,,,,,,,,,,,0.748332775,,,,
31-01-2026,SGS MAHARASHTRA 6.77% (30/04/2037),STATE GOVERNMENT,STATE DEVELOPMENT LOANs,SOV,IN2220250053,,,,,,,,,,,,,2.116045341,,,,,,,,,,,,,,,,,,,,2.328926378,,,,,,,,,,,,,,,,,,,,,,,,,,,,,,,,,,,
31-01-2026,SGS MAHARASHTRA 7.03% (25/06/2038),STATE GOVERNMENT,STATE DEVELOPMENT LOANs,SOV,IN2220250103,,0.004703514,,,,,,,,,,,,,,,,,,,,,,,,,,,,,,,,,,,,,,,,,,,,,,,,,,,,,,,,,,,,,,,,,,
31-01-2026,SGS MAHARASHTRA 7.21% (21/08/2035),STATE GOVERNMENT,STATE DEVELOPMENT LOANs,SOV,IN2220240146,,,,,,,,,,,,,0.018785007,,,,,,,,,,,,,,,,,,,,,,,,,,,,,,,,,,,,,,,,,,,,,,,,,,,,,,,
31-01-2026,SGS MAHARASHTRA 7.23% (04/09/2035),STATE GOVERNMENT,STATE DEVELOPMENT LOANs,SOV,IN2220240229,,,,,,,,,0.120290234,,,,,,,,,,,,,,,,,,,,,,,,,,,,,,,,,,,,,,,,,,,,,,,,,,,,,,,,,,,
31-01-2026,SGS MAHARASHTRA 7.32% (31/05/2032),STATE GOVERNMENT,STATE DEVELOPMENT LOANs,SOV,IN2220230063,,0.533667065,,,,,,,,,,,,,,,,,,,,,,,,,,,,,,,,,,,,,,,,,,,,,,,,,,,,,,,,,,,,,,,,,,
31-01-2026,SGS MAHARASHTRA 7.45% (20/03/2037),STATE GOVERNMENT,STATE DEVELOPMENT LOANs,SOV,IN2220230295,,,,,,,,,0.365898411,,,,0.247904817,,,,,,,,,,,,,,,,,,,,,,,,,,,,,,,,,,,,,,,,,,,,,,,,,,,,,,,
31-01-2026,SGS MAHARASHTRA 7.48% (07/02/2035),STATE GOVERNMENT,STATE DEVELOPMENT LOANs,SOV,IN2220230212,,,,,,,,,,,,,,,,,,,,,,,,,,,,,,,,,0.034951377,,,,,,,,,,,,,,,,,,,,,,,,,,,,,,,,,,,
31-01-2026,SGS MAHARASHTRA 7.49% (07/02/2036),STATE GOVERNMENT,STATE DEVELOPMENT LOANs,SOV,IN2220230220,,,,,,,,,,,,,0.188338288,,,,,,,,,,,,,,,,,,,,0.093282687,,,,,,,,,,,,,,,,,,,,,,,,,,,,,,,0.323986759,,,,
31-01-2026,SGS MAHARASHTRA 7.63% (31/01/2035),STATE GOVERNMENT,STATE DEVELOPMENT LOANs,SOV,IN2220230196,,,,,,,,,,,,,0.075357251,,,,,,,,,,,,,,,,,,,,0.022289705,,,,,,,,,,,,,,,,,,,,,,,,,,,,,,,0.037035044,,,,
31-01-2026,SGS MAHARASHTRA 7.63% (31/01/2036),STATE GOVERNMENT,STATE DEVELOPMENT LOANs,SOV,IN2220230204,,,,,,,,,0.047103152,,,,0.075376815,,,,,,,,,,,,,,,,,,,,0.031752928,,,,,,,,,,,,,,,,,,,,,,,,,,,,,,,,,,,
31-01-2026,SGS MAHARASHTRA 7.70% (08/11/2034),STATE GOVERNMENT,STATE DEVELOPMENT LOANs,SOV,IN2220230147,,,,,,,,,0.014817596,,,,,,,,,,,,,,,,,,,,,,,,,,,,,,,,,,,,,,,,,,,,,,,,,,,,,,,0.155803989,,,,
31-01-2026,SGS MAHARASHTRA 7.72% (23/03/2032),STATE GOVERNMENT,STATE DEVELOPMENT LOANs,SOV,IN2220220239,,,,,,,,,0.249483739,,,,,,,,,,,,,,,,,,,,,,,,,,,,,,,,,,,,,,,,,,,,,,,,,,,,,,,,,,,
31-01-2026,SGS MAHARASHTRA 7.73% (10/01/2036),STATE GOVERNMENT,STATE DEVELOPMENT LOANs,SOV,IN2220230188,,,,,,,,,0.063441043,,,,,,,,,,,,,,,,,,,,,,,,,,,,,,,,,,,,,,,,,,,,,,,,,,,,,,,,,,,
31-01-2026,SGS TAMILNADU 7.35% (03/07/2034),STATE GOVERNMENT,STATE DEVELOPMENT LOANs,SOV,IN3120240137,,,,,,,,,0.365910662,,,,,,,,,,,,,,,,,,,,,,,,,,,,,,,,,,,,,,,,,,,,,,,,,,,,,,,,,,,
31-01-2026,SGS TAMILNADU 7.42% (03/04/2034),STATE GOVERNMENT,STATE DEVELOPMENT LOANs,SOV,IN3120240012,,,,,,,,,,,,,0.058694623,,,,,,,,,,,,,,,,,,,,,,,,,,,,,,,,,,,,,,,,,,,,,,,,,,,0.061218241,,,,
31-01-2026,SGS TAMILNADU 7.44% (05/06/2034),STATE GOVERNMENT,STATE DEVELOPMENT LOANs,SOV,IN3120240103,,,,,,,,,,,,,0.124727053,,,,,,,,,,,,,,,,,,,,0.179926342,,,,,,,,,,,,,,,,,,,,,,,,,,,,,,,0.153245765,,,,
31-01-2026,SGS TAMILNADU 7.44% (20/03/2034),STATE GOVERNMENT,STATE DEVELOPMENT LOANs,SOV,IN3120230484,,,,,,,,,,,,,,,,,,,,,,,,,,,,,,,,,,,,,,,,,,,,,,,,,,,,,,,,,,,,,,,,0.153230075,,,,
31-01-2026,SGS UTTAR PRADESH 7.41% (14/06/2034),STATE GOVERNMENT,STATE DEVELOPMENT LOANs,SOV,IN3320230037,,,,,,,,,0.366894221,,,,,,,,,,,,,,,,,,,,,,,,,,,,,,,,,,,,,,,,,,,,,,,,,,,,,,,,,,,
31-01-2026,SGS UTTAR PRADESH 7.46% (22/03/2039),STATE GOVERNMENT,STATE DEVELOPMENT LOANs,SOV,IN3320230326,,,,,,,,,,,,,,,,,,,,,,,,,,,,,,,,,0.067097868,,,,,,,,,,,,,,,,,,,,,,,,,,,,,,,,,,,
31-01-2026,SGS UTTAR PRADESH 7.51% (27/03/2038),STATE GOVERNMENT,STATE DEVELOPMENT LOANs,SOV,IN3320230375,,,,,,,,,0.610773326,,,,,,,,,,,,,,,,,,,,,,,,,,,,,,,,,,,,,,,,,,,,,,,,,,,,,,,,,,,
31-01-2026,SGS UTTAR PRADESH 7.62% (20/12/2034),STATE GOVERNMENT,STATE DEVELOPMENT LOANs,SOV,IN3320230227,,,,,,,,,,,,,0.113379576,,,,,,,,,,,,,,,,,,,,,,,,,,,,,,,,,,,,,,,,,,,,,,,,,,,,,,,
31-01-2026,SGS UTTAR PRADESH 7.70% (22/11/2035),STATE GOVERNMENT,STATE DEVELOPMENT LOANs,SOV,IN3320230185,,0.000367891,,,,,,,,,,,,,,,,,,,,,,,,,,,,,,,,,,,,,,,,,,,,,,,,,,,,,,,,,,,,,,,,,,
31-01-2026,SGS WEST BENGAL 7.48% (14/02/2043),STATE GOVERNMENT,STATE DEVELOPMENT LOANs,SOV,IN3420230218,,,,,,,,,,,,,,,,,,,,,,,,,,,,,,,,,0.0808004,,,,,,,,,,,,,,,,,,,,,,,,,,,,,,,,,,,
31-01-2026,SGS WEST BENGAL 7.53% (27/03/2044),STATE GOVERNMENT,STATE DEVELOPMENT LOANs,SOV,IN3420230317,,,,,,,,,,,,,0.040525596,,,,,,,,,,,,,,,,,,,,,,,,,,,,,,,,,,,,,,,,,,,,,,,,,,,,,,,
31-01-2026,HDFC BANK LTD. 7.80%  SR US-002 NCD (03/05/2033),Banks,NCD - Non Convertible Debt,AAA,INE040A08666,,,,,,,,,,,,,,,,,,,,,,,,,,,,,,,,,0.104041369,,,,,,,,,,,,,,,,,,,,,,,,,,1.21383044,,,,,,,,,
31-01-2026,NATIONAL HIGHWAYS AUTHORITY OF INDIA 8.27% NCD (SERIES -6) (28/03/2029),Construction,NCD - Non Convertible Debt,AAA,INE906B07GP0,,,,,,,,,,,,,,,,,,,,,,,,,,,,,,,,,,,,,,,,,,,,,,,,,,,,,,,,,,,,,,,,0.009429172,,,,
31-01-2026,BAJAJ FINANCE LTD. NCD SERIES 288 - TRANCHE 17 - (OPTION 2)  8.10% (22/05/2026),Finance,NCD - Non Convertible Debt,AAA,INE296A07TA3,0.242994052,,,,,,,,,,,,,,,,,,,,,,,,,,,,,,,,,,,,,,,,,,,,,,,,,,,,,,,,,,,,,,,,,,,
31-01-2026,BAJAJ FINANCE LTD. NCD SERIES 289 - TRANCHE 20 - (OPTION II) 7.3763% (26/06/2028),Finance,NCD - Non Convertible Debt,AAA,INE296A07TJ4,,,,,,,,,0.607234456,,,,,,,,,,,,,,,,,,,,,,,,,,,,,,,,,,,,,,,,,,,,,,,,,,,,,,,,,,,
31-01-2026,BAJAJ HOUSING FINANCE LTD. (SR 30 - TRANCHE - 3) 7.9237% NCD (16/03/2026),Finance,NCD - Non Convertible Debt,AAA,INE377Y07375,,,,,,,,,,,,,,,,,1.333369784,,,,,,,,,,,,,,,,,,,,,,,,,,,,,,,,,,,,,,,,,,,,,,,,,,,
31-01-2026,BAJAJ HOUSING FINANCE LTD. 7.02% NCD (26/05/2028),Finance,NCD - Non Convertible Debt,AAA,INE377Y07565,,,,,,,,,0.605105281,,,,,,,,,,,,,,,,,,,,,,,,,,,,,,,,,,,,,,,,,,,,,,,,,,,,,,,,,,,
31-01-2026,BAJAJ HOUSING FINANCE LTD. 7.66% NCD (20/03/2028),Finance,NCD - Non Convertible Debt,AAA,INE377Y07532,,,,,,,,,,,,,,,,,,,,,,,,,,,,,,,,,,,,,,,,,,,,,,,,,,,,,,,,,,,,,,,,3.06293501,,,,
31-01-2026,BHARTI TELECOM LTD. SERIES XIX 8.65% NCD (05/11/2027),Finance,NCD - Non Convertible Debt,AAA,INE403D08231,,0.269644255,,,,,,,,,,,,,,,,,,,,,,,,,,,,,,,,,,,,,,,,,,,,,,,,,,,,,,,,,,,,,,3.861648133,,,,
31-01-2026,BHARTI TELECOM LTD. SERIES XXI 8.75% NCD (05/11/2029),Finance,NCD - Non Convertible Debt,AAA,INE403D08264,,,,,,,,,1.25693657,,,,,,,,,,,,,,,,,,,,,,,,0.527430055,,,,,,,,,,,,,,,,,,,,,,,,,,,,,,,,,,,
31-01-2026,BHARTI TELECOM LTD. SERIES XXII 8.90% NCD (05/11/2031),Finance,NCD - Non Convertible Debt,AAA,INE403D08249,,,,,,,,,0.76857302,,,,,,,,,,,,,,,,,,,,,,,,,,,,,,,,,,,,,,,,,,,,,,,,,,,,,,,,,,,
31-01-2026,BHARTI TELECOM LTD. SERIES XXV 7.35% NCD (15/10/2027),Finance,NCD - Non Convertible Debt,AAA,INE403D08272,,,,,,,,,,,,,,,,,,,,,,,,,,,,,,,,,,,,,,,,,,,,,,,,,,,,,,,,,,,,,,,,4.540555506,,,,
31-01-2026,BHARTI TELECOM LTD. SERIES XXVII 7.30% NCD (01/12/2027),Finance,NCD - Non Convertible Debt,AAA,INE403D08306,0.724008729,,,,,,,,,,,,,,,,,,,,,,,,,,,,,,,,,,,,,,,,,,,,,,,,,,,,,,,,,,,,,,,,,,,
31-01-2026,CAN FIN HOMES LIMITED 8.09% NCD SR2 2025 2027 (04/01/2027),Finance,NCD - Non Convertible Debt,AAA,INE477A07415,,,,,,,,,,,,,,,,,1.33994418,,,,,,,,,,,,,,,,,,,,,,,,,,,,,,,,,,,,,,,,,,,,,,,,,,,
31-01-2026,CAN FIN HOMES LIMITED 8.20% NCD 3SR 2025 2027 (18/05/2027),Finance,NCD - Non Convertible Debt,AAA,INE477A07423,,,,,,,,,,,,,,,,,1.344498554,3.689953938,,,,,,,,,,,,,,,,,,,,,,,,,,,,,,,,,,,,,,,,,,,,,,,,,0.554485742,
31-01-2026,CAN FIN HOMES LIMITED 8.45% NCD 2SR 2022 2026 (27/05/2026),Finance,NCD - Non Convertible Debt,AAA,INE477A07373,,,,,,,,,,,,,0.621833193,,,,,,,,,,,,,,,,,,,,,,,,,,,,,,,,,,,,,,,,,,,,,,,,,,,,,,6.614777527,
31-01-2026,EXIM BANK 7.45% NCD SR Z01-2028 (12/04/2028),Finance,NCD - Non Convertible Debt,AAA,INE514E08GB4,,,,,,,,,,,,,,,,,,,,,,,,,,,,,,,,,0.516101444,,,,,,,,,,,,,,,,,,,,,,,,,,,,,,,1.536387753,,,,
31-01-2026,EXPORT IMPORT BANK OF INDIA 7.14% NCD (SR AA01-2029) (13/12/2029),Finance,NCD - Non Convertible Debt,AAA,INE514E08GD0,,0.029180016,,,,,,,,,,,,,,,,,,,,,,,,,,,,,,,,,,,,,,,,,,,,,,,,,,,,,,,,,,,,,,,,,,
31-01-2026,EXPORT IMPORT BANK OF INDIA 7.35% NCD (SR AA02-2028) (27/07/2028),Finance,NCD - Non Convertible Debt,AAA,INE514E08GE8,,,,,,,,,,,,,,,,,,7.36944904,,,,,,,,,,,,,,,,,,,,,,,,,,,,,,,,,,,,,,,,,,,,,,,,,,
31-01-2026,HDB FINANCIAL SERVICES LTD. (SERIES 2023 A/1(FX)/189) 7.99% NCD (16/03/2026),Finance,NCD - Non Convertible Debt,AAA,INE756I07EO2,,,,,,,,,,,,,,,,,1.466135134,,,,,,,,,,,,,,,,,,,,,,,,,,,,,,,,,,,,,,,,,,,,,,,,,,,
31-01-2026,ICICI HOME FINANCE CO LTD. 7.85% NCD  ( HDBMAY231 TRANCHE 4) (12/05/2028),Finance,NCD - Non Convertible Debt,AAA,INE071G07603,,,,,,,,,0.614320732,,,,,,,,,,,,,,,,,,,,,,,,,,,,,,,,,,,,,,,,,,,,,,,,,,,,,,,,,,,
31-01-2026,ICICI HOME FINANCE CO LTD. 8.10% NCD (05/03/2027),Finance,NCD - Non Convertible Debt,AAA,INE071G07660,,,,,,,,,,,,,0.124847811,,,,2.012668481,,,,,,,,,,,,,,,,,,,,,,,,,,,,,,,,,,,,,,,,,,,,,,,,,,,
31-01-2026,ICICI HOME FINANCE CO LTD. OP-1 (HDBAPR261) 7.3108% NCD (28/06/2027),Finance,NCD - Non Convertible Debt,AAA,INE071G07819,,,,,,,,,,,,,,,,,1.330358407,,,,,,,,,,,,,,,,,,,,,,,,,,,,,,,,,,,,,,,,,,,,,,,,,,,
31-01-2026,ICICI HOME FINANCE CO LTD. OP-1 (HDBDEC211) 6.55% NCD (23/12/2026),Finance,NCD - Non Convertible Debt,AAA,INE071G07462,,,,,,,,,,,,,,,,,0.660097172,,,,,,,,,,,,,,,,,,,,,,,,,,,,,,,,,,,,,,,,,,,,,,,,,,,
31-01-2026,INDIA INFRADEBT LTD. (SR-I- 2025) TR-III  7.39% NCD (27/05/2031),Finance,NCD - Non Convertible Debt,AAA,INE537P07877,,,,,,,,,0.60407179,,,,,,,,,,,,,,,,,,,,,,,,,,,,,,,,,,,,,,,,,,,,,,,,,,,,,,,,,,,
31-01-2026,INDIAN RAILWAY FINANCE CORPORATION LTD. (SR-178) 7.46% NCD (18/06/2029),Finance,NCD - Non Convertible Debt,AAA,INE053F08387,,,,,,,,,1.106589478,,,,,,,,,,,,,,,,,,,,,,,,,,,,,,,,,,,,,,,,,,,,,,,,,,,,,,,,,,,
31-01-2026,INDIAN RAILWAY FINANCE CORPORATION LTD. (SR-190) 6.65% NCD (20/05/2030),Finance,NCD - Non Convertible Debt,AAA,INE053F08502,,,,,,,,,,,,,,,,,,,,,,,,,,,,,,,,,,,,,,,,,,,,,,,,,,,,,,,,,,,,,,,,0.447104291,,,,
31-01-2026,INDIAN RAILWAY FINANCE CORPORATION LTD. (SR-191 A) 6.47% NCD (30/05/2028),Finance,NCD - Non Convertible Debt,AAA,INE053F08510,,,,,,,,,1.203687676,,,,,,,,,7.219280642,,,,,,,,,,,,,,,,,,,,,,,,,,,,,,,,,,,,,,,,,,,,,,,,,,
31-01-2026,INDIAN RAILWAYS FINANCE CORPORATION LTD. (SR-118) 7.83% NCD (19/03/2027),Finance,NCD - Non Convertible Debt,AAA,INE053F07983,,,,,,,,,,,,,,,,,,,,,,,,,,,,,,,,,,,,,,,,,,,,,,,,,,,,,,,3.378353731,,,,,,,,,,,,,
31-01-2026,INDIAN RAILWAYS FINANCE CORPORATION LTD. (SR-124) 7.54% NCD (31/10/2027),Finance,NCD - Non Convertible Debt,AAA,INE053F07AD1,,,,,,,,,,,,,,,,,,,,,,,,,,,,,,,,,,,,,,,,,,,,,,,,,,,,,,,7.690298807,,,,,,,,,3.61374204,,,,
31-01-2026,INDIAN RAILWAYS FINANCE CORPORATION LTD. (SR-129) 8.45% NCD (04/12/2028),Finance,NCD - Non Convertible Debt,AAA,INE053F07AY7,,,,,,,,,1.260454709,,,,,,,,,,,,,,,,,,,,,,,,,,,,,,,,,,,,,,,,,,,,,,,,,,,,,,,0.787253363,,,,
31-01-2026,INDIAN RAILWAYS FINANCE CORPORATION LTD. (SR-131) 8.55% NCD (21/02/2029),Finance,NCD - Non Convertible Debt,AAA,INE053F07BA5,,,,,,,,,0.075842249,,,,,,,,,,,,,,,,,,,,,,,,,,,,,,,,,,,,,,,,,,,,,,,,,,,,,,,,,,,
31-01-2026,INDIAN RAILWAYS FINANCE CORPORATION LTD. (SR-133) 8.35% NCD (13/03/2029),Finance,NCD - Non Convertible Debt,AAA,INE053F07BC1,,,,,,,,,0.025164072,,,,,,,,,,,,,,,,,,,,,,,,,,,,,,,,,,,,,,,,,,,,,,,,,,,,,,,,,,,
31-01-2026,INDIAN RAILWAYS FINANCE CORPORATION LTD. (SR-161) 6.92% NCD (31/08/2031),Finance,NCD - Non Convertible Debt,AAA,INE053F08122,,,,,,,,,0.023982075,,,,0.097529544,,,,,,,,,,,,,,,,,,,,,,,,,,,,,,,,,,,,,,,,,,,,,,,,,,,,,,,
31-01-2026,JIO CREDIT LTD. (SR.- 1) 7.19% NCD (15/03/2028),Finance,NCD - Non Convertible Debt,AAA,INE282H07018,,0.79128345,,,,,,,,,,,,,,,,,,,,,,,,,,,,,,,,,,,,,,,,,,,,,,,,,,,,,,,,,,,,,,,,,,
31-01-2026,JIO CREDIT LTD. (SR.- 2) 7.08% NCD (26/05/2028),Finance,NCD - Non Convertible Debt,AAA,INE282H07026,,0.420519781,,,,,,,,,,,,,,,,,,,,,,,,,,,,,,,,,,,,,,,,,,,,,,,,,,,,,,,,,,,,,,,,,,
31-01-2026,JIO CREDIT LTD. (SR.- IV) 7.26% NCD (18/11/2030),Finance,NCD - Non Convertible Debt,AAA,INE282H07042,,,,,,,,,,,,,0.609513159,,,,,,,,,,,,,,,,,,,,,,,,,,,,,,,,,,,,,,,,,,,,,,,,,,,,,,,
31-01-2026,JOHN DEERE FINANCIAL INDIA PVT LTD 7.25% NCD (18/06/2027),Finance,NCD - Non Convertible Debt,AAA,INE00V208132,,,,,,,,,0.605388196,,,,,,,,,,,,,,,,,,,,,,,,,,,,,,,,,,,,,,,,,,,,,,,,,,,,,,,,,,,
31-01-2026,JOHN DEERE FINANCIAL INDIA PVT LTD 8.23% NCD (05/05/2028),Finance,NCD - Non Convertible Debt,AAA,INE00V208124,,,,,,,,,,,,,,,,,0.805834094,3.685997134,,,,,,,,,,,,,,,,,,,,,,,,,,,,,,,,,,,,,,,,,,,,,,,,,,
31-01-2026,KOTAK MAHINDRA PRIME LTD. 8.255% NCD (22/06/2026),Finance,NCD - Non Convertible Debt,AAA,INE916DA7SF5,0.243530202,,,,,,,,,,,,,,,,,,,,,,,,,,,,,,,,,,,,,,,,,,,,,,,,,,,,,,,,,,,,,,,,,,,
31-01-2026,L&T FINANCE LIMITED NCD SR F (FY 2025-26) 7.12% (15/07/2027),Finance,NCD - Non Convertible Debt,AAA,INE498L07160,,,,,,,,,,,,,,,,,0.661963293,,,,,,,,,,,,,,,,,,,,,,,,,,,,,,,,,,,,,,,,,,,,,,,,,,,
31-01-2026,L&T FINANCE LIMITED NCD SR F 8.15% (04/01/2027),Finance,NCD - Non Convertible Debt,AAA,INE498L07012,0.244375641,,,,,,,,,,,,,,,,,,,,,,,,,,,,,,,,,,,,,,,,,,,,,,,,,,,,,,,,,,,,,,,,,,,
31-01-2026,LIC HOUSING FINANCE LTD. (TR-397) 7.97% NCD (28/01/2030),Finance,NCD - Non Convertible Debt,AAA,INE115A07OR0,,,,,,,,,0.029819839,,,,,,,,,,,,,,,,,,,,,,,,,,,,,,,,,,,,,,,,,,,,,,,,,,,,,,,,,,,
31-01-2026,LIC HOUSING FINANCE LTD. 6.90% NCD (TR-456) (17/09/2027),Finance,NCD - Non Convertible Debt,AAA,INE115A07RH4,,,,,,,,,0.606357665,,,,,,,,,,,,,,,,,,,,,,,,,,,,,,,,,,,,,,,,,,,,,,,,,,,,,,,,,,,
31-01-2026,LIC HOUSING FINANCE LTD. 7.07% NCD (TR-455) (29/04/2030),Finance,NCD - Non Convertible Debt,AAA,INE115A07RG6,,,,,,,,,,,,,,,,,,,,,,,,,,,,,,,,,,,,,,,,,,,,,,,,,,,,,,,,,,,,,,,,1.504591984,,,,
31-01-2026,LIC HOUSING FINANCE LTD. 7.57% NCD (TR-447) (18/10/2029),Finance,NCD - Non Convertible Debt,AAA,INE115A07QY1,,,,,,,,,,,,,,,,,,,,,,,,,,,,,,,,,,,,,,,,,,,,,,,,,,,,,,,,,,,,,,,,0.766020894,,,,
31-01-2026,LIC HOUSING FINANCE LTD. 7.58% NCD (TR-454) (23/03/2035) (PUT - 24/08/2027),Finance,NCD - Non Convertible Debt,AAA,INE115A07RF8,,,,,,,,,0.976990503,,,,,,,,,,,,,,,,,,,,,,,,,,,,,,,,,,,,,,,,,,,,,,,,,,,,,,,,,,,
31-01-2026,LIC HOUSING FINANCE LTD. 7.68% NCD (TR-441) (29/05/2034),Finance,NCD - Non Convertible Debt,AAA,INE115A07QR5,,,,,,,,,0.614312196,,,,,,,,,,,,,,,,,,,,,,,,,,,,,,,,,,,,,,,,,,,,,,,,,,,,,,,,,,,
31-01-2026,LIC HOUSING FINANCE LTD. 7.69% NCD (TR-437) (06/02/2034),Finance,NCD - Non Convertible Debt,AAA,INE115A07QN4,,,,,,,,,0.614884122,,,,,,,,,,,,,,,,,,,,,,,,,,,,,,,,,,,,,,,,,,,,,,,,,,,,,,,,,,,
31-01-2026,LIC HOUSING FINANCE LTD. 7.74% NCD (TR-445) (OPTION -II) (11/02/2028),Finance,NCD - Non Convertible Debt,AAA,INE115A07QW5,,,,,,,,,0.614689009,,,,,,,,,,,,,,,,,,,,,,,,,,,,,,,,,,,,,,,,,,,,,,,,,,,,,,,,,,,
31-01-2026,LIC HOUSING FINANCE LTD. 7.835% NCD (TR-438) (11/05/2027),Finance,NCD - Non Convertible Debt,AAA,INE115A07QO2,,,,,,,,,,,,,,,,,,,,,,,,,,,,,,,,,,,,,,,,,,,,,,,,,,,,,,,,,,,,,,,,2.29980381,,,,
31-01-2026,LIC HOUSING FINANCE LTD. 7.8650% NCD (TR-443) (20/08/2026),Finance,NCD - Non Convertible Debt,AAA,INE115A07QT1,0.365065889,,,,,,,,,,,,,,,,,,,,,,,,,,,,,,,,,,,,,,,,,,,,,,,,,,,,,,,,,,,,,,,,,,,
31-01-2026,LIC HOUSING FINANCE LTD. 7.9265% NCD (TR-442) (14/07/2027),Finance,NCD - Non Convertible Debt,AAA,INE115A07QS3,,,,,,,,,0.61491278,,,,,,,,,,,,,,,,,,,,,,,,,,,,,,,,,,,,,,,,,,,,,,,,,,,,,,,,,,,
31-01-2026,LIC HOUSING FINANCE LTD. 7.95% NCD (TR-359) (29/01/2028),Finance,NCD - Non Convertible Debt,AAA,INE115A07MW4,,,,,,,,,,,,,,,,,,2.960119579,,,,,,,,,,,,,,,,,,,,,,,,,,,,,,,,,,,,,,,,,,,,,,,,,,
31-01-2026,LIC HOUSING FINANCE LTD. 7.99% NCD (TR-386) (12/07/2029),Finance,NCD - Non Convertible Debt,AAA,INE115A07OF5,,,,,,,,,1.116784276,,,,,,,,,,,,,,,,,,,,,,,,,,,,,,,,,,,,,,,,,,,,,,,,,,,,,,,,,,,
31-01-2026,LIC HOUSING FINANCE LTD. 8.75% NCD (TR-372 OPT II) (08/12/2028),Finance,NCD - Non Convertible Debt,AAA,INE115A07NP6,,,,,,,,,,,,,1.091396859,,,,,,,,,,,,,,,,,,,,,,,,,,,,,,,,,,,,,,,,,,,,,,,,,,,,,,,
31-01-2026,MAHINDRA & MAHINDRA FINANCIAL SERVICES LTD.(SR-AE2023-STRPP-1) 8.25% NCD (26/03/2026),Finance,NCD - Non Convertible Debt,AAA,INE774D07UT1,0.48668595,,,,,,,,,,,,,,,,,,,,,,,,,,,,,,,,,,,,,,,,,,,,,,,,,,,,,,,,,,,,,,,,,,,
31-01-2026,NATIONAL BANK FOR AGRICULTURE AND RURAL DEVELOPMENT  7.50% NCD (SR-24A) (31/08/2026),Finance,NCD - Non Convertible Debt,AAA,INE261F08EA6,,,,,,,,,,,,,,,,,1.997202529,,,,,,,,,,,,,,,,,,,,,,,,,,,,,,,,,,,,,,,,,,,,,,,,,,3.075026898,
31-01-2026,NATIONAL BANK FOR AGRICULTURE AND RURAL DEVELOPMENT  7.57% NCD (SR-23G) (19/03/2026),Finance,NCD - Non Convertible Debt,AAA,INE261F08DW2,,,,,,,,,,,,,,,,,,,0.466618807,,,,,,,,,,,,,,,,,,,,,,,,,,,,,,,,,,,,,,,,,,,,,,,,1.099399874,
31-01-2026,NATIONAL BANK FOR AGRICULTURE AND RURAL DEVELOPMENT  7.58% NCD (SR-23H-R1) (31/07/2026),Finance,NCD - Non Convertible Debt,AAA,INE261F08DX0,0.607540448,,,,,,,,,,,,,,,,,,,,,,,,,,,,,,,,,,,,,,,,,,,,,,,,,,,,,,,,,,,,,,,,,,4.942957093,
31-01-2026,NATIONAL BANK FOR AGRICULTURE AND RURAL DEVELOPMENT  7.62% NCD (SR-23I) (31/01/2028),Finance,NCD - Non Convertible Debt,AAA,INE261F08DV4,,,,,,,,,,,,,,,,,,2.948575365,,,,,,,,,,,,,,,,,,,,,,,,,,,,,,,,,,,,,,,,,,,,,,,,,,
31-01-2026,NATIONAL BANK FOR AGRICULTURE AND RURAL DEVELOPMENT 6.07% NCD (SR-MIF 1B) (19/11/2027),Finance,NCD - Non Convertible Debt,AAA,INE261F08CM5,,,,,,,,,1.196762369,,,,,,,,,,,,,,,,,,,,,,,,,,,,,,,,,,,,,,,,,,,,,,,,,,,,,,,,,,,
31-01-2026,NATIONAL BANK FOR AGRICULTURE AND RURAL DEVELOPMENT 7.40% NCD (SR-25D) (29/04/2030),Finance,NCD - Non Convertible Debt,AAA,INE261F08EL3,,,,,,,,,0.611162334,,,,,,,,,,,,,,,,,,,,,,,,,,,,,,,,,,,,,,,,,,,,,,,,,,,,,,,,,,,
31-01-2026,NATIONAL BANK FOR AGRICULTURE AND RURAL DEVELOPMENT 7.48% NCD (SR-25G) (15/09/2028),Finance,NCD - Non Convertible Debt,AAA,INE261F08EO7,,,,,,,,,3.067972722,,,,,,,,,,,,,,,,,,,,,,,,,,,,,,,,,,,,,,,,,,,,,,,,,,,,,,,,,,,
31-01-2026,NATIONAL BANK FOR AGRICULTURE AND RURAL DEVELOPMENT 7.53% NCD (SR-25E-R1) (24/03/2028),Finance,NCD - Non Convertible Debt,AAA,INE261F08EM1,,,,,,,,,3.069100722,,,,,,,,,,,,,,,,,,,,,,,,,,,,,,,,,,,,,,,,,,,,,,,,,,,,,,,,,,,
31-01-2026,NATIONAL BANK FOR AGRICULTURE AND RURAL DEVELOPMENT 7.68% NCD (SR-24F) (30/04/2029),Finance,NCD - Non Convertible Debt,AAA,INE261F08EG3,,,,,,,,,1.848751578,,,,,,,,,,,,,,,,,,,,,,,,,,,,,,,,,,,,,,,,,,,,,,,,,,,,,,,,,,,
31-01-2026,NATIONAL BANK FOR AGRICULTURE AND RURAL DEVELOPMENT 7.70% NCD (SR-25A) (30/09/2027),Finance,NCD - Non Convertible Debt,AAA,INE261F08EI9,,,,,,,,,,,,,,,,,1.341962868,,,,,,,,,,,,,,,,,,,,,,,,,,,,,,,,,,,,,,,,,,,,,,,,,,,
31-01-2026,NATIONAL BANK FOR AGRICULTURE AND RURAL DEVELOPMENT 7.80% NCD (SR-24E) (15/03/2027),Finance,NCD - Non Convertible Debt,AAA,INE261F08EF5,,,,,,,,,,,,,,,,,3.351299514,,,,,,,,,,,,,,,,,,,,,,,,,,,,,,,,,,,,,,,,,,,,,,,,,,,
31-01-2026,NATIONAL HOUSING BANK 7.35% NCD (02/01/2032),Finance,NCD - Non Convertible Debt,AAA,INE557F08GD6,,,,,,,,,1.220868633,,,,,,,,,,,,,,,,,,,,,,,,,,,,,,,,,,,,,,,,,,,,,,,,,,,,,,,,,,,
31-01-2026,NATIONAL HOUSING BANK 7.59% NCD (08/09/2027),Finance,NCD - Non Convertible Debt,AAA,INE557F08FZ1,,,,,,,,,3.072993845,,,,,,,,,7.372279508,,,,,,,,,,,,,,,,,,,,,,,,,,,,,,,,,,,,,,,,,,,,,,7.677307944,,,,
31-01-2026,NOMURA CAPITAL (INDIA) PVT LTD. 8.45% NCD SERIES 04B/2024 (01-03-2027),Finance,NCD - Non Convertible Debt,AAA,INE357L07499,,,,,,,,,0.613278095,,,,,,,,,,,,,,,,,,,,,,,,,,,,,,,,,,,,,,,,,,,,,,,,,,,,,,,1.532162128,,,,
31-01-2026,POONAWALLA FINCORP LTD SR- B2 7.60% NCD FY 2025-26 (28/05/2027),Finance,NCD - Non Convertible Debt,AAA,INE511C07870,,0.265244424,,,,,,,2.432766927,,,,,,,,1.32910722,,,,,,,,,,,,,,,,,,,,,,,,,,,,,,,,,,,,,,,,,,,,,,,3.038909577,,,,
31-01-2026,POONAWALLA FINCORP LTD SR- D1 7.5285% NCD FY 2025-26 (24/09/2027),Finance,NCD - Non Convertible Debt,AAA,INE511C07912,,,,,,,,,,,,,,,,,0.265154677,7.277126047,,,,,,,,,,,,,,,,,,,,,,,,,,,,,,,,,,,,,,,,,,,,,,,,,,
31-01-2026,POONAWALLA FINCORP LTD SR- F1 7.58% NCD FY 2025-26 (08/09/2028),Finance,NCD - Non Convertible Debt,AAA,INE511C07938,,0.265550493,,,,,,,,,,,,,,,2.66128178,,,,,,,,,,,,,,,,,,,,,,,,,,,,,,,,,,,,,,,,,,,,,,,,,,,
31-01-2026,POONAWALLA FINCORP LTD SR- G1 7.55% NCD FY 2025-26 (25/03/2027),Finance,NCD - Non Convertible Debt,AAA,INE511C07946,,,,,,,,,,,,,,,,,0.39909473,,,,,,,,,,,,,,,,,,,,,,,,,,,,,,,,,,,,,,,,,,,,,,,,,,,
31-01-2026,POWER FINANCE CORPORATION LTD. (SR 184 OPT B) 9.10% NCD (23/03/2029),Finance,NCD - Non Convertible Debt,AAA,INE134E08JX9,,,,,,,,,0.127468823,,,,,,,,,,,,,,,,,,,,,,,,,,,,,,,,,,,,,,,,,,,,,,,,,,,,,,,,,,,
31-01-2026,POWER FINANCE CORPORATION LTD. (SR- 170 B) 7.65% NCD (22/11/2027),Finance,NCD - Non Convertible Debt,AAA,INE134E08JG4,,,,,,,,,,,,,,,,,,,,,,,,,,,,,,,,,,,,,,,,,,,,,,,,,,,,,,,3.16458254,,,,,,,,,,,,,
31-01-2026,POWER FINANCE CORPORATION LTD. (SR- BS221B) 7.59% NCD (17/01/2028),Finance,NCD - Non Convertible Debt,AAA,INE134E08LX5,,,,,,,,,,,,,,,,,,,,,,,,,,,,,,,,,,,,,,,,,,,,,,,,,,,,,,,,,,,,,,,,3.072653642,,,,
31-01-2026,POWER FINANCE CORPORATION LTD. (SR. - 172) 7.74% NCD (29/01/2028),Finance,NCD - Non Convertible Debt,AAA,INE134E08JI0,,,,,,,,,0.616743187,,,,,,,,,,,,,,,,,,,,,,,,,,,,,,,,,,,,,,,,,,,,,,,,,,,,,,,,,,,
31-01-2026,POWER FINANCE CORPORATION LTD. (SR. - 196) 7.41% NCD (25/02/2030),Finance,NCD - Non Convertible Debt,AAA,INE134E08KL2,,0.266763863,,,,,,,,,,,,,,,,,,,,,,,,,,,,,,,,,,,,,,,,,,,,,,,,,,,,,,,,,,,,,,,,,,
31-01-2026,POWER FINANCE CORPORATION LTD. (SR. - 248-B) 7.45% NCD (15/07/2028),Finance,NCD - Non Convertible Debt,AAA,INE134E08NP7,,,,,,,,,0.614634133,,,,,,,,,,,,,,,,,,,,,,,,,,,,,,,,,,,,,,,,,,,,,,,,,,,,,,,1.53554994,,,,
31-01-2026,POWER FINANCE CORPORATION LTD. (SR. - 251-A) 6.27% NCD (15/07/2027),Finance,NCD - Non Convertible Debt,AAA,INE134E08NT9,0.959852657,,,,,,,,,,,,,,,,,,,,,,,,,,,,,,,,,,,,,,,,,,,,,,,,,,,,,,,,,,,,,,,,,,,
31-01-2026,POWER FINANCE CORPORATION LTD. (SR. - 251-B) 6.59% NCD (15/10/2030),Finance,NCD - Non Convertible Debt,AAA,INE134E08NU7,,0.516748486,,,,,,,2.369755044,,,,,,,,,,,,,,,,,,,,,,,,,,,,,,,,,,,,,,,,,,,,,,,,,,,,,,,,,,,
31-01-2026,POWER FINANCE CORPORATION LTD. (SR.- 150 B) 7.63% NCD (14/08/2026),Finance,NCD - Non Convertible Debt,AAA,INE134E08II2,,,,,,,,,,,,,,,,,,,,,,,,,,,,,,,,,,,,,,,,,,,,,,,,,,,,,,,,,,,,,,,,,,,0.769375269,
31-01-2026,POWER FINANCE CORPORATION LTD. (SR.- 168 - B) 7.44% NCD (11/06/2027),Finance,NCD - Non Convertible Debt,AAA,INE134E08JC3,,,,,,,,,1.22193566,,,,,,,,,,,,,,,,,,,,,,,,,,,,,,,,,,,,,,,,,,,,,,,,,,,,,,,1.526390358,,,,
31-01-2026,POWER FINANCE CORPORATION LTD. (SR.- 187 - B) 8.85% NCD (25/05/2029),Finance,NCD - Non Convertible Debt,AAA,INE134E08KC1,,,,,,,,,1.531469703,,,,,,,,,,,,,,,,,,,,,,,,,,,,,,,,,,,,,,,,,,,,,,,,,,,,,,,,,,,
31-01-2026,POWER FINANCE CORPORATION LTD. (SR.- 216BS) 7.13% NCD (15/07/2026),Finance,NCD - Non Convertible Debt,AAA,INE134E08LP1,0.242662879,,,,,,,,,,,,,,,,,,,,,,,,,,,,,,,,,,,,,,,,,,,,,,,,,,,,,,,,,,,,,,,,,,,
31-01-2026,POWER FINANCE CORPORATION LTD. (SR.- 247 - A) 7.44% NCD (15/01/2030),Finance,NCD - Non Convertible Debt,AAA,INE134E08NO0,,0.267057965,,,,,,,,,,,,,,,,,,,,,,,,,,,,,,,,,,,,,,,,,,,,,,,,,,,,,,,,,,,,,,,,,,
31-01-2026,POWER FINANCE CORPORATION LTD. (SR.- A 245) 7.24% NCD (15/01/2035),Finance,NCD - Non Convertible Debt,AAA,INE134E08NJ0,,,,,,,,,1.203393787,,,,,,,,,,,,,,,,,,,,,,,,,,,,,,,,,,,,,,,,,,,,,,,,,,,,,,,,,,,
31-01-2026,REC LTD. (SR - 140) 7.52% NCD (07/11/2026),Finance,NCD - Non Convertible Debt,AAA,INE020B08AA3,,,,,,,,,,,,,,,,,,7.317366965,,,,,,,,,,,,,,,,,,,,,,,,,,,,,,,,,,,,,,,,,,,,,,,,,,
31-01-2026,REC LTD. (SR-156) 7.70% NCD (10/12/2027),Finance,NCD - Non Convertible Debt,AAA,INE020B08AQ9,,,,,,,,,,,,,,,,,,,,,,,,,,,,,,,,,,,,,,,,,,,,,,,,,,,,,,,13.27357014,,,,,,,,,,,,,
31-01-2026,REC LTD. (SR-197) 7.55% NCD (11/05/2030),Finance,NCD - Non Convertible Debt,AAA,INE020B08CU7,,,,,,,,,0.123076332,,,,,,,,,,,,,,,,,,,,,,,,,,,,,,,,,,,,,,,,,,,,,,,,,,,,,,,,,,,
31-01-2026,REC LTD. (SR-232-B) 7.45% NCD (29/04/2034),Finance,NCD - Non Convertible Debt,AAA,INE020B08EZ2,,,,,,,,,0.609360583,,,,,,,,,,,,,,,,,,,,,,,,0.51139428,,,,,,,,,,,,,,,,,,,,,,,,,,,,,,,,,,,
31-01-2026,REC LTD. (SR-233) 7.53% NCD (31/05/2034),Finance,NCD - Non Convertible Debt,AAA,INE020B08FB0,,,,,,,,,0.612081806,,,,,,,,,,,,,,,,,,,,,,,,,,,,,,,,,,,,,,,,,,,,,,,,,,,,,,,,,,,
31-01-2026,REC LTD. (SR-236-B) 7.56% NCD (31/08/2027),Finance,NCD - Non Convertible Debt,AAA,INE020B08FF1,,,,,,,,,1.225726958,,,,,,,,,,,,,,,,,,,,,,,,,,,,,,,,,,,,,,,,,,,,,,,,,,,,,,,,,,,
31-01-2026,REC LTD. 7.44% NCD (SR-245- A) (29/02/2028),Finance,NCD - Non Convertible Debt,AAA,INE020B08FR6,,,,,,,,,0.614200006,,,,,,,,,,,,,,,,,,,,,,,,,,,,,,,,,,,,,,,,,,,,,,,,,,,,,,,,,,,
31-01-2026,REC LTD. 7.77% NCD (SR-220- A) (31/03/2028),Finance,NCD - Non Convertible Debt,AAA,INE020B08EH0,,,,,,,,,0.618049228,,,,,,,,,,,,,,,,,,,,,,,,,,,,,,,,,,,,,,,,,,,,,,,,,,,,,,,,,,,
31-01-2026,RURAL ELECTRIFICATION CORPORATION LTD. 6.23% NCD (SR-211) (31/10/2031),Finance,NCD - Non Convertible Debt,AAA,INE020B08DT7,,,,,,,,,0.725178818,,,,,,,,,,,,,,,,,,,,,,,,,,,,,,,,,,,,,,,,,,,,,,,,,,,,,,,,,,,
31-01-2026,RURAL ELECTRIFICATION CORPORATION LTD. 6.60% NCD (SR-250-A) (30/06/2027),Finance,NCD - Non Convertible Debt,AAA,INE020B08FZ9,,,,,,,,,0.604952239,,,,,,,,,,,,,,,,,,,,,,,,,,,,,,,,,,,,,,,,,,,,,,,,,,,,,,,3.022723028,,,,
31-01-2026,RURAL ELECTRIFICATION CORPORATION LTD. 7.46% NCD (SR-223-B) (30/06/2028),Finance,NCD - Non Convertible Debt,AAA,INE020B08EK4,,,,,,,,,,,,,,,,,,,,,,,,,,,,,,,,,,,,,,,,,,,,,,,,,,,,,,,,,,,,,,,,1.534971087,,,,
31-01-2026,SIDBI (SR - III - FY 2024-25) 7.34% NCD (26/02/2029),Finance,NCD - Non Convertible Debt,AAA,INE556F08KS8,,,,,,,,,3.052802653,,,,,,,,,,,,,,,,,,,,,,,,,,,,,,,,,,,,,,,,,,,,,,,,,,,,,,,,,,,
31-01-2026,SIDBI (SR - IV - FY 2024-25) 7.44% NCD (10/04/2028),Finance,NCD - Non Convertible Debt,AAA,INE556F08KT6,,,,,,,,,,,,,,,,,,,,,,,,,,,,,,,,,,,,,,,,,,,,,,,,,,,,,,,,,,,,,,,,0.765465652,,,,
31-01-2026,SMALL INDUSTRIES DEVELOPMENT BANK OF INDIA  (SR- I - FY 2025-26) 6.66% NCD (25/10/2028),Finance,NCD - Non Convertible Debt,AAA,INE556F08KZ3,,,,,,,,,,,,,,,,,,7.209099734,,,,,,,,,,,,,,,,,,,,,,,,,,,,,,,,,,,,,,,,,,,,,,1.50147532,,,,
31-01-2026,SMALL INDUSTRIES DEVELOPMENT BANK OF INDIA  (SR- V - FY 2023-24) 7.83% NCD (24/11/2028),Finance,NCD - Non Convertible Debt,AAA,INE556F08KL3,,,,,,,,,,,,,,,,,,,,,,,,,,,,,,,,,,,,,,,,,,,,,,,,,,,,,,,,,,,,,,,,3.090893595,,,,
31-01-2026,SMALL INDUSTRIES DEVELOPMENT BANK OF INDIA  (SR- VIII - FY 2024-25) 7.49% NCD (11/06/2029),Finance,NCD - Non Convertible Debt,AAA,INE556F08KX8,,,,,,,,,1.225622084,,,,,,,,,,,,,,,,,,,,,,,,,,,,,,,,,,,,,,,,,,,,,,,,,,,,,,,,,,,
31-01-2026,SMALL INDUSTRIES DEVELOPMENT BANK OF INDIA (SR- I - FY 2024-25) 7.68% NCD (10/09/2027),Finance,NCD - Non Convertible Debt,AAA,INE556F08KQ2,,,,,,,,,1.227026901,,,,,,,,,,,,,,,,,,,,,,,,,,,,,,,,,,,,,,,,,,,,,,,,,,,,,,,,,,,
31-01-2026,SMALL INDUSTRIES DEVELOPMENT BANK OF INDIA (SR- III - FY 2023-24) 7.55% NCD (22/09/2026),Finance,NCD - Non Convertible Debt,AAA,INE556F08KJ7,,,,,,,,,,,,,,,,,,,,,,,,,,,,,,,,,,,,,,,,,,,,,,,,,,,,,,,,,,,,,,,,1.522956847,,,,
31-01-2026,SMALL INDUSTRIES DEVELOPMENT BANK OF INDIA (SR-I - FY 2023-24) 7.43% NCD (31/08/2026),Finance,NCD - Non Convertible Debt,AAA,INE556F08KH1,,,,,,,,,,,,,,,,,,,,,,,,,,,,,,,,,,,,,,,,,,,,,,,,,,,,,,,,,,,,,,,,,,,2.744273844,
31-01-2026,SMALL INDUSTRIES DEVELOPMENT BANK OF INDIA (SR-IX - FY 2023-24) 7.68% NCD (10/08/2027),Finance,NCD - Non Convertible Debt,AAA,INE556F08KP4,,,,,,,,,1.227211039,,,,,,,,,,,,,,,,,,,,,,,,,,,,,,,,,,,,,,,,,,,,,,,,,,,,,,,,,,,
31-01-2026,SMALL INDUSTRIES DEVELOPMENT BANK OF INDIA (SR-V - FY 2022-23) 7.23% NCD (09/03/2026),Finance,NCD - Non Convertible Debt,AAA,INE556F08KC2,,,,,,,,,,,,,,,,,,,2.822445486,,,,,,,,,,,,,,,,,,,,,,,,,,,,,,,,,,,,,,,,,,,,,,,,,
31-01-2026,SMALL INDUSTRIES DEVELOPMENT BANK OF INDIA 2029 (SR- V - FY 2024-25) 7.51% NCD (12/06/2028),Finance,NCD - Non Convertible Debt,AAA,INE556F08KU4,,,,,,,,,,,,,,,,,,,,,,,,,,,,,,,,,,,,,,,,,,,,,,,,,,,,,,,,,,,,,,,,1.533915443,,,,
31-01-2026,SMALL INDUSTRIES DEVELOPMENT BANK OF INDIA 2030 (SR- II - FY 2024-25) 7.47% NCD (05/09/2029),Finance,NCD - Non Convertible Debt,AAA,INE556F08KR0,,,,,,,,,1.224400186,,,,,,,,,,,,,,,,,,,,,,,,,,,,,,,,,,,,,,,,,,,,,,,,,,,,,,,,,,,
31-01-2026,SUNDARAM HOME FINANCE LTD.(NCD) 7.70% (SR- 348) (26/03/2027),Finance,NCD - Non Convertible Debt,AAA,INE667F07IZ4,,,,,,,,,,,,,,,,,1.336950125,,,,,,,,,,,,,,,,,,,,,,,,,,,,,,,,,,,,,,,,,,,,,,,,,,,
31-01-2026,SUNDARAM HOME FINANCE LTD.(NCD) 8.00% (SR- 334) (13/05/2026),Finance,NCD - Non Convertible Debt,AAA,INE667F07IL4,0.486482189,,,,,,,,,,,,,,,,,,,,,,,,,,,,,,,,,,,,,,,,,,,,,,,,,,,,,,,,,,,,,,,,,,,
31-01-2026,TATA CAPITAL HOUSING FINANCE LTD. NCD 7.75% (18/05/2027),Finance,NCD - Non Convertible Debt,AAA,INE033L07HQ8,,,,,,,,,0.612358623,,,,,,,,,,,,,,,,,,,,,,,,,,,,,,,,,,,,,,,,,,,,,,,,,,,,,,,,,,,
31-01-2026,TATA CAPITAL HOUSING FINANCE LTD. OPTION I SERIES B NCD 7.123% FY 2025-26 (21/07/2027),Finance,NCD - Non Convertible Debt,AAA,INE033L07IO1,,,,,,,,,,,,,,,,,0.663873385,,,,,,,,,,,,,,,,,,,,,,,,,,,,,,,,,,,,,,,,,,,,,,,,,,,
31-01-2026,TATA CAPITAL HOUSING FINANCE LTD. SERIES F NCD 7.73% (14/01/2030),Finance,NCD - Non Convertible Debt,AAA,INE033L07IM5,,,,,,,,,,,,,,,,,,,,,,,,,,,,,,,,,,,,,,,,,,,,,,,,,,,,,,,,,,,,,,,,0.766593653,,,,
31-01-2026,TATA CAPITAL HOUSING FINANCE LTD. SERIES G FY 2022-23 OPTION - II NCD 8.00% (03/11/2027),Finance,NCD - Non Convertible Debt,AAA,INE033L07HY2,,,,,,,,,0.615814569,,,,,,,,,,,,,,,,,,,,,,,,,,,,,,,,,,,,,,,,,,,,,,,,,,,,,,,,,,,
31-01-2026,TATA CAPITAL LTD. NCD (SR - P  FY22-23)(STRIP - I) 8.30% (13/03/2026),Finance,NCD - Non Convertible Debt,AAA,INE306N07NL3,0.705696743,,,,,,,,,,,,,,,,,,,,,,,,,,,,,,,,,,,,,,,,,,,,,,,,,,,,,,,,,,,,,,,,,,,
31-01-2026,TATA CAPITAL LTD. NCD (SR-B) (FY 2023-24) - (STRPP - I)  7.9050% (03/12/2026),Finance,NCD - Non Convertible Debt,AAA,INE306N07NO7,0.243662963,,,,,,,,,,,,,,,,,,,,,,,,,,,,,,,,,,,,,,,,,,,,,,,,,,,,,,,,,,,,,,,,,,,
31-01-2026,TATA CAPITAL LTD. NCD (SR-E) (FY 2022-23) - (OPTION - II) 7.89% (26/07/2027),Finance,NCD - Non Convertible Debt,AAA,INE306N07MX0,,,,,,,,,,,,,,,,,1.338002774,,,,,,,,,,,,,,,,,,,,,,,,,,,,,,,,,,,,,,,,,,,,,,,,,,,
31-01-2026,TOYOTA FINANCIAL SERVICES INDIA LTD. (SR - S39) 8.09% NCD (28/07/2028),Finance,NCD - Non Convertible Debt,AAA,INE692Q07431,,,,,,,,,,,,,,,,,0.40280512,,,,,,,,,,,,,,,,,,,,,,,,,,,,,,,,,,,,,,,,,,,,,,,,,,,
31-01-2026,HDFC ERGO GENERAL INSURANCE COMPANY LTD. 8.15%  NCD (26/09/2033),Insurance,NCD - Non Convertible Debt,AAA,INE225R08048,,,,,,,,,,,,,0.124610138,,,,,,,,,,,,,,,,,,,,,,,,,,,,,,,,,,,,,,,,,,,,,,,,,,,,,,,
31-01-2026,JAMNAGAR UTILITIES & POWER PVT. LTD. 6.40%NCD (SR PPD 6)(29/09/2026),POWER,NCD - Non Convertible Debt,AAA,INE936D07174,,,,,,,,,,,,,,,,,,,,,,,,,,,,,,,,,,,,,,,,,,,,,,,,,,,,,,,,,,5.826511816,0.71094577,,,,,,,,,
31-01-2026,JAMNAGAR UTILITIES & POWER PVT. LTD. 7.90% NCD (SR - PPD 7)(10/08/28),POWER,NCD - Non Convertible Debt,AAA,INE936D07182,,,,,,,,,,,,,,,,,,,,,,,,,,,,,,,,,,,,,,,,,,,,,,,,,,,,,,,,,,,,,,,,1.538660511,,,,
31-01-2026,NHPC LTD. 7.13% SERIES AA STRPP A NCD (11/02/2026),Power,NCD - Non Convertible Debt,AAA,INE848E07AY3,,,,,,,,,,,,,,,,,,,,,,,,,,,,,,,,,,,,,,,,,,,,,,,,,,,,,,,,,,,0.238808728,,,,,,,,,
31-01-2026,NHPC LTD. 7.13% SERIES AA STRPP C NCD (11/02/2028),Power,NCD - Non Convertible Debt,AAA,INE848E07BA1,,0.053288581,,,,,,,,,,,,,,,,,,,,,,,,,,,,,,,,,,,,,,,,,,,,,,,,,,,,,,,,,,,,,,,,,,
31-01-2026,NHPC LTD. 7.13% SERIES AA STRPP D NCD (09/02/2029),Power,NCD - Non Convertible Debt,AAA,INE848E07BB9,,,,,,,,,,,,,0.123811326,,,,,,,,,,,,,,,,,,,,,,,,,,,,,,,,,,,,,,,,,,,,,,0.238470351,,,,,,,,,
31-01-2026,NTPC LTD. 7.48% SR 81 NCD (21/03/2026),Power,NCD - Non Convertible Debt,AAA,INE733E08254,,,,,,,,,,,,,,,,,,,,,,,,,,,,,,,,,,,,,,,,,,,,,,,,,,,,,,,,,,,,,,,,,,,4.94814515,
31-01-2026,NTPC LTD. 8.05% (SR-60) NCD (05/05/2026),Power,NCD - Non Convertible Debt,AAA,INE733E07KA6,,,,,,,,,,,,,,,,,0.533452912,,,,,,,,,,,,,,,,,,,,,,,,,,,,,,,,,,,,,,,,,,,,,,,,,,,
31-01-2026,POWER GRID CORPORATION OF INDIA LTD. (SR - LX - 2017-18)  7.20% NCD (09/08/2027),Power,NCD - Non Convertible Debt,AAA,INE752E07OG5,,,,,,,,,,,,,,,,,,,,,,,,,,,,,,,,,,,,,,,,,,,,,,,,,,,,,,,4.980005045,,,,,,,,,,,,,
31-01-2026,POWER GRID CORPORATION OF INDIA LTD. 7.30% NCD (LIX-2017-18)(19/06/2027),Power,NCD - Non Convertible Debt,AAA,INE752E07OF7,,,,,,,,,,,,,,,,,,,,,,,,,,,,,,,,,,,,,,,,,,,,,,,,,,,,,,,5.26789137,,,,,,,,,,,,,
31-01-2026,POWER GRID CORPORATION OF INDIA LTD. 8.24% (SERIES 1 18-19) NCD(14/02/2029),Power,NCD - Non Convertible Debt,AAA,INE752E08551,,,,,,,,,1.2634058,,,,,,,,,,,,,,,,,,,,,,,,,,,,,,,,,,,,,,,,,,,,,,,,,,,,,,,1.578193103,,,,
31-01-2026,POWER GRID CORPORATION OF INDIA LTD. ISSUE - 2015-16 (STR-J) 8.40% NCD (27/05/2028),Power,NCD - Non Convertible Debt,AAA,INE752E07MU0,,,,,,,,,0.877917025,,,,,,,,,,,,,,,,,,,,,,,,,,,,,,,,,,,,,,,,,,,,,,,,,,,,,,,,,,,
31-01-2026,BROOKFIELD INDIA REAL ESTATE TRUST 7.06%  NCD (20-12-2030),Realty,NCD - Non Convertible Debt,AAA,INE0FDU07018,,0.526612339,,,,,,,,,,,,,,,,,,,,,,,,,,,,,,,,,,,,,,,,,,,,,,,,,,,,,,,,,,,,,,,,,,
31-01-2026,DLF CYBER CITY DEVELOPERS LIMITED 6.92% NCD (28/07/2028) (C-28-04-2028),Realty,NCD - Non Convertible Debt,AAA,INE186K07122,,,,,,,,,,,,,,,,,3.30037593,,,,,,,,,,,,,,,,,,,,,,,,,,,,,,,,,,,,,,,,,,,,,,,,,,,
31-01-2026,KNOWLEDGE REALTY TRUST 7.2% NCD 26/09/2028,Realty,NCD - Non Convertible Debt,AAA,INE1JAR07010,,,,,,,,,1.210338605,,,,,,,,1.322502177,,,,,,,,,,,,,,,,,,,,,,,,,,,,,,,,,,,,,,,,,,,,,,,,,,,
31-01-2026,MINDSPACE BUSINESS PARK REIT GREEN BOND 1 NCD 8.02% (13-04-2026),Realty,NCD - Non Convertible Debt,AAA,INE0CCU07074,,,,,,,,,0.610180059,,,,,,,,,,,,,,,,,,,,,,,,,,,,,,,,,,,,,,,,,,,,,,,,,,,,,,,,,,,
31-01-2026,MINDSPACE BUSINESS PARK REIT NCD 7.20% (10-05-2030),Realty,NCD - Non Convertible Debt,AAA,INE0CCU07140,,,,,,,,,1.813261665,,,,,,,,,,,,,,,,,,,,,,,,,,,,,,,,,,,,,,,,,,,,,,,,,,,,,,,0.60401328,,,,
31-01-2026,MINDSPACE BUSINESS PARK REIT NCD 7.95% (27-07-2027),Realty,NCD - Non Convertible Debt,AAA,INE0CCU07066,,,,,,,,,0.369110466,,,,,,,,,,,,,,,,,,,,,,,,,,,,,,,,,,,,,,,,,,,,,,,,,,,,,,,,,,,
31-01-2026,NEXUS SELECT TRUST 7.6937% NCD (SR II TRANCHE -A) (28/05/2027),Realty,NCD - Non Convertible Debt,AAA,INE0NDH07043,,,,,,,,,1.221346661,,,,,,,,,,,,,,,,,,,,,,,,,,,,,,,,,,,,,,,,,,,,,,,,,,,,,,,,,,,
31-01-2026,"NEXUS SELECT TRUST 8.00% NCD (SR 1 TRANCHE -B) (16/06/2028)(C-16/12/27, 16/03/2028)",Realty,NCD - Non Convertible Debt,AAA,INE0NDH07027,,,,,,,,,,,,,,,,,1.213215841,,,,,,,,,,,,,,,,,,,,,,,,,,,,,,,,,,,,,,,,,,,,,,,,,,,
31-01-2026,TATA COMMUNICATIONS LTD. 6.77% NCD  (07/08/2028),Telecom - Services,NCD - Non Convertible Debt,AAA,INE151A08356,,1.046510854,,,,,,,,,,,,,,,2.621968653,,,,,,,,,,,,,,,,,,,,,,,,,,,,,,,,,,,,,,,,,,,,,,,,,,,
31-01-2026,CUBE HIGHWAYS TRUST NCD 7.2503 % SERIES VA TRANCHE 1 - 25/04/2028,Transport Infrastructure,NCD - Non Convertible Debt,AAA,INE0NR607058,,,,,,,,,,,,,,,,,,3.642439375,,,,,,,,,,,,,,,,,,,,,,,,,,,,,,,,,,,,,,,,,,,,,,,,,,
31-01-2026,SIKKA PORTS AND TERMINALS LTD. (PPD12) 6.75% NCD (22/04/2026),Transport Infrastructure,NCD - Non Convertible Debt,AAA,INE941D07208,,,,,,,,,0.024323986,,,,0.098920021,,,,,,,,,,,,,,,,,,,,,,,,,,,,,,,,,,,,,,,,,,,,,,,,,,,,,,,
31-01-2026,GODREJ INDUSTRIES LTD. (NCD) 8.10% (SERIES I) (22/05/2028),Diversified,NCD - Non Convertible Debt,AA+,INE233A08154,,,,,,,,,1.466400349,,,,,,,,,,,,,,,,,,,,,,,,,,,,,,,,,,,,,,,,,,,,,,,,,,,,,,,,,,,
31-01-2026,CHOLAMANDALAM INVESTMENT AND FINANCE CO. LTD. 7.32% NCD (SERIES - 621) (28/04/2026),Finance,NCD - Non Convertible Debt,AA+,INE121A07QO0,0.80070004,,,,,,,,,,,,,,,,,,,,,,,,,,,,,,,,,,,,,,,,,,,,,,,,,,,,,,,,,,,,,,,,,,,
31-01-2026,CHOLAMANDALAM INVESTMENT AND FINANCE CO. LTD. 8.19% NCD (SERIES - 652) (26/03/2027),Finance,NCD - Non Convertible Debt,AA+,INE121A07SM0,0.366537931,,,,,,,,,,,,,,,,,,,,,,,,,,,,,,,,,,,,,,,,,,,,,,,,,,,,,,,,,,,,,,,,,,,
31-01-2026,CHOLAMANDALAM INVESTMENT AND FINANCE CO. LTD. 8.25% NCD (SERIES - 634) (15/05/2026),Finance,NCD - Non Convertible Debt,AA+,INE121A07RC3,0.048628767,,,,,,,,,,,,,,,,,,,,,,,,,,,,,,,,,,,,,,,,,,,,,,,,,,,,,,,,,,,,,,,,,,,
31-01-2026,CHOLAMANDALAM INVESTMENT AND FINANCE CO. LTD. 8.50% NCD SR 646 (25/07/2027),Finance,NCD - Non Convertible Debt,AA+,INE121A07SG2,,,,,,,,,,,,,0.62592458,,,,,,,,,,,,,,,,,,,,,,,,,,,,,,,,,,,,,,,,,,,,,,,,,,,,,,,
31-01-2026,CHOLAMANDALAM INVESTMENT AND FINANCE CO. LTD. 9.00% NCD SD 74 (23/01/2035),Finance,NCD - Non Convertible Debt,AA+,INE121A08PS1,,,,,,,,,0.618893094,,,,,,,,,,,,,,,,,,,,,,,,,,,,,,,,,,,,,,,,,,,,,,,,,,,,,,,,,,,
31-01-2026,CHOLAMANDALAM INVESTMENT AND FINANCE CO. LTD. 9.10% NCD SD 72 (27/06/2031),Finance,NCD - Non Convertible Debt,AA+,INE121A08PP7,,,,,,,,,1.378333708,,,,0.636973185,,,,,,,,,,,,,,,,,,,,,,,,,,,,,,,,,,,,,,,,,,,,,,,,,,,,,,,
31-01-2026,GIC HOUSING FINANCE LTD. (2024-25 SR.- 8)(OPTION - 2) 8.28% NCD (21/08/2026),Finance,NCD - Non Convertible Debt,AA+,INE289B07099,,0.53227633,,,,,,,0.610241032,,,,,,,,,,,,,,,,,,,,,,,,,,,,,,,,,,,,,,,,,,,,,,,,,,,,,,,,,,,
31-01-2026,GIC HOUSING FINANCE LTD. (SR.- 8) (2024-2025) (OPTION - I) 8.25% NCD (19/06/2026),Finance,NCD - Non Convertible Debt,AA+,INE289B07081,,,,,,,,,,,,,,,,,,,,,,,,,,,,,,,,,,,,,,,,,,,,,,,,,,,,,,,,,,,,,,,,,,,2.197056657,
31-01-2026,GIC HOUSING FINANCE LTD. (SR.- 9) (OPTION - 1) 7.49% NCD (24/02/2027),Finance,NCD - Non Convertible Debt,AA+,INE289B07115,,,,,,,,,,,,,,,,,,,,,,,,,,,,,,,,,,,,,,,,,,,,,,,,,,,,,,,,,,,,,,,,,,,1.097941437,
31-01-2026,MUTHOOT FINANCE LTD. 8.05% NCD (44 - B OPTION - I) (25/11/2027),Finance,NCD - Non Convertible Debt,AA+,INE414G07JQ6,,,,,,,,,1.219684539,,,,,,,,,,,,,,,,,,,,,,,,,,,,,,,,,,,,,,,,,,,,,,,,,,,,,,,,,,,
31-01-2026,MUTHOOT FINANCE LTD. 8.52% NCD SERIES 42-A (OPTION - II) (26/05/2028),Finance,NCD - Non Convertible Debt,AA+,INE414G07JO1,,,,,,,,,0.123321931,,,,,,,,,,,,,,,,,,,,,,,,,,,,,,,,,,,,,,,,,,,,,,,,,,,,,,,,,,,
31-01-2026,MUTHOOT FINANCE LTD. 8.60% NCD (SERIES - 41A) (OPTION - I) (02/03/2028),Finance,NCD - Non Convertible Debt,AA+,INE414G07JM5,,,,,,,,,0.61617431,,,,,,,,,,,,,,,,,,,,,,,,,,,,,,,,,,,,,,,,,,,,,,,,,,,,,,,,,,,
31-01-2026,MUTHOOT FINANCE LTD. 8.65% NCD (ISSUE -A OPTION - I) (31/01/2028),Finance,NCD - Non Convertible Debt,AA+,INE414G07JL7,,,,,,,,,1.109913845,,,,,,,,,,,,,,,,,,,,,,,,,,,,,,,,,,,,,,,,,,,,,,,,,,,,,,,,,,,
31-01-2026,MUTHOOT FINANCE LTD. 8.90% NCD (SERIES - 37B) (OPTION - I) (07/10/2027),Finance,NCD - Non Convertible Debt,AA+,INE414G07JI3,,,,,,,,,1.234999723,,,,,,,,,,,,,,,,,,,,,,,,,,,,,,,,,,,,,,,,,,,,,,,,,,,,,,,,,,,
31-01-2026,PNB HOUSING FINANCE LTD. 8.28% NCD (2026 SR-LXIII) (30-12-2026),Finance,NCD - Non Convertible Debt,AA+,INE572E07167,,,,,,,,,0.613014692,,,,,,,,,,,,,,,,,,,,,,,,,,,,,,,,,,,,,,,,,,,,,,,,,,,,,,,,,,,
31-01-2026,SHRIRAM FINANCE LTD.(NCD) 8.75% (SR - STFCL PPD-V)  (TRANCHE 2 ) (OP - 2) (15/06/2026),Finance,NCD - Non Convertible Debt,AA+,INE721A07RH9,0.610460093,,,,,,,,,,,,,,,,,,,,,,,,,,,,,,,,,,,,,,,,,,,,,,,,,,,,,,,,,,,,,,,,,,,
31-01-2026,SHRIRAM FINANCE LTD.(NCD) 8.75% (SR-PPD XII 23-24 OPTION 1)(TRANCHE - 1) (05/10/2026) PUT 03/10/2025,Finance,NCD - Non Convertible Debt,AA+,INE721A07RQ0,,,,,,,,,,,,,,,,,,3.672733429,,,,,,,,,,,,,,,,,,,,,,,,,,,,,,,,,,,,,,,,,,,,,,,,,,
31-01-2026,SHRIRAM FINANCE LTD.(NCD) 9.20% (SR - PPD-XXI)  (TRANCHE 4 ) (OP - 2) (22/05/2026),Finance,NCD - Non Convertible Debt,AA+,INE721A07SB0,1.926422263,,,,,,,,,,,,,,,,,,,,,,,,,,,,,,,,,,,,,,,,,,,,,,,,,,,,,,,,,,,,,,,,,,0.551103971,
31-01-2026,GODREJ PROPERTIES LTD. 8.15% (SR - A) NCD (03/07/2026),Realty,NCD - Non Convertible Debt,AA+,INE484J08048,0.242972169,,,,,,,,,,,,0.61944903,,,,,,,,,,,,,,,,,,,,,,,,,,,,,,,,,,,,,,,,,,,,,,,,,,,,,,2.196471964,
31-01-2026,GODREJ PROPERTIES LTD. 8.30% (SR - 1) NCD (19/03/2027),Realty,NCD - Non Convertible Debt,AA+,INE484J08055,,0.803350942,,,,,,,,,,,,,,,,3.682632753,,,,,,,,,,,,,,,,,,,,,,,,,,,,,,,,,,,,,,,,,,,,,,,,,,
31-01-2026,GODREJ PROPERTIES LTD. 8.40% (SR - 1) NCD (25/01/2028),Realty,NCD - Non Convertible Debt,AA+,INE484J08089,,0.430819841,,,,,,,,,,,,,,,,,,,,,,,,,,,,,,,,,,,,,,,,,,,,,,,,,,,,,,,,,,,,,,,,,,
31-01-2026,TATA PROJECTS LTD. NCD (SR. U) 8.30% (07/01/2028),Construction,NCD - Non Convertible Debt,AA,INE725H08238,,0.214008442,,,,,,,,,,,,,,,,3.67887708,,,,,,,,,,,,,,,,,,,,,,,,,,,,,,,,,,,,,,,,,,,,,,,,,,
31-01-2026,CREDILA FINANCIAL SERVICES PVT LTD. NCD 24-25 SR-002 9.03% (04/03/2026),Finance,NCD - Non Convertible Debt,AA,INE539K07270,,,,,,,,,,,,,,,,,,,,,,,,,,,,,,,,,,,,,,,,,,,,,,,,,,,,,,,,,,,,,,,,,,,1.429305562,
31-01-2026,IIFL FINANCE LTD. (NCD) 9.90% (SERIES - D29) (OPTION -B) (20/03/2026),Finance,NCD - Non Convertible Debt,AA,INE530B07435,,,,,,,,,,,,,,,,,,,,,,,,,,,,,,,,,,,,,,,,,,,,,,,,,,,,,,,,,,,,,,,,,,,1.100324173,
31-01-2026,J M FINANCIAL SERVICES LTD. NCD 9.0964% (11/03/2026),Finance,NCD - Non Convertible Debt,AA,INE012I07041,,,,,,,,,,,,,,,,,,,,,,,,,,,,,,,,,,,,,,,,,,,,,,,,,,,,,,,,,,,,,,,,,,,0.549819733,
31-01-2026,PIRAMAL FINANCE LTD. 8.75% NCD (29/10/2027),Finance,NCD - Non Convertible Debt,AA,INE202B07JW4,,0.170566685,,,,,,,,,,,,,,,1.335451098,,,,,,,,,,,,,,,,,,,,,,,,,,,,,,,,,,,,,,,,,,,,,,,,,,,
31-01-2026,PIRAMAL FINANCE LTD. 9.15% NCD SR - 2 (17/06/2027),Finance,NCD - Non Convertible Debt,AA,INE202B07JR4,,,,,,,,,,,,,,,,,,,,,,,,,,,,,,,,,,,,,,,,,,,,,,,,,,,,,,,,,,,,,,,,,,,2.21446558,
31-01-2026,PIRAMAL FINANCE LTD. 9.30% NCD (07/01/2027),Finance,NCD - Non Convertible Debt,AA,INE516Y07519,,,,,,,,,,,,,,,,,,,,,,,,,,,,,,,,,,,,,,,,,,,,,,,,,,,,,,,,,,,,,,,,,,,0.883426356,
31-01-2026,ADANI POWER LTD. (SR. - 1) 8.00% NCD (27/01/2028),Power,NCD - Non Convertible Debt,AA,INE814H07190,,,,,,,,,,,,,,,,,1.988937898,,,,,,,,,,,,,,,,,,,,,,,,,,,,,,,,,,,,,,,,,,,,,,,,,,3.281037984,
31-01-2026,ADANI POWER LTD. (SR. - II) 8.20% NCD (25/01/2029),Power,NCD - Non Convertible Debt,AA,INE814H07208,,0.794762417,,,,,,,,,,,0.617589309,,,,,,,,,,,,,,,,,,,,0.5097906,,,,,,,,,,,,,,,,,,,,,,,,,,,,,,,,,,0.109493884,
31-01-2026,INDOSTAR CAPITAL FINANCE LTD. 9.95% NCD (SR-XXIII2026) (27/05/2026),Finance,NCD - Non Convertible Debt,AA-,INE896L07AI0,,,,,,,,,,,,,,,,,,,,,,,,,,,,,,,,,,,,,,,,,,,,,,,,,,,,,,,,,,,,,,,,,,,0.551291359,
31-01-2026,INDOSTAR CAPITAL FINANCE LTD. 9.95% NCD (SR-XXIV2026 II) (26/06/2026),Finance,NCD - Non Convertible Debt,AA-,INE896L07AH2,,,,,,,,,,,,,,,,,,,,,,,,,,,,,,,,,,,,,,,,,,,,,,,,,,,,,,,,,,,,,,,,,,,0.331053094,
31-01-2026,GMR AIRPORTS LTD 5.00% NCD (AUG2025-OPTION 1) 13/02/2027,Transport Infrastructure,NCD - Non Convertible Debt,A,INE776C08083,,0.217534263,,,,,,,,,,,0.887461296,,,,,,,,,,,,,,,,,,,,0.732557089,,,,,,,,,,,,,,,,,,,,,,,,,,,,,,,,,,,
31-01-2026,BHARAT SANCHAR NIGAM LTD. (SR - II - A TR - 1)  7.72% (22-12-2032),Telecom - Services,NCD - Non Convertible Debt,AAA(CE),INE103D08039,,,,,,,,,0.247675769,,,,,,,,,,,,,,,,,,,,,,,,,,,,,,,,,,,,,,,,,,,,,,,,,,,,,,,,,,,
31-01-2026,INDIAN RAILWAY FINANCE CORPORATION LTD. (SR-192)ZCB (01/12/2035),Finance,Zero Coupon Bonds,AAA,INE053F08536,,0.036224396,,,,,,,0.319464097,,,,,,,,,,,,,,,,,,,,,,,,,,,,,,,,,,,,,,,,,,,,,,,,,,,,,,,,,,,
31-01-2026,TREASURY BILL 182 DAYS (03/04/2026),GOVT OF INDIA,Treasury Bills,SOV,IN002025Y271,,,,,,,,,,,,,,,,,,,0.11557051,,,,,,,,,,,,,,,,,,,,,,,,,,,,,,,,,,,,,,,,,,,,,,,,,
31-01-2026,TREASURY BILL 182 DAYS (16/04/2026),GOVT OF INDIA,Treasury Bills,SOV,IN002025Y297,,,,,,,,,,,,,,,,,,,,,,,,,,,,,,,,0.589473903,,,,,,,,,,,,,,,,,,,,,,,,,,,,,,,,,,,,
31-01-2026,TREASURY BILL 182 DAYS (18/06/2026),GOVT OF INDIA,Treasury Bills,SOV,IN002025Y388,,,,,,,,,,,,,,,,,,,,,,,,,,,,,,,,0.583853122,,,,,,,,,,,,,,,,,,,,,,,,,,,,,,,,,,,,
31-01-2026,TREASURY BILL 182 DAYS (19/02/2026),GOVT OF INDIA,Treasury Bills,SOV,IN002025Y214,,,,,,,,,,,,,,,,,,,0.465299164,,,,,,,,,,,,,,,,,,,,,,,,,,,,,,,,,,,,,,,,,,,,,,,,,
31-01-2026,TREASURY BILL 182 DAYS (26/03/2026),GOVT OF INDIA,Treasury Bills,SOV,IN002025Y263,,,,,,,,,,,,,,,,,,,,,,,,,,,,,,,,1.478661272,,,,,,,,,,,,,,,,,,,,,,,,,,,,,,,,,,,2.181406211,
31-01-2026,TREASURY BILL 182 DAYS (26/06/2026),GOVT OF INDIA,Treasury Bills,SOV,IN002025Y396,,,,,,,,,,,,,,,,,,,,,,,,,,,,,,,,0.291579993,,,,,,,,,,,,,,,,,,,,,,,,,,,,,,,,,,,,
31-01-2026,TREASURY BILL 182 DAYS (27/02/2026),GOVT OF INDIA,Treasury Bills,SOV,IN002025Y222,,,,,,,,,,,,,,,,,,,0.464780917,,,,,,,,,,,,,,,,,,,,,,,,,,,,,,,,,,,,,,,,,,,,,,,,,
31-01-2026,TREASURY BILL 182 DAYS (30/04/2026),GOVT OF INDIA,Treasury Bills,SOV,IN002025Y313,,,,,,,,,,,,,,,,,,,,,,,,,,,,,,,,0.985406163,,,,,,,,,,,,,,,,,,,,,,,,,,,,,,,,,,,,
31-01-2026,TREASURY BILL 364 DAYS (03/12/2026),GOVT OF INDIA,Treasury Bills,SOV,IN002025Z369,,,,,,,,,,,,,,,,,,,,,,,,,,,,,,,,0.042673828,,,,,,,,,,,,,,,,,,,,,,,,,,,,,,,,,,,,
31-01-2026,TREASURY BILL 364 DAYS (06/11/2026),GOVT OF INDIA,Treasury Bills,SOV,IN002025Z328,,,,,,,,,,,,,,,,,,,,,,,,,,,,,,,,0.142818987,,,,,,,,,,,,,,,,,,,,,,,,,,,,,,,,,,,,
31-01-2026,TREASURY BILL 364 DAYS (12/02/2026),GOVT OF INDIA,Treasury Bills,SOV,IN002024Z446,,,,,,,,,,,,,,,,,,,2.561644281,,,,,,,,,,,,,0.014876875,,,,,,,,,,,,,,,,,,,,,,,,,,,,,,,,,,,,
31-01-2026,TREASURY BILL 364 DAYS (19/11/2026),GOVT OF INDIA,Treasury Bills,SOV,IN002025Z344,,,,,,,,,,,,,,,,,,,,,,,,,,,,,,,,0.287268946,,,,,,,,,,,,,,,,,,,,,,,,,,,,,,,,,,,,
31-01-2026,TREASURY BILL 364 DAYS (20/02/2026),GOVT OF INDIA,Treasury Bills,SOV,IN002024Z453,,,,,,,,,,,,,,,,,,,1.512011556,,,,,,,,,,,,,,,,,,,,,,,,,,,,,,,,,,,,,,,,,,,,,,,,,
31-01-2026,TREASURY BILL 364 DAYS (25/12/2026),GOVT OF INDIA,Treasury Bills,SOV,IN002025Z393,,,,,,,,,,,,,,,,,,,,,,,,,,,,,,,,0.368635045,,,,,,,,,,,,,,,,,,,,,,,,,,,,,,,,,,,,
31-01-2026,TREASURY BILL 364 DAYS (26/03/2026),GOVT OF INDIA,Treasury Bills,SOV,IN002024Z503,,,,,,,,,,,,,,,,,,,,,,,,,,,,,,,,1.123823333,,,,,,,,,,,,,,,,,,,,,,,,,,,,,,,,,,,,
31-01-2026,TREASURY BILL 364 DAYS (27/02/2026),GOVT OF INDIA,Treasury Bills,SOV,IN002024Z461,,,,,,,,,,,,,,,,,,,1.324625612,,,,,,,,,,,,,,,,,,,,,,,,,,,,,,,,,,,,,0.898071876,,,,,,,,,,,,
31-01-2026,TREASURY BILL 91 DAYS (06/02/2026),GOVT OF INDIA,Treasury Bills,SOV,IN002025X323,,,,,,,,,,,,,,,,,,,1.165376178,,,,,,,,,,,,,,,,,,,,,,,,,,,,,,,,,,,,,,,,,,,,,,,,,
31-01-2026,TREASURY BILL 91 DAYS (09/04/2026),GOVT OF INDIA,Treasury Bills,SOV,IN002025X406,,,,,,,,,,,,,,,,,,,8.082801036,,,,,,,,,,,,,,,,,,,,,,,,,,,,,,,,,,,,,,,,,,,,,,,,,
31-01-2026,TREASURY BILL 91 DAYS (12/02/2026),GOVT OF INDIA,Treasury Bills,SOV,IN002025X331,,,,,,,,,,,,,,,,,,,,,,,,,,,,,,,,,,,,,,,,,,,,,,,,,,,,,,,,0.818137417,,,,,,,,,,,,
31-01-2026,TREASURY BILL 91 DAYS (12/03/2026),GOVT OF INDIA,Treasury Bills,SOV,IN002025X372,,,,,,,,,,,,,,,,,,,1.391760841,,,,,,,,,,,,,,,,,,,,,,,,,,,,,,,,,,,,,,,,,,,,,,,,,
31-01-2026,TREASURY BILL 91 DAYS (23/04/2026),GOVT OF INDIA,Treasury Bills,SOV,IN002025X422,,,,,,,,,,,,,,,,,,,,,,,,,,,,,,,,1.737263686,,,,,,,,,,,,,,,,,,,,,,,,,,,,,,,,,,,,
31-01-2026,TREASURY BILL 91 DAYS (30/04/2026),GOVT OF INDIA,Treasury Bills,SOV,IN002025X430,,,,,,,,,,,,,,,,,,,,,,,,,,,,,,,,3.588643339,,,,,,,,,,,,,,,,,,,,,,,,,,,,,,,,,,,,
31-01-2026,360 ONE PRIME LTD. CP (25/01/2027),Capital Markets,Commercial Papers,A1+,INE248U14SV6,,,,,,,,,,,,,,,,,,,,,,,,,,,,,,,,0.686724846,,,,,,,,,,,,,,,,,,,,,,,,,,,,,,,,,,,,
31-01-2026,360 ONE WAM LTD. CP (25/01/2027),Capital Markets,Commercial Papers,A1+,INE466L14FS6,,,,,,,,,,,,,,,,,,,,,,,,,,,,,,,,0.412034908,,,,,,,,,,,,,,,,,,,,,,,,,,,,,,,,,,,,
31-01-2026,ADITYA BIRLA MONEY LTD. CP (06/02/2026),Capital Markets,Commercial Papers,A1+,INE865C14OR2,,,,,,,,,,,,,,,,,,,0.466013329,,,,,,,,,,,,,,,,,,,,,,,,,,,,,,,,,,,,,,,,,,,,,,,,,
31-01-2026,ANGEL ONE LIMITED CP (11/02/2026),Capital Markets,Commercial Papers,A1+,INE732I14CM7,,,,,,,,,,,,,,,,,,,,,,,,,,,,,,,,0.297363479,,,,,,,,,,,,,,,,,,,,,,,,,,,,,,,,,,,,
31-01-2026,ANGEL ONE LIMITED CP (18/02/2026),Capital Markets,Commercial Papers,A1+,INE732I14CN5,,,,,,,,,,,,,,,,,,,,,,,,,,,,,,,,0.296909334,,,,,,,,,,,,,,,,,,,,,,,,,,,,,,,,,,,,
31-01-2026,ANGEL ONE LIMITED CP (23/02/2026),Capital Markets,Commercial Papers,A1+,INE732I14BY4,,,,,,,,,,,,,,,,,,,,,,,,,,,,,,,,0.296591672,,,,,,,,,,,,,,,,,,,,,,,,,,,,,,,,,,,,
31-01-2026,ANGEL ONE LIMITED CP (28/01/2027),Capital Markets,Commercial Papers,A1+,INE732I14CX4,,,,,,,,,,,,,,,,,,,,,,,,,,,,,,,,0.823717585,,,,,,,,,,,,,,,,,,,,,,,,,,,,,,,,,,,,
31-01-2026,BAJAJ FINANCIAL SECURITIES LTD.  CP (10/02/2026),Capital Markets,Commercial Papers,A1+,INE01C314DG6,,,,,,,,,,,,,,,,,,,1.746243286,,,,,,,,,,,,,,,,,,,,,,,,,,,,,,,,,,,,,,,,,,,,,,,,,
31-01-2026,BAJAJ FINANCIAL SECURITIES LTD.  CP (18/03/2026),Capital Markets,Commercial Papers,A1+,INE01C314DZ6,,,,,,,,,,,,,,,,,,,3.236555496,,,,,,,,,,,,,,,,,,,,,,,,,,,,,,,,,,,,,,,,,,,,,,,,,
31-01-2026,ICICI SECURITIES LTD CP (06/03/2026),Capital Markets,Commercial Papers,A1+,INE763G14XX9,,,,,,,,,,,,,,,,,,,,,,,,,,,,,,,,0.740202271,,,,,,,,,,,,,,,,,,,,,,,,,,,,,,,,,,,,
31-01-2026,ICICI SECURITIES LTD CP (27/02/2026),Capital Markets,Commercial Papers,A1+,INE763G14XI0,,,,,,,,,,,,,,,,,,,,,,,,,,,,,,,,0.29646413,,,,,,,,,,,,,,,,,,,,,,,,,,,,,,,,,,,,
31-01-2026,ICICI SECURITIES PRIMARY DEALERSHIP LTD. CP (10/02/2026),Capital Markets,Commercial Papers,A1+,INE849D14HW8,,,,,,,,,,,,,,,,,0.665125239,,,,,,,,,,,,,,,,,,,,,,,,,,,,,,,,,,,,,,,,,,,,,,,,,,,
31-01-2026,MOTILAL OSWAL FINANCIAL SERVICES LTD. CP (04/06/2026),Capital Markets,Commercial Papers,A1+,INE338I14LI2,,,,,,,,,,,,,,,,,,,,,,,,,,,,,,,,1.159928577,,,,,,,,,,,,,,,,,,,,,,,,,,,,,,,,,,,2.138991744,
31-01-2026,MOTILAL OSWAL FINANCIAL SERVICES LTD. CP (24/02/2026),Capital Markets,Commercial Papers,A1+,INE338I14JJ4,,,,,,,,,,,,,,,,,,,0.580335333,,,,,,,,,,,,,,,,,,,,,,,,,,,,,,,,,,,,,,,,,,,,,,,,,
31-01-2026,MOTILAL OSWAL FINANCIAL SERVICES LTD. CP (27/01/2027),Capital Markets,Commercial Papers,A1+,INE338I14LR3,,,,,,,,,,,,,,,,,,,,,,,,,,,,,,,,0.827146911,,,,,,,,,,,,,,,,,,,,,,,,,,,,,,,,,,,,
31-01-2026,MOTILAL OSWAL FINANCIAL SERVICES LTD. CP (28/01/2027),Capital Markets,Commercial Papers,A1+,INE338I14LQ5,,,,,,,,,,,,,,,,,,,,,,,,,,,,,,,,1.102633688,,,,,,,,,,,,,,,,,,,,,,,,,,,,,,,,,,,,
31-01-2026,NIRMA LTD. CP (09/03/2026),Chemicals & Petrochemicals,Commercial Papers,A1+,INE091A14ET6,,,,,,,,,,,,,,,,,,,1.389983592,,,,,,,,,,,,,,,,,,,,,,,,,,,,,,,,,,,,,,,,,,,,,,,,,
31-01-2026,NETWORK 18 MEDIA & INVESTMENTS LTD. CP (11/03/2026),Entertainment,Commercial Papers,A1+,INE870H14WK9,,,,,,,,,,,,,,,,,,,0.463204716,,,,,,,,,,,,,,,,,,,,,,,,,,,,,,,,,,,,,,,,,,,,,,,,,
31-01-2026,NETWORK 18 MEDIA & INVESTMENTS LTD. CP (12/03/2026),Entertainment,Commercial Papers,A1+,INE870H14WM5,,,,,,,,,,,,,,,,,,,0.926239637,,,,,,,,,,,,,,,,,,,,,,,,,,,,,,,,,,,,,,,,,,,,,,,,,
31-01-2026,ADITYA BIRLA HOUSING FINANCE LTD. CP (05/02/2026),Finance,Commercial Papers,A1+,INE831R14FJ7,,,,,,,,,,,,,,,,,,,2.796796472,,,,,,,,,,,,,,,,,,,,,,,,,,,,,,,,,,,,,,,,,,,,,,,,,
31-01-2026,ADITYA BIRLA HOUSING FINANCE LTD. CP (08/06/2026),Finance,Commercial Papers,A1+,INE831R14FS8,,,,,,,,,,,,,,,,,,,,,,,,,,,,,,,,2.614366438,,,,,,,,,,,,,,,,,,,,,,,,,,,,,,,,,,,,
31-01-2026,ASEEM INFRASTRUCTURE FINANCE LTD. CP (04/12/2026),Finance,Commercial Papers,A1+,INE0AD514339,,,,,,,,,,,,,,,,,,,,,,,,,,,,,,,,1.39358819,,,,,,,,,,,,,,,,,,,,,,,,,,,,,,,,,,,,
31-01-2026,AXIS FINANCE LTD. CP (06/03/2026),Finance,Commercial Papers,A1+,INE891K14OT7,,,,,,,,,,,,,,,,,,,,,,,,,,,,,,,,0.888310668,,,,,,,,,,,,,,,,,,,,,,,,,,,,,,,,,,,,
31-01-2026,AXIS FINANCE LTD. CP (18/02/2026),Finance,Commercial Papers,A1+,INE891K14OS9,,,,,,,,,,,,,,,,,1.328106536,,,,,,,,,,,,,,,,,,,,,,,,,,,,,,,,,,,,,,,,,,,,,,,,,,,
31-01-2026,BAHADUR CHAND INVESTMENTS PVT. LTD. CP (04/03/2026),Finance,Commercial Papers,A1+,INE087M14BV1,,0.264158427,,,,,,,,,,,,,,,,,,,,,,,,,,,,,,,,,,,,,,,,,,,,,,,,,,,,,,,,,,,,,,,,,,
31-01-2026,BAJAJ FINANCE LTD. CP (05/03/2026),Finance,Commercial Papers,A1+,INE296A14D88,,,,,,,,,,,,,,,,,,,2.781503735,,,,,,,,,,,,,,,,,,,,,,,,,,,,,,,,,,,,,,,,,,,,,,,,,
31-01-2026,BAJAJ FINANCE LTD. CP (06/11/2026),Finance,Commercial Papers,A1+,INE296A14D21,,,,,,,,,,,,,,,,,0.629552348,,,,,,,,,,,,,,,,,,,,,,,,,,,,,,,,,,,,,,,,,,,,,,,,,,,
31-01-2026,BAJAJ HOUSING FINANCE LTD. CP (09/02/2026),Finance,Commercial Papers,A1+,INE377Y14BP3,,,,,,,,,,,,,,,,,,,,,,,,,,,,,,,,0.595129251,,,,,,,,,,,,,,,,,,,,,,,,,,,,,,,,,,,,
31-01-2026,BAJAJ HOUSING FINANCE LTD. CP (27/01/2027),Finance,Commercial Papers,A1+,INE377Y14BW9,,,,,,,,,,,,,,,,,,,,,,,,,,,,,,,,1.390991164,,,,,,,,,,,,,,,,,,,,,,,,,,,,,,,,,,,,
31-01-2026,BARCLAYS INVESTMENTS & LOANS (INDIA) PRIVATE LTD. CP (27/02/2026),Finance,Commercial Papers,A1+,INE704I14KM9,,,,,,,,,,,,,,,,,,,0.046409334,,,,,,,,,,,,,0.296476944,,,,,,,,,,,,,,,,,,,,,,,,,,,,,,,,,,,,
31-01-2026,BHARTI TELECOM LTD. CP (18/09/2026),Finance,Commercial Papers,A1+,INE403D14585,,,,,,,,,,,,,,,,,0.634771624,,,,,,,,,,,,,,,,,,,,,,,,,,,,,,,,,,,,,,,,,,,,,,,,,,,
31-01-2026,BIRLA GROUP HOLDINGS PRIVATE LTD. CP (08/01/2027),Finance,Commercial Papers,A1+,INE09OL14IH9,,,,,,,,,,,,,,,,,,,,,,,,,,,,,,,,0.693329904,,,,,,,,,,,,,,,,,,,,,,,,,,,,,,,,,,,,
31-01-2026,CAN FIN HOMES LTD. CP (05/03/2026),Finance,Commercial Papers,A1+,INE477A14EB5,,,,,,,,,,,,,,,,,,,2.318449222,,,,,,,,,,,,,,,,,,,,,,,,,,,,,,,,,,,,,,,,,,,,,,,,,
31-01-2026,CHOLAMANDALAM INVESTMENT AND FINANCE CO. LTD. CP (18/02/2026),Finance,Commercial Papers,A1+,INE121A14XV7,,,,,,,,,,,,,,,,,,,,,,,,,,,,,,,,0.222744356,,,,,,,,,,,,,,,,,,,,,,,,,,,,,,,,,,,,
31-01-2026,CHOLAMANDALAM INVESTMENT AND FINANCE CO. LTD. CP (22/01/2027),Finance,Commercial Papers,A1+,INE121A14YF8,,,,,,,,,,,,,,,,,,,,,,,,,,,,,,,,0.485003958,,,,,,,,,,,,,,,,,,,,,,,,,,,,,,,,,,,,
31-01-2026,CREDILA FINANCIAL SERVICES LTD. CP (27/02/2026),Finance,Commercial Papers,A1+,INE539K14BX1,,,,,,,,,,,,,,,,,,,,,,,,,,,,,,,,0.740970353,,,,,,,,,,,,,,,,,,,,,,,,,,,,,,,,,,,,
31-01-2026,DEUTSCHE INVESTMENTS INDIA PVT LTD. CP (11/01/2027),Finance,Commercial Papers,A1+,INE144H14ID3,,,,,,,,,,,,,,,,,,,,,,,,,,,,,,,,0.692513398,,,,,,,,,,,,,,,,,,,,,,,,,,,,,,,,,,,,
31-01-2026,DEUTSCHE INVESTMENTS INDIA PVT LTD. CP (27/02/2026),Finance,Commercial Papers,A1+,INE144H14HQ7,,,,,,,,,,,,,,,,,0.662764106,,,,,,,,,,,,,,,,,,,,,,,,,,,,,,,,,,,,,,,,,,,,,,,,,,,
31-01-2026,HDFC SECURITIES LTD. CP (03/03/2026),Finance,Commercial Papers,A1+,INE700G14RE3,,,,,,,,,,,,,,,,,,,,,,,,,,,,,,,,,,,,,,,,,,,,,,,,,,,,,,,,,,,,,,,,,,,3.277908994,
31-01-2026,HDFC SECURITIES LTD. CP (05/03/2026),Finance,Commercial Papers,A1+,INE700G14QH8,,,,,,,,,,,,,,,,,,,,,,,,,,,,,,,,0.592282803,,,,,,,,,,,,,,,,,,,,,,,,,,,,,,,,,,,,
31-01-2026,HDFC SECURITIES LTD. CP (06/02/2026),Finance,Commercial Papers,A1+,INE700G14QT3,,,,,,,,,,,,,,,,,,,1.165053148,,,,,,,,,,,,,,,,,,,,,,,,,,,,,,,,,,,,,,,,,,,,,,,,,
31-01-2026,HDFC SECURITIES LTD. CP (18/03/2026),Finance,Commercial Papers,A1+,INE700G14RJ2,,,,,,,,,,,,,,,,,,,2.311997948,,,,,,,,,,,,,,,,,,,,,,,,,,,,,,,,,,,,,,,,,,,,,,,,,
31-01-2026,IIFL FINANCE LTD. CP (26/02/2026),Finance,Commercial Papers,A1+,INE530B14DL0,,,,,,,,,,,,,,,,,,,0.695476691,,,,,,,,,,,,,,,,,,,,,,,,,,,,,,,,,,,,,,,,,,,,,,,,,
31-01-2026,IIFL FINANCE LTD. CP (27/02/2026),Finance,Commercial Papers,A1+,INE530B14DO4,,,,,,,,,,,,,,,,,,,1.854156699,,,,,,,,,,,,,,,,,,,,,,,,,,,,,,,,,,,,,,,,,,,,,,,,,
31-01-2026,INDOSTAR CAPITAL FINANCE LTD. CP (05/02/2026),Finance,Commercial Papers,A1+,INE896L14EO6,,,,,,,,,,,,,,,,,,,,,,,,,,,,,,,,,,,,,,,,,,,,,,,,,,,,,,,,,,,,,,,,,,,1.09800738,
31-01-2026,INFINA FINANCE PRIVATE LTD. CP (18/01/2027),Finance,Commercial Papers,A1+,INE879F14MJ7,,,,,,,,,,,,,,,,,,,,,,,,,,,,,,,,0.829456968,,,,,,,,,,,,,,,,,,,,,,,,,,,,,,,,,,,,
31-01-2026,INFINA FINANCE PRIVATE LTD. CP (30/11/2026),Finance,Commercial Papers,A1+,INE879F14MC2,,,,,,,,,,,,,,,,,,,,,,,,,,,,,,,,0.697843782,,,,,,,,,,,,,,,,,,,,,,,,,,,,,,,,,,,,
31-01-2026,JULIUS BAER CAPITAL (INDIA) PVT. LTD. CP (18/03/2026),Finance,Commercial Papers,A1+,INE824H14TB1,,,,,,,,,,,,,,,,,,,0.462317491,,,,,,,,,,,,,,,,,,,,,,,,,,,,,,,,,,,,,,,,,,,,,,,,,
31-01-2026,JULIUS BAER CAPITAL (INDIA) PVT. LTD. CP (27/01/2027),Finance,Commercial Papers,A1+,INE824H14TK2,,,,,,,,,,,,,,,,,,,,,,,,,,,,,,,,0.552377706,,,,,,,,,,,,,,,,,,,,,,,,,,,,,,,,,,,,
31-01-2026,JULIUS BAER CAPITAL (INDIA) PVT. LTD. CP (30/11/2026),Finance,Commercial Papers,A1+,INE824H14SY5,,,,,,,,,,,,,,,,,,,,,,,,,,,,,,,,0.698601434,,,,,,,,,,,,,,,,,,,,,,,,,,,,,,,,,,,,
31-01-2026,KOTAK MAHINDRA INVESTMENTS LTD. CP (27/03/2026),Finance,Commercial Papers,A1+,INE975F14A01,0.240583931,,,,,,,,,,,,,,,,,,,,,,,,,,,,,,,,,,,,,,,,,,,,,,,,,,,,,,,,,,,,,,,,,,,
31-01-2026,KOTAK MAHINDRA PRIME LTD. CP (05/06/2026),Finance,Commercial Papers,A1+,INE916D145K4,,0.259115082,,,,,,,,,,,,,,,,,,,,,,,,,,,,,,,,,,,,,,,,,,,,,,,,,,,,,,,,,,,,,,,,,,
31-01-2026,KOTAK SECURITIES LTD. CP (13/03/2026),Finance,Commercial Papers,A1+,INE028E14TK7,,,,,,,,,,,,,,,,,,,,,,,,,,,,,,,,0.147835136,,,,,,,,,,,,,,,,,,,,,,,,,,,,,,,,,,,,
31-01-2026,L&T FINANCE LTD. CP (10/06/2026),Finance,Commercial Papers,A1+,INE498L14ED4,0.236651193,,,,,,,,,,,,,,,,,,,,,,,,,,,,,,,,,,,,,,,,,,,,,,,,,,,,,,,,,,,,,,,,,,,
31-01-2026,MAHINDRA RURAL HOUSING FINANCE LTD. CP (27/01/2027),Finance,Commercial Papers,A1+,INE950O14CA8,,,,,,,,,,,,,,,,,,,,,,,,,,,,,,,,0.554379636,,,,,,,,,,,,,,,,,,,,,,,,,,,,,,,,,,,,
31-01-2026,MIRAE ASSET SHAREKHAN FINANCIAL SERVICES LTD. CP (05/02/2026),Finance,Commercial Papers,A1+,INE550X14AL8,,,,,,,,,,,,,,,,,,,0.23304818,,,,,,,,,,,,,,,,,,,,,,,,,,,,,,,,,,,,,,,,,,,,,,,,,
31-01-2026,MOTILAL OSWAL FINVEST LTD. CP (28/01/2027),Finance,Commercial Papers,A1+,INE01WN14BX7,,,,,,,,,,,,,,,,,,,,,,,,,,,,,,,,1.101625273,,,,,,,,,,,,,,,,,,,,,,,,,,,,,,,,,,,,
31-01-2026,MUTHOOT FINCORP LTD. CP (18/01/2027),Finance,Commercial Papers,A1+,INE549K14CI9,,,,,,,,,,,,,,,,,,,,,,,,,,,,,,,,0.548250476,,,,,,,,,,,,,,,,,,,,,,,,,,,,,,,,,,,,
31-01-2026,MUTHOOT FINCORP LTD. CP (23/06/2026),Finance,Commercial Papers,A1+,INE549K14BZ5,,,,,,,,,,,,,,,,,,,,,,,,,,,,,,,,,,,,,,,,,,,,,,,,,,,,,,,,,,,,,,,,,,,1.061250813,
31-01-2026,MUTHOOT FINCORP LTD. CP (27/02/2026),Finance,Commercial Papers,A1+,INE549K14BW2,,,,,,,,,,,,,,,,,,,,,,,,,,,,,,,,0.592346574,,,,,,,,,,,,,,,,,,,,,,,,,,,,,,,,,,,,
31-01-2026,MUTHOOT FINCORP LTD. CP (30/10/2026),Finance,Commercial Papers,A1+,INE549K14CE8,,,,,,,,,,,,,,,,,,,,,,,,,,,,,,,,0.55815404,,,,,,,,,,,,,,,,,,,,,,,,,,,,,,,,,,,1.029276204,
31-01-2026,NATIONAL BANK FOR AGRICULTURE AND RURAL DEVELOPMENT CP (02/03/2026),Finance,Commercial Papers,A1+,INE261F14OD7,,,,,,,,,,,,,,,,,,,0.464035965,,,,,,,,,,,,,,,,,,,,,,,,,,,,,,,,,,,,,,,,,,,,,,,,,
31-01-2026,NUVAMA WEALTH AND INVESTMENT LIMITED CP (27/01/2027),Finance,Commercial Papers,A1+,INE523L14AW7,,,,,,,,,,,,,,,,,,,,,,,,,,,,,,,,0.274071897,,,,,,,,,,,,,,,,,,,,,,,,,,,,,,,,,,,,
31-01-2026,NUVAMA WEALTH FINANCE LTD. CP (27/01/2027),Finance,Commercial Papers,A1+,INE918K14CY3,,,,,,,,,,,,,,,,,,,,,,,,,,,,,,,,0.137035948,,,,,,,,,,,,,,,,,,,,,,,,,,,,,,,,,,,,
31-01-2026,PILANI INVESTMENT & INDUSTRIES CORPORATION LTD. CP (11/03/2026),Finance,Commercial Papers,A1+,INE417C14AH2,,,,,,,,,,,,,,,,,,,1.273017639,,,,,,,,,,,,,,,,,,,,,,,,,,,,,,,,,,,,,,,,,,,,,,,,,
31-01-2026,SMALL INDUSTRIES DEVELOPMENT BANK OF INDIA CP (03/03/2026),Finance,Commercial Papers,A1+,INE556F14LG9,,,,,,,,,,,,,,,,,,,,,,,,,,,,,,,,0.518614061,,,,,,,,,,,,,,,,,,,,,,,,,,,,,,,,,,,,
31-01-2026,JSW ENERGY LTD. CP (13-03-2026),Power,Commercial Papers,A1+,INE121E14383,,,,,,,,,,,,,,,,,,,,,,,,,,,,,,,,0.738994647,,,,,,,,,,,,,,,,,,,,,,,,,,,,,,,,,,,,
31-01-2026,GODREJ PROPERTIES LTD. CP (04/02/2026),Realty,Commercial Papers,A1+,INE484J14ZI2,,,,,,,,,,,,,,,,,,,0.46621671,,,,,,,,,,,,,,,,,,,,,,,,,,,,,,,,,,,,,,,,,,,,,,,,,
31-01-2026,RELIANCE JIO INFOCOMM LTD. CP (13/03/2026),Telecom - Services,Commercial Papers,A1+,INE110L14UL4,,,,,,,,,,,,,,,,,1.984079054,,4.167511607,,,,,,,,,,,,,,,,,,,,,,,,,,,,,,,,,,,,,,,,,,,,,,,,,
31-01-2026,AU SMALL FINANCE BANK LTD. CD (06/11/2026),Banks,Certificate Of Deposit,A1+,INE949L16DZ6,,,,,,,,,,,,,,,,,,,,,,,,,,,,,,,,,,,,,,,,,,,,,,,,,,,,,,,,,,,,,,,,,,,3.636713604,
31-01-2026,AXIS BANK LTD. CD (04/03/2026),Banks,Certificate Of Deposit,A1+,INE238AD6AN0,,,,,,,,,,,,,,,,,,,,,,,,,,,,,,,,1.037081061,,,,,,,,,,,,,,,,,,,,,,,,,,,,,,,,,,,,
31-01-2026,AXIS BANK LTD. CD (05/03/2026),Banks,Certificate Of Deposit,A1+,INE238AD6AO8,,,,,,,,,,,,,,,,,,,1.159364552,,,,,,,,,,,,,0.148127469,,,,,,,,,,,,,,,,,,,,,,,,,,,,,,,,,,,,
31-01-2026,AXIS BANK LTD. CD (10/08/2026),Banks,Certificate Of Deposit,A1+,INE238AD6BC1,,,,,,,,,,,,,,,,,1.284196396,,,,,,,,,,,,,,,,,,,,,,,,,,,,,,,,,,,,,,,,,,,,,,,,,,,
31-01-2026,AXIS BANK LTD. CD (14/01/2027),Banks,Certificate Of Deposit,A1+,INE238AD6BW9,,,,,,,,,,,,,,,,,1.249104526,,,,,,,,,,,,,,,,,,,,,,,,,,,,,,,,,,,,,,,,,,,,,,,,,,,
31-01-2026,AXIS BANK LTD. CD (18/02/2026),Banks,Certificate Of Deposit,A1+,INE238AD6BM0,,,,,,,,,,,,,,,,,,,1.162651996,,,,,,,,,,,,,,,,,,,,,,,,,,,,,,,,,,,,,,,,,,,,,,,,,
31-01-2026,AXIS BANK LTD. CD (25/05/2026),Banks,Certificate Of Deposit,A1+,INE238AD6BB3,,,,,,,,,,,,,,,,,1.954508265,,,,,,,,,,,,,,,,,,,,,,,,,,,,,,,,,,,,,,,,,,,,,,,,,,,
31-01-2026,AXIS BANK LTD. CD (25/06/2026),Banks,Certificate Of Deposit,A1+,INE238AD6AZ4,,,,,,,,,,,,,,,,,1.29514928,,,,,,,,,,,,,,,,,,,,,,,,,,,,,,,,,,,,,,,,,,,,,,,,,,,
31-01-2026,AXIS BANK LTD. CD (26/11/2026),Banks,Certificate Of Deposit,A1+,INE238AD6BO6,,,,,,,,,,,,,,,,,,,,,,,,,,,,,,,,3.871735632,,,,,,,,,,,,,,,,,,,,,,,,,,,,,,,,,,,,
31-01-2026,AXIS BANK LTD. CD (30/04/2026),Banks,Certificate Of Deposit,A1+,INE238AD6BK4,,,,,,,,,,,,,,,,,,,,,,,,,,,,,,,,0.439254063,,,,,,,,,,,,,,,,,,,,,,,,,,,,,,,,,,,5.400107282,
31-01-2026,BANK OF BARODA CD (05/03/2026),Banks,Certificate Of Deposit,A1+,INE028A16KP8,,,,,,,,,,,,,,,,,,,0.463773809,,,,,,,,,,,,,,,,,,,,,,,,,,,,,,,,,,,,,,,,,,,,,,,,,
31-01-2026,BANK OF BARODA CD (05/11/2026),Banks,Certificate Of Deposit,A1+,INE028A16KH5,,,,,,,,,,,,,,,,,,,,,,,,,,,,,,,,0.282708386,,,,,,,,,,,,,,,,,,,,,,,,,,,,,,,,2.890308953,,,,
31-01-2026,BANK OF BARODA CD (06/04/2026),Banks,Certificate Of Deposit,A1+,INE028A16JG9,,,,,,,,,,,,,,,,,,,2.303230653,,,,,,,,,,,,,4.266984038,,,,,,,,,,,,,,,,,,,,,,,,,,,,,,,,,,,,
31-01-2026,BANK OF BARODA CD (06/11/2026),Banks,Certificate Of Deposit,A1+,INE028A16KI3,,,,,,,,,,,,,,,,,,,,,,,,,,,,,,,,2.967890488,,,,,,,,,,,,,,,,,,,,,,,,,,,,,,,,,,,,
31-01-2026,BANK OF BARODA CD (13/03/2026),Banks,Certificate Of Deposit,A1+,INE028A16IC0,,,,,,,,,,,,,,,,,,,0.463104892,,,,,,,,,,,,,,,,,,,,,,,,,,,,,,,,,,,,,,,,,,,,,,,,,
31-01-2026,BANK OF BARODA CD (15/05/2026),Banks,Certificate Of Deposit,A1+,INE028A16KJ1,,,,,,,,,,,,,,,,,,,,,,,,,,,,,,,,0.584008676,,,,,,,,,,,,,,,,,,,,,,,,,,,,,,,,,,,,
31-01-2026,BANK OF BARODA CD (24/02/2026),Banks,Certificate Of Deposit,A1+,INE028A16JJ3,,,,,,,,,,,,,,,,,,,0.464584533,,,,,,,,,,,,,,,,,,,,,,,,,,,,,,,,,,,,,,,,,,,,,,,,,
31-01-2026,BANK OF INDIA CD (03/02/2026),Banks,Certificate Of Deposit,A1+,INE084A16DA8,,,,,,,,,,,,,,,,,,,0.699456609,,,,,,,,,,,,,,,,,,,,,,,,,,,,,,,,,,,,,,,,,,,,,,,,,
31-01-2026,BANK OF INDIA CD (05/03/2026),Banks,Certificate Of Deposit,A1+,INE084A16FC9,,,,,,,,,,,,,,,,,,,2.318698783,,,,,,,,,,,,,,,,,,,,,,,,,,,,,,,,,,,,,,,,,,,,,,,,,
31-01-2026,BANK OF INDIA CD (06/02/2026),Banks,Certificate Of Deposit,A1+,INE084A16DC4,,,,,,,,,,,,,,,,,,,0.932114355,,,,,,,,,,,,,,,,,,,,,,,,,,,,,,,,,,,,,,,,,,,,,,,,,
31-01-2026,BANK OF INDIA CD (10/03/2026),Banks,Certificate Of Deposit,A1+,INE084A16EK5,,,,,,,,,,,,,,,,,,,0.810802538,,,,,,,,,,,,,,,,,,,,,,,,,,,,,,,,,,,,,,,,,,,,,,,,,
31-01-2026,BANK OF INDIA CD (18/02/2026),Banks,Certificate Of Deposit,A1+,INE084A16ET6,,,,,,,,,,,,,,,,,,,2.906595004,,,,,,,,,,,,,,,,,,,,,,,,,,,,,,,,,,,,,,,,,,,,,,,,,
31-01-2026,CANARA BANK CD (12/02/2026),Banks,Certificate Of Deposit,A1+,INE476A16E53,,,,,,,,,,,,,,,,,,,1.047523466,,,,,,,,,,,,,,,,,,,,,,,,,,,,,,,,,,,,,,,,,,,,,,,,,
31-01-2026,CANARA BANK CD (12/03/2026),Banks,Certificate Of Deposit,A1+,INE476A16B23,,,,,,,,,,,,,,,,,,,,,,,,,,,,,,,,0.887677727,,,,,,,,,,,,,,,,,,,,,,,,,,,,,,,,,,,,
31-01-2026,CANARA BANK CD (15/05/2026),Banks,Certificate Of Deposit,A1+,INE476A16E79,,,,,,,,,,,,,,,,,,,,,,,,,,,,,,,,1.314419132,,,,,,,,,,,,,,,,,,,,,,,,,,,,,,,,,,,,
31-01-2026,CANARA BANK CD (20/03/2026),Banks,Certificate Of Deposit,A1+,INE476A16F86,,,,,,,,,,,,,,,,,,,0.924994164,,,,,,,,,,,,,,,,,,,,,,,,,,,,,,,,,,,,,,,,,,,,,,,,,
31-01-2026,CANARA BANK CD (27/02/2026),Banks,Certificate Of Deposit,A1+,INE476A16D96,,,,,,,,,,,,,,,,,,,1.044783074,,,,,,,,,,,,,,,,,,,,,,,,,,,,,,,,,,,,,,,,,,,,,,,,,
31-01-2026,EQUITAS SMALL FINANCE BANK CD (30/11/2026),Banks,Certificate Of Deposit,A1+,INE063P16BH9,,,,,,,,,,,,,,,,,,,,,,,,,,,,,,,,1.117198488,,,,,,,,,,,,,,,,,,,,,,,,,,,,,,,,,,,,
31-01-2026,FEDERAL BANK CD (10/03/2026),Banks,Certificate Of Deposit,A1+,INE171A16MW8,,,,,,,,,,,,,,,,,,,,,,,,,,,,,,,,3.181642847,,,,,,,,,,,,,,,,,,,,,,,,,,,,,,,,,,,,
31-01-2026,HDFC BANK CD (05/08/2026),Banks,Certificate Of Deposit,A1+,INE040A16HF0,,,,,,,,,,,,,,,,,5.141902259,,,,,,,,,,,,,,,,,,,,,,,,,,,,,,,,,,,,,,,,,,,,,,,,,,,
31-01-2026,HDFC BANK CD (11/09/2026),Banks,Certificate Of Deposit,A1+,INE040A16HN4,,,,,,,,,,,,,,,,,,,,,,,,,,,,,,,,2.499809439,,,,,,,,,,,,,,,,,,,,,,,,,,,,,,,,5.111430688,,,,
31-01-2026,HDFC BANK CD (12/02/2026),Banks,Certificate Of Deposit,A1+,INE040A16HV7,,,,,,,,,,,,,,,,,,,1.396662969,,,,,,,,,,,,,,,,,,,,,,,,,,,,,,,,,,,,,,,,,,,,,,,,,
31-01-2026,HDFC BANK CD (12/03/2026),Banks,Certificate Of Deposit,A1+,INE040A16GN6,,,,,,,,,,,,,,,,,,,0.463173463,,,,,,,,,,,,,,,,,,,,,,,,,,,,,,,,,,,,,,,,,,,,,,,,,
31-01-2026,HDFC BANK CD (13/11/2026),Banks,Certificate Of Deposit,A1+,INE040A16HW5,,,,,,,,,,,,,,,,,,,,,,,,,,,,,,,,1.905459519,,,,,,,,,,,,,,,,,,,,,,,,,,,,,,,,,,,,
31-01-2026,HDFC BANK CD (18/02/2026),Banks,Certificate Of Deposit,A1+,INE040A16HZ8,,,,,,,,,,,,,,,,,,,2.209021066,,,,,,,,,,,,,,,,,,,,,,,,,,,,,,,,,,,,,,,,,,,,,,,,,
31-01-2026,HDFC BANK CD (19/11/2026),Banks,Certificate Of Deposit,A1+,INE040A16HY1,,,,,,,,,,,,,,,,,2.521692464,,,,,,,,,,,,,,,,,,,,,,,,,,,,,,,,,,,,,,,,,,,,,,,,,,,
31-01-2026,HDFC BANK CD (24/03/2026),Banks,Certificate Of Deposit,A1+,INE040A16GS5,,,,,,,,,,,,,,,,,1.320109065,,1.733036368,,,,,,,,,,,,,0.516654297,,,,,,,,,,,,,,,,,,,,,,,,,,,,,,,,,,,,
31-01-2026,HDFC BANK CD (25/05/2026),Banks,Certificate Of Deposit,A1+,INE040A16HX3,,,,,,,,,,,,,,,,,,,,,,,,,,,,,,,,,,,,,,,,,,,,,,,,,,,,,,,,,,,,,,,,,,,3.224864533,
31-01-2026,INDIAN BANK CD (06/03/2026),Banks,Certificate Of Deposit,A1+,INE562A16OG7,,,,,,,,,,,,,,,,,,,0.231844689,,,,,,,,,,,,,,,,,,,,,,,,,,,,,,,,,,,,,,,,,,,,,,,,,
31-01-2026,INDIAN BANK CD (12/01/2027),Banks,Certificate Of Deposit,A1+,INE562A16QE7,,,,,,,,,,,,,,,,,1.249998612,,,,,,,,,,,,,,,,,,,,,,,,,,,,,,,,,,,,,,,,,,,,,,,,,,,
31-01-2026,INDIAN BANK CD (12/03/2026),Banks,Certificate Of Deposit,A1+,INE562A16OI3,,,,,,,,,,,,,,,,,,,,,,,,,,,,,,,,0.147949268,,,,,,,,,,,,,,,,,,,,,,,,,,,,,,,,,,,,
31-01-2026,INDIAN BANK CD (17/09/2026),Banks,Certificate Of Deposit,A1+,INE562A16PO8,,,,,,,,,,,,,,,,,,,,,,,,,,,,,,,,2.852717384,,,,,,,,,,,,,,,,,,,,,,,,,,,,,,,,,,,,
31-01-2026,INDIAN BANK CD (19/03/2026),Banks,Certificate Of Deposit,A1+,INE562A16OL7,,,,,,,,,,,,,,,,,1.321400227,,,,,,,,,,,,,,,,,,,,,,,,,,,,,,,,,,,,,,,,,,,,,,,,,,,
31-01-2026,INDIAN BANK CD (25/03/2026),Banks,Certificate Of Deposit,A1+,INE562A16ON3,,,,,,,,,,,,,,,,,,,0.462094052,,,,,,,,,,,,,,,,,,,,,,,,,,,,,,,,,,,,,,,,,,,,,,,,,
31-01-2026,INDIAN OVERSEAS BANK CD (27/03/2026),Banks,Certificate Of Deposit,A1+,INE565A16BO1,,,,,,,,,,,,,,,,,,,6.812247523,,,,,,,,,,,,,,,,,,,,,,,,,,,,,,,,,,,,,,,,,,,,,,,,,
31-01-2026,INDUSIND BANK LTD. CD (04/06/2026),Banks,Certificate Of Deposit,A1+,INE095A163C0,,,,,,,,,,,,,,,,,,,,,,,,,,,,,,,,1.598700931,,,,,,,,,,,,,,,,,,,,,,,,,,,,,,,,,,,4.288173863,
31-01-2026,INDUSIND BANK LTD. CD (09/03/2026),Banks,Certificate Of Deposit,A1+,INE095A166B5,,,,,,,,,,,,,,,,,,,,,,,,,,,,,,,,1.183929089,,,,,,,,,,,,,,,,,,,,,,,,,,,,,,,,,,,1.091625207,
31-01-2026,INDUSIND BANK LTD. CD (13/02/2026),Banks,Certificate Of Deposit,A1+,INE095A168B1,,,,,,,,,,,,,,,,,,,2.327263164,,,,,,,,,,,,,,,,,,,,,,,,,,,,,,,,,,,,,,,,,,,,,,,,,
31-01-2026,INDUSIND BANK LTD. CD (22/01/2027),Banks,Certificate Of Deposit,A1+,INE095A168C9,,,,,,,,,,,,,,,,,,,,,,,,,,,,,,,,2.222891988,,,,,,,,,,,,,,,,,,,,,,,,,,,,,,,,,,,,
31-01-2026,INDUSIND BANK LTD. CD (25/05/2026),Banks,Certificate Of Deposit,A1+,INE095A169B9,,,,,,,,,,,,,,,,,,,,,,,,,,,,,,,,0.873764642,,,,,,,,,,,,,,,,,,,,,,,,,,,,,,,,,,,,
31-01-2026,INDUSIND BANK LTD. CD (28/05/2026),Banks,Certificate Of Deposit,A1+,INE095A161C4,,,,,,,,,,,,,,,,,,,,,,,,,,,,,,,,1.746479746,,,,,,,,,,,,,,,,,,,,,,,,,,,,,,,,,,,,
31-01-2026,JAMMU AND KASHMIR BANK LTD. CD (02/04/2026),Banks,Certificate Of Deposit,A1+,INE168A16MZ7,,,,,,,,,,,,,,,,,,,,,,,,,,,,,,,,1.471554093,,,,,,,,,,,,,,,,,,,,,,,,,,,,,,,,,,,,
31-01-2026,JAMMU AND KASHMIR BANK LTD. CD (26/05/2026),Banks,Certificate Of Deposit,A1+,INE168A16NB6,,,,,,,,,,,,,,,,,,,,,,,,,,,,,,,,0.436575237,,,,,,,,,,,,,,,,,,,,,,,,,,,,,,,,,,,1.073434861,
31-01-2026,KARUR VYSYA BANK LTD. CD (09/02/2026),Banks,Certificate Of Deposit,A1+,INE036D16JG6,,,,,,,,,,,,,,,,,,,1.397365472,,,,,,,,,,,,,,,,,,,,,,,,,,,,,,,,,,,,,,,,,,,,,,,,,
31-01-2026,KARUR VYSYA BANK LTD. CD (12/03/2026),Banks,Certificate Of Deposit,A1+,INE036D16II4,,,,,,,,,,,,,,,,,,,,,,,,,,,,,,,,0.591615294,,,,,,,,,,,,,,,,,,,,,,,,,,,,,,,,,,,,
31-01-2026,KARUR VYSYA BANK LTD. CD (23/11/2026),Banks,Certificate Of Deposit,A1+,INE036D16JK8,,,,,,,,,,,,,,,,,,,,,,,,,,,,,,,,,,,,,,,,,,,,,,,,,,,,,,,,,,,,,,,,,,,5.183545334,
31-01-2026,KOTAK MAHINDRA BANK LTD. CD (24/03/2026),Banks,Certificate Of Deposit,A1+,INE237AD6026,,,,,,,,,,,,,,,,,,,,,,,,,,,,,,,,0.516718962,,,,,,,,,,,,,,,,,,,,,,,,,,,,,,,,,,,,
31-01-2026,KOTAK MAHINDRA BANK LTD. CD (27/11/2026),Banks,Certificate Of Deposit,A1+,INE237AD6091,,,,,,,,,,,,,,,,,,,,,,,,,,,,,,,,2.816266645,,,,,,,,,,,,,,,,,,,,,,,,,,,,,,,,,,,,
31-01-2026,MASHREQ BANK PSC CD (27/02/2026),Banks,Certificate Of Deposit,A1+,INE0JOL16041,,,,,,,,,,,,,,,,,,,,,,,,,,,,,,,,0.741351787,,,,,,,,,,,,,,,,,,,,,,,,,,,,,,,,,,,1.093684823,
31-01-2026,PUNJAB NATIONAL BANK CD (03/03/2026),Banks,Certificate Of Deposit,A1+,INE160A16TR6,,,,,,,,,,,,,,,,,,,0.695889517,,,,,,,,,,,,,,,,,,,,,,,,,,,,,,,,,,,,,,,,,,,,,,,,,
31-01-2026,PUNJAB NATIONAL BANK CD (05/03/2026),Banks,Certificate Of Deposit,A1+,INE160A16TS4,,,,,,,,,,,,,,,,,,,,,,,,,,,,,,,,2.666361487,,,,,,,,,,,,,,,,,,,,,,,,,,,,,,,,,,,,
31-01-2026,PUNJAB NATIONAL BANK CD (12/02/2026),Banks,Certificate Of Deposit,A1+,INE160A16TG9,,,,,,,,,,,,,,,,,,,1.396688159,,,,,,,,,,,,,,,,,,,,,,,,,,,,,,,,,,,,,,,,,,,,,,,,,
31-01-2026,PUNJAB NATIONAL BANK CD (13/03/2026),Banks,Certificate Of Deposit,A1+,INE160A16TU0,,,,,,,,,,,,,,,,,,,1.157710917,,,,,,,,,,,,,,,,,,,,,,,,,,,,,,,,,,,,,,,,,,,,,,,,1.091072386,
31-01-2026,PUNJAB NATIONAL BANK CD (18/03/2026),Banks,Certificate Of Deposit,A1+,INE160A16RK5,,,,,,,,,,,,,,,,,3.964796293,,1.850658177,,,,,,,,,,,,,1.477820927,,,,,,,,,,,,,,,,,,,,,,,,,,,,,,,,,,,,
31-01-2026,PUNJAB NATIONAL BANK CD (25/03/2026),Banks,Certificate Of Deposit,A1+,INE160A16RP4,,,,,,,,,,,,,,,,,,,,,,,,,,,,,,,,,,,,,,,,,,,,,,,,,,,,,,,,,,,,,,,,,,,2.177405676,
31-01-2026,STATE BANK OF INDIA CD (27/03/2026),Banks,Certificate Of Deposit,A1+,INE062A16614,,,,,,,,,,,,,,,,,2.639186801,,,,,,,,,,,,,,,,,,,,,,,,,,,,,,,,,,,,,,,,,,,,,,,,,,,
31-01-2026,UNION BANK OF INDIA CD (26/05/2026),Banks,Certificate Of Deposit,A1+,INE692A16KG0,,,,,,,,,,,,,,,,,,,,,,,,,,,,,,,,0.582860203,,,,,,,,,,,,,,,,,,,,,,,,,,,,,,,,,,,5.374180735,
31-01-2026,UNION BANK OF INDIA CD (27/03/2026),Banks,Certificate Of Deposit,A1+,INE692A16KJ4,,,,,,,,,,,,,,,,,2.638928302,,,,,,,,,,,,,,,,,,,,,,,,,,,,,,,,,,,,,,,,,,,,,,,,,,,
31-01-2026,EXPORT IMPORT BANK OF INDIA CD (20/03/2026),Finance,Certificate Of Deposit,A1+,INE514E16CK7,,,,,,,,,,,,,,,,,,,,,,,,,,,,,,,,0.590929906,,,,,,,,,,,,,,,,,,,,,,,,,,,,,,,,,,,,
31-01-2026,NATIONAL BANK FOR AGRICULTURE AND RURAL DEVELOPMENT CD (10/03/2026),Finance,Certificate Of Deposit,A1+,INE261F16975,,,,,,,,,,,,,,,,,,,,,,,,,,,,,,,,1.47999778,,,,,,,,,,,,,,,,,,,,,,,,,,,,,,,,,,,,
31-01-2026,NATIONAL BANK FOR AGRICULTURE AND RURAL DEVELOPMENT CD (13/03/2026),Finance,Certificate Of Deposit,A1+,INE261F16983,,,,,,,,,,,,,,,,,,,,,,,,,,,,,,,,0.88751681,,,,,,,,,,,,,,,,,,,,,,,,,,,,,,,,,,,,
31-01-2026,NATIONAL BANK FOR AGRICULTURE AND RURAL DEVELOPMENT CD (17/02/2026),Finance,Certificate Of Deposit,A1+,INE261F16959,,,,,,,,,,,,,,,,,,,1.046551577,,,,,,,,,,,,,,,,,,,,,,,,,,,,,,,,,,,,,,,,,,,,,,,,,
31-01-2026,NATIONAL BANK FOR AGRICULTURE AND RURAL DEVELOPMENT CD (24/03/2026),Finance,Certificate Of Deposit,A1+,INE261F16991,,,,,,,,,,,,,,,,,,,5.661526419,,,,,,,,,,,,,,,,,,,,,,,,,,,,,,,,,,,,,,,,,,,,,,,,,
31-01-2026,NATIONAL BANK FOR AGRICULTURE AND RURAL DEVELOPMENT CD (27/02/2026),Finance,Certificate Of Deposit,A1+,INE261F16967,,,,,,,,,,,,,,,,,,,,,,,,,,,,,,,,1.186444166,,,,,,,,,,,,,,,,,,,,,,,,,,,,,,,,,,,,
31-01-2026,SMALL INDUSTRIES DEVELOPMENT BANK OF INDIA CD (05/05/2026),Finance,Certificate Of Deposit,A1+,INE556F16BH3,,,,,,,,,,,,,,,,,1.308186144,,,,,,,,,,,,,,,,,,,,,,,,,,,,,,,,,,,,,,,,,,,,,,,,,,,
31-01-2026,SMALL INDUSTRIES DEVELOPMENT BANK OF INDIA CD (06/11/2026),Finance,Certificate Of Deposit,A1+,INE556F16BQ4,,,,,,,,,,,,,,,,,,,,,,,,,,,,,,,,1.694222759,,,,,,,,,,,,,,,,,,,,,,,,,,,,,,,,,,,,
31-01-2026,SMALL INDUSTRIES DEVELOPMENT BANK OF INDIA CD (10/11/2026),Finance,Certificate Of Deposit,A1+,INE556F16BR2,,,,,,,,,,,,,,,,,1.261583086,,,,,,,,,,,,,,,0.564284391,,,,,,,,,,,,,,,,,,,,,,,,,,,,,,,,,,,,
31-01-2026,SMALL INDUSTRIES DEVELOPMENT BANK OF INDIA CD (11/03/2026),Finance,Certificate Of Deposit,A1+,INE556F16BD2,,,,,,,,,,,,,,,,,1.323257687,,,,,,,,,,,,,,,2.885368093,,,,,,,,,,,,,,,,,,,,,,,,,,,,,,,,,,,,
31-01-2026,SMALL INDUSTRIES DEVELOPMENT BANK OF INDIA CD (14/01/2027),Finance,Certificate Of Deposit,A1+,INE556F16BV4,,,,,,,,,,,,,,,,,1.247104492,,,,,,,,,,,,,,,,,,,,,,,,,,,,,,,,,,,,,,,,,,,,,,,,,,,
31-01-2026,SMALL INDUSTRIES DEVELOPMENT BANK OF INDIA CD (23/10/2026),Finance,Certificate Of Deposit,A1+,INE556F16BM3,2.309731107,,,,,,,,,,,,,,,,,,,,,,,,,,,,,,,,,,,,,,,,,,,,,,,,,,,,,,,,,,,,,,,,,,,
31-01-2026,SMALL INDUSTRIES DEVELOPMENT BANK OF INDIA CD (24/09/2026),Finance,Certificate Of Deposit,A1+,INE556F16BK7,,,,,,,,,,,,,,,,,0.63671836,,,,,,,,,,,,,,,,,,,,,,,,,,,,,,,,,,,,,,,,,,,,,,,,,,,
31-01-2026,SMALL INDUSTRIES DEVELOPMENT BANK OF INDIA CD (26/03/2026),Finance,Certificate Of Deposit,A1+,INE556F16BG5,,,,,,,,,,,,,,,,,,,,,,,,,,,,,,,,0.368912508,,,,,,,,,,,,,,,,,,,,,,,,,,,,,,,,,,,,
31-01-2026,SMALL INDUSTRIES DEVELOPMENT BANK OF INDIA CD (27/02/2026),Finance,Certificate Of Deposit,A1+,INE556F16BB6,,,,,,,,,,,,,,,,,3.979114991,,,,,,,,,,,,,,,,,,,,,,,,,,,,,,,,,,,,,,,,,,,,,,,,,,,
31-01-2026,SMALL INDUSTRIES DEVELOPMENT BANK OF INDIA CD (27/10/2026),Finance,Certificate Of Deposit,A1+,INE556F16BN1,,,,,,,,,,,,,,,,,,,,,,,,,,,,,,,,1.979982911,,,,,,,,,,,,,,,,,,,,,,,,,,,,,,,,,,,,
31-01-2026,SMALL INDUSTRIES DEVELOPMENT BANK OF INDIA CD (28/01/2027),Finance,Certificate Of Deposit,A1+,INE556F16BW2,,,,,,,,,,,,,,,,,,,,,,,,,,,,,,,,1.391311508,,,,,,,,,,,,,,,,,,,,,,,,,,,,,,,,,,,,
31-01-2026,SMALL INDUSTRIES DEVELOPMENT BANK OF INDIA CD (28/10/2026),Finance,Certificate Of Deposit,A1+,INE556F16BO9,,,,,,,,,,,,,,,,,,,,,,,,,,,,,,,,0.282801062,,,,,,,,,,,,,,,,,,,,,,,,,,,,,,,,,,,,
31-01-2026,TREPS/020226-L Lending,GOVT OF INDIA,TREPS  /  CBLO,SOV,,0.175046484,0.265880325,,,,,,,,,0.633309591,,,,,,,,1.226654433,,,,,,,,,0.541356323,,,,0.423097689,,,,,,,,,,,,,,,,,,,,,,,,9.84784413,,,,,0.167243727,,,1.401249845,,,0.74725515,
31-01-2026,Repo,,,,,0.552653144,1.98936837,0.07641556,1.228387865,0.266525312,0.013412033,0.388047366,0.346689138,1.219644541,,5.828529709,1.681684328,1.450095638,1.500159409,0.120239935,2.458672711,5.339815809,7.465378746,2.74492024,0.000724362,3.15345333,1.576385318,0.805037545,0.125883732,0.116875998,0.009482138,0.900285637,4.149564148,0.032648116,0.179164488,1.675718293,2.32608757,13.39786887,2.510359591,8.684640727,0.561726775,0.187651425,0.162891603,0.140124679,0.015674885,0.029673937,0.434564025,0.230683853,0.063650688,,0.053011009,0.08338737,0.044135882,0.008634462,0.197820687,0.020803557,0.157552758,,0.071735249,0.373256302,88.40534875,0.340659531,3.35459462,2.104919508,3.776337311,1.652031925,0.000743653,3.710545838,8.979307266,0.092928762,1.431328702,5.417608077,0.20273277
31-01-2026,SHIVSHAKTI SECURITISATION TRUST PTC 7.73% (28/09/2029),Telecom - Services,Securitised Debt - Debt,AAA,INE2I7G15010,,,,,,,,,,,,,0.617571374,,,,,,,,,,,,,,,,,,,,,,,,,,,,,,,,,,,,,,,,,,,,,2.924519932,0.95159283,,,,,,,,,
31-01-2026,SIDDHIVINAYAK SECURITISATION TRUST PTC 7.80% (28/09/2030),Telecom - Services,Securitised Debt - Debt,AAA,INE2I7F15012,,,,,,,,,2.428344569,,,,,,,,,,,,,,,,,,,,,,,,,,,,,,,,,,,,,,,,,,,,,,,,,,,,,,,,,,,
31-01-2026,INDIA UNIVERSAL TRUST AL1 SERIES A2 PTC 8.12% (20/07/2027),Finance,Securitised Debt - Debt,AAA(SO),INE16J715027,,,,,,,,,,,,,,,,,0.538986539,,,,,,,,,,,,,,,,,,,,,,,,,,,,,,,,,,,,,,,,,,,,,,,0.492941827,,,,
31-01-2026,INDIA UNIVERSAL TRUST AL1 SERIES A3 PTC 8.20% (20/09/2030),Finance,Securitised Debt - Debt,AAA(SO),INE16J715035,,0.446329097,,,,,,,1.045657543,,,,,,,,,,,,,,,,,,,,,,,,,,,,,,,,,,,,,,,,,,,,,,,,,,,,,,,,,,,
31-01-2026,INDIA UNIVERSAL TRUST AL1- SERIES A1 PTC 8.02% (20/09/2026),Finance,Securitised Debt - Debt,AAA(SO),INE16J715019,,,,,,,,,,,,,,,,,0.134950975,,,,,,,,,,,,,,,,,,,,,,,,,,,,,,,,,,,,,,,,,,,,,,,0.382609256,,,,
31-01-2026,INDIA UNIVERSAL TRUST AL2 SERIES A1 PTC 8.03% (21/11/2026),Finance,Securitised Debt - Debt,AAA(SO),INE1CBK15011,,0.052051247,,,,,,,,,,,,,,,0.163014003,,,,,,,,,,,,,,,,,,,,,,,,,,,,,,,,,,,,,,,,,,,,,,,,,,,
31-01-2026,INDIA UNIVERSAL TRUST AL2 SERIES A2 PTC 8.09% (21/11/2027),Finance,Securitised Debt - Debt,AAA(SO),INE1CBK15029,,,,,,,,,,,,,,,,,,,,,,,,,,,,,,,,,,,,,,,,,,,,,,,,,,,,,,,,,,,,,,,,0.72688135,,,,
31-01-2026,INDIA UNIVERSAL TRUST AL2 SERIES A3 PTC 8.17% (21/11/2030),Finance,Securitised Debt - Debt,AAA(SO),INE1CBK15037,,0.070601241,,,,,,,0.55503425,,,,,,,,,,,,,,,,,,,,,,,,,,,,,,,,,,,,,,,,,,,,,,,,,,,,,,,,,,,
31-01-2026,SANSAR JAN 2025 SR A1 PTC 8.60% (25/04/2031),Finance,Securitised Debt - Debt,AAA(SO),INE1WMT15017,,0.478312059,,,,,,,1.218605317,,,,1.238946413,,,,,3.654375613,,,,,,,,,,,,,,,,,,,,,,,,,,,,,,,,,,,,,,,,,,,,,,,,,,
31-01-2026,SANSAR JUNE 2024 SR A1 PTC 8.85% (25/06/2030),Finance,Securitised Debt - Debt,AAA(SO),INE0YWN15017,,0.356113451,,,,,,,0.612412279,,,,,,,,,,,,,,,,,,,,,,,,,,,,,,,,,,,,,,,,,,,,,,,,,,,,,,,0.764999524,,,,
31-01-2026,SILVER PHYSICAL -PURITY 999,Precious Metals,PHYSICAL SILVER - ETF,,,,,,,,,,,,,,,,,,,,,,,,,,,,,,,,,,,,,,,,,,,,,,,,,,,,,,,,,,,,,,,,97.99395324,,,,,,
31-01-2026,SBIMF AIF - CAT I (CDMDF)27/10/2038,Finance,AIF -CAT ii,,INF0RQ622028,,,,,,,,,0.279258915,,,,,,,,0.267901366,0.590492151,0.313934853,,,,,,,,,,,,,0.296345427,,,,,,,,,,,,,,,,,,,,,,,,,,,,,,,,0.29740111,,,0.278656557,
31-01-2026,TATA GOLD EXCHANGE TRADED FUND,CAPITAL MARKETS,MUTUAL FUND UNITS -  COMMODITY ETF,,INF277KA1976,,,,,,,,,,,,,,,,,,,,,97.94831684,,,,,,,,,,,,3.389219351,,,,,,,,,,,,,,,,,,,,,,,,,,,,,,,,,,,
31-01-2026,TATA SILVER EXCHANGE TRADED FUND,CAPITAL MARKETS,MUTUAL FUND UNITS -  COMMODITY ETF,,INF277KA1984,,,,,,,,,,,,,,,,,,,,,,,,,,,,,,,,,,,,,,,,,,,,,,,,,,,,,,,,,,,,,,,99.59712659,,,,,
31-01-2026,GOLD PHYSICAL -  -PURITY  995,Precious Metals,PHYSICAL GOLD FOR ETF,,,,,,,,,,,,,,,,,,,,,,97.77174892,,,,,,,,,,,,,,,,,,,,,,,,,,,,,,,,,,,,,,,,,,,,,,,,
31-01-2026,BROOKFIELD INDIA REAL ESTATE TRUST,Realty,REIT UNITS,,INE0FDU25010,,1.555028907,,,,,,,,,,1.207693123,,,,,,,,,,,,,,,,,,,1.052721856,,,1.170355495,,,,,,,,,,,,,,,,,,,,,,,,,,,,,,,,,,2.021287665
31-01-2026,NEXUS SELECT TRUST,Realty,REIT UNITS,,INE0NDH25011,,0.989203717,,,,,,,,,,,,,,,,,,,,,,,,,,,,,,,,,,,,,,,,,,,,,,,,,,,,,,,,,,,,,,,,,,
31-01-2026,TATA CORPORATE BOND FUND,CAPITAL MARKETS,Mutual Fund Units - Open Ended Debt,,INF277KA1224,,0.583661816,,,,,,,,,,,1.360645482,,,,,,,,,,,,,,,,60.84572353,,,,,,,,,,,,,,,,,,,,,,,,,,,,,,,,,,,,,,,
31-01-2026,TATA MONEY MARKET FUND,CAPITAL MARKETS,Mutual Fund Units - Open Ended Debt,,INF277K01PR6,10.8463814,,,,,,,,,,,0.363211695,,,,,,,,,,,,,,,,,,,,,,,2.908678829,,,,,,,,,,,,,,,,,,,,,,,,,,,,,,,,,
31-01-2026,TATA NIFTY SDL PLUS AAA PSU BOND DEC 2027 60 40 INDEX FUND,CAPITAL MARKETS,Mutual Fund Units - Open Ended Debt,,INF277KA1372,,,,,,,,,,,,,,,,,,,,,,,,,,,,,,,,,,,,,,,,,,,,,,,,,,,,,,,,,,,,,,,,0.195370096,,,,
31-01-2026,TATA SHORT TERM BOND FUND,CAPITAL MARKETS,Mutual Fund Units - Open Ended Debt,,INF277K01QR4,,,,,,,,,,,,,,,,,,,,,,,,,,,,,,,,,,,2.021736844,,,,,,,,,,,,,,,,,,,,,,,,,,,,,,,,,
31-01-2026,TATA TREASURY ADVANTAGE FUND,CAPITAL MARKETS,Mutual Fund Units - Open Ended Debt,,INF277K01OK4,,,,,,,,,,,,,,,,,,,,,,,,,,,,,,,,,0.620286953,,,,,,,,,,,,,,,,,,,,,,,,,,,,,,,,,,,
31-01-2026,TATA ARBITRAGE FUND,CAPITAL MARKETS,Mutual Fund Units-Open Ended Equity,,INF277K017Q3,,,,,,,,,,,,,,,,,,,,,,,,,,,,,39.15898349,,,,,,,,,,,,,,,,,,,,,,,,,,,,,,,,,,,,,,,
31-01-2026,TATA NIFTY INDIA DIGITAL EXCHANGE TRADED FUND,CAPITAL MARKETS,Mutual Fund Units-Open Ended Equity,,INF277KA1364,,,0.000558408,,,,,,,,,,,,,,,,,,,,,,,,,,,,,,,,,,,,,,,,,,99.81607906,,,,,,,,,,,,,,,,,,,,,,,
31-01-2026,Net Current Asset,,,,,0.706533801,1.996740526,1.930641588,0.874777119,-0.165875559,0.046159784,-0.626483906,1.739034378,4.634251951,7.24216863,1.694367537,0.3429929,0.757027456,0.912058049,7.749912623,4.310249783,1.0927968,1.727189563,-1.004151628,2.227526717,-1.101770166,2.533662002,2.880303458,5.772500327,-0.084820119,0.042630074,0.734394151,0.051182477,-0.037355133,0.747540827,1.930592918,-0.047461487,-9.295763083,3.767927267,2.346596796,1.346123281,-0.235189904,-0.27094969,-0.281974732,0.062225949,-0.150464346,1.462126557,1.369866354,0.279024914,0.183920937,-0.221672397,-0.248858751,-0.071789944,-0.018999963,-0.348590262,-0.041143637,-0.260483407,0.223391033,-0.252430119,1.550148526,0.030597828,1.288283828,1.406580591,0.966222123,1.688337256,5.215905705,2.005303104,-3.307672429,2.385951959,1.499687273,3.770537149,1.718697655,0.220416725
,,,,,,100,100,100,100,100,100,100,100,100,100,100,100,100,100,100,100,100,100,100,100,100,100,100,100,100,100,100,100,100,100,100,100,100,100,100,100,100,100,100,100,100,100,100,100,100,100,100,100,100,100,100,100,100,100,100,100,100,100,100,100,100,100,100,100,100,100,100,100
